employee_id,first_name,last_name,employee_name,department_id,department_name,division,job_role,job_level,business_travel,hire_date,termination_date,current_status,attrition_flag,tenure_years,tenure_cohort,tenure_cohort_sort,gender,age,marital_status,education_level,distance_from_home,manager_id,manager_name,monthly_income,income_pct_rank_in_role,income_quartile_in_role,income_quartile_label,pct_vs_role_average,stock_option_level,salary_hike_pct,latest_review_date,performance_rating,job_satisfaction,environment_satisfaction,work_life_balance,overtime_flag,voluntary_flag
1,Leila,Halvorsen,Leila Halvorsen,1,Sales,Go-To-Market,Sales Executive,2,Travel_Rarely,2018-01-12,2024-12-08,Terminated,1,6.9,5-10 yr,4,Female,41,Single,College,1,2056.0,Grace Krishnan,5993,0.4585,2,Q2,-13.4,0,11.0,2024-11-22,3,4,2,1,Yes,1
4,Aarav,Fitzgerald,Aarav Fitzgerald,2,Engineering,Technology,QA Engineer,1,Travel_Rarely,2024-03-12,2024-11-26,Terminated,1,0.71,0-1 yr,1,Male,37,Single,College,2,1837.0,Diego Whitfield,2090,0.0891,1,Q1 (lowest paid in role),-35.4,0,15.0,2024-11-21,3,3,4,3,Yes,1
19,Mira,Vandenberg,Mira Vandenberg,2,Engineering,Technology,QA Engineer,1,Travel_Rarely,2020-02-24,2025-01-31,Terminated,1,4.94,3-5 yr,3,Male,28,Single,Bachelor,24,575.0,Soren Bergman,2028,0.062,1,Q1 (lowest paid in role),-37.4,0,14.0,2025-01-18,3,3,3,3,Yes,1
27,Chloe,Sharma,Chloe Sharma,1,Sales,Go-To-Market,Sales Representative,1,Travel_Rarely,2020-04-25,2025-08-19,Terminated,1,5.32,5-10 yr,4,Male,36,Single,Master,9,244.0,Divya Navarro,3407,0.8902,4,Q4 (highest paid in role),29.7,0,23.0,2025-08-13,4,1,3,3,No,0
31,Divya,Rossi,Divya Rossi,2,Engineering,Technology,Software Engineer,1,Travel_Rarely,2019-12-04,2024-04-18,Terminated,1,4.37,3-5 yr,3,Male,34,Single,Below College,6,1422.0,Isabel Vandenberg,2960,0.5464,3,Q3,-8.6,0,11.0,2024-03-29,3,1,2,3,No,1
33,Freya,Quintero,Freya Quintero,2,Engineering,Technology,Software Engineer,1,Travel_Frequently,2013-07-27,2024-07-03,Terminated,1,10.93,10 yr+,5,Female,32,Single,Below College,16,901.0,Chloe Mbeki,3919,0.7595,4,Q4 (highest paid in role),21.0,0,22.0,2024-06-24,4,1,2,3,Yes,0
42,Bruno,Halvorsen,Bruno Halvorsen,1,Sales,Go-To-Market,Sales Representative,2,Travel_Rarely,2023-10-25,2025-08-14,Terminated,1,1.8,1-3 yr,2,Male,39,Married,Bachelor,5,2056.0,Grace Krishnan,2086,0.1707,1,Q1 (lowest paid in role),-20.6,1,14.0,2025-08-07,3,4,4,4,No,1
45,Bruno,Ibrahim,Bruno Ibrahim,2,Engineering,Technology,Software Engineer,1,Travel_Rarely,2021-11-17,2024-02-20,Terminated,1,2.26,1-3 yr,2,Male,24,Married,Bachelor,1,1666.0,Soren Marchetti,2293,0.1787,1,Q1 (lowest paid in role),-29.2,1,16.0,2024-02-19,3,4,2,2,Yes,1
47,Mira,Bergman,Mira Bergman,1,Sales,Go-To-Market,Sales Representative,1,Travel_Rarely,2022-01-14,2025-12-15,Terminated,1,3.92,3-5 yr,3,Male,50,Married,College,3,118.0,Anika Bergman,2683,0.5854,3,Q3,2.2,0,14.0,2025-12-02,3,3,1,3,Yes,1
55,Marcus,Rossi,Marcus Rossi,2,Engineering,Technology,QA Engineer,1,Travel_Rarely,2023-08-08,2025-04-11,Terminated,1,1.68,1-3 yr,2,Male,26,Single,Bachelor,25,661.0,Andre Nowak,2293,0.186,1,Q1 (lowest paid in role),-29.2,0,12.0,2025-04-05,3,3,1,2,No,0
58,Isabel,Hassan,Isabel Hassan,2,Engineering,Technology,Engineering Director,5,Travel_Rarely,2003-05-05,2025-07-29,Terminated,1,22.23,10 yr+,5,Female,41,Married,Bachelor,12,1770.0,Lena Ferreira,19545,0.9241,4,Q4 (highest paid in role),21.9,0,12.0,2025-07-27,3,3,2,3,No,0
64,Nikolai,Novak,Nikolai Novak,2,Engineering,Technology,QA Engineer,3,Travel_Rarely,2023-02-16,2024-11-19,Terminated,1,1.76,1-3 yr,2,Male,48,Single,College,1,1061.0,Claire Sharma,5381,0.9419,4,Q4 (highest paid in role),66.2,0,13.0,2024-11-16,3,3,1,3,Yes,1
65,Viktor,Kaur,Viktor Kaur,2,Engineering,Technology,QA Engineer,1,Travel_Rarely,2022-10-12,2025-04-06,Terminated,1,2.48,1-3 yr,2,Male,28,Single,Master,5,575.0,Soren Bergman,3441,0.624,3,Q3,6.3,0,13.0,2025-04-05,3,3,3,2,Yes,1
90,Lena,Ortega,Lena Ortega,2,Engineering,Technology,Software Engineer,1,Travel_Rarely,2024-01-02,2025-08-31,Terminated,1,1.66,1-3 yr,2,Male,36,Married,Bachelor,9,1424.0,Rahul Novak,3388,0.6495,3,Q3,4.6,1,17.0,2025-08-25,3,3,4,2,Yes,0
118,Anika,Bergman,Anika Bergman,1,Sales,Go-To-Market,Sales Executive,3,Travel_Rarely,2015-06-15,2025-04-08,Terminated,1,9.82,5-10 yr,4,Male,46,Single,College,9,1138.0,Caleb Quintero,9619,0.8338,4,Q4 (highest paid in role),38.9,0,16.0,2025-04-04,3,4,3,3,No,1
133,Samir,Castellanos,Samir Castellanos,3,HR,Corporate Services,HR Generalist,1,Travel_Rarely,2022-01-01,2025-04-22,Terminated,1,3.3,3-5 yr,3,Male,37,Divorced,Master,6,1098.0,Jonas Novak,2073,0.0392,1,Q1 (lowest paid in role),-51.1,0,22.0,2025-04-11,4,1,3,3,Yes,1
137,Chloe,Grimaldi,Chloe Grimaldi,2,Engineering,Technology,QA Engineer,1,Travel_Frequently,2023-08-09,2025-02-03,Terminated,1,1.49,1-3 yr,2,Female,20,Single,Bachelor,6,612.0,Soren Castellanos,2926,0.5039,3,Q3,-9.6,0,18.0,2025-01-29,3,4,4,3,Yes,1
142,Yuki,Petrov,Yuki Petrov,1,Sales,Go-To-Market,Sales Executive,2,Travel_Rarely,2019-01-27,2025-10-21,Terminated,1,6.73,5-10 yr,4,Male,25,Single,Bachelor,5,2055.0,Oscar Bakker,5744,0.4308,2,Q2,-17.0,0,11.0,2025-10-09,3,3,3,3,Yes,1
147,Zara,Kowalski,Zara Kowalski,2,Engineering,Technology,QA Engineer,2,Travel_Frequently,2015-03-25,2025-03-08,Terminated,1,9.95,5-10 yr,4,Male,34,Single,Bachelor,7,1069.0,Divya Krishnan,6074,0.9806,4,Q4 (highest paid in role),87.6,0,24.0,2025-03-06,4,3,1,3,Yes,0
161,Aisha,Bakker,Aisha Bakker,2,Engineering,Technology,Software Engineer,1,Travel_Rarely,2018-07-22,2024-07-20,Terminated,1,6.0,5-10 yr,4,Female,56,Married,Master,14,1255.0,Claire Reyes,4963,0.9038,4,Q4 (highest paid in role),53.2,3,18.0,2024-07-02,3,2,2,3,Yes,1
163,Viktor,Hassan,Viktor Hassan,1,Sales,Go-To-Market,Sales Executive,2,Travel_Rarely,2016-04-08,2024-01-24,Terminated,1,7.79,5-10 yr,4,Male,31,Married,Master,6,1968.0,Andre Ortega,6172,0.4831,2,Q2,-10.9,0,18.0,2024-01-19,3,3,2,2,Yes,1
165,Ingrid,Aoki,Ingrid Aoki,6,Customer Support,Go-To-Market,Support Representative,3,Travel_Rarely,1984-05-02,2024-06-08,Terminated,1,40.1,10 yr+,5,Female,58,Married,Master,23,258.0,Tobias Simonsen,10312,0.8154,4,Q4 (highest paid in role),37.0,1,12.0,2024-05-29,3,4,4,2,No,1
167,Nadia,Kaur,Nadia Kaur,1,Sales,Go-To-Market,Sales Representative,1,Travel_Rarely,2024-01-16,2024-05-04,Terminated,1,0.3,0-1 yr,1,Male,19,Single,Below College,22,302.0,Diego Ramos,1675,0.0854,1,Q1 (lowest paid in role),-36.2,0,19.0,2024-04-27,3,3,4,2,Yes,0
175,Caleb,Fitzgerald,Caleb Fitzgerald,1,Sales,Go-To-Market,Sales Executive,2,Travel_Rarely,2022-03-27,2024-06-25,Terminated,1,2.25,1-3 yr,2,Female,31,Married,Bachelor,20,1319.0,Sofia Castellanos,4559,0.1231,1,Q1 (lowest paid in role),-34.2,1,11.0,2024-06-11,3,3,2,3,Yes,1
179,Aarav,Duarte,Aarav Duarte,5,Operations,Technology,Operations Director,3,Travel_Frequently,2020-09-17,2025-09-11,Terminated,1,4.98,3-5 yr,3,Male,51,Single,Master,8,867.0,Aarav Navarro,10650,0.8819,4,Q4 (highest paid in role),46.0,0,15.0,2025-08-23,3,4,1,3,No,1
190,Hugo,Ramos,Hugo Ramos,2,Engineering,Technology,QA Engineer,1,Travel_Rarely,2018-06-17,2024-04-24,Terminated,1,5.85,5-10 yr,4,Female,32,Single,Bachelor,9,1472.0,Divya Lindqvist,4200,0.8256,4,Q4 (highest paid in role),29.7,0,22.0,2024-04-06,4,1,1,4,No,1
235,Daniel,Cardoso,Daniel Cardoso,1,Sales,Go-To-Market,Sales Representative,1,Travel_Frequently,2024-06-06,2024-09-09,Terminated,1,0.26,0-1 yr,1,Female,19,Single,Below College,1,302.0,Diego Ramos,2325,0.3537,2,Q2,-11.5,0,21.0,2024-09-03,4,1,3,4,No,1
243,Hannah,Haddad,Hannah Haddad,2,Engineering,Technology,QA Engineer,1,Travel_Rarely,2023-03-21,2024-04-04,Terminated,1,1.04,1-3 yr,2,Male,19,Single,Bachelor,2,612.0,Soren Castellanos,1102,0.0,1,Q1 (lowest paid in role),-66.0,0,22.0,2024-03-20,4,4,2,2,No,1
248,Nikolai,Simonsen,Nikolai Simonsen,1,Sales,Go-To-Market,Sales Representative,1,Travel_Rarely,2020-03-13,2024-10-30,Terminated,1,4.63,3-5 yr,3,Female,41,Single,College,20,118.0,Anika Bergman,3140,0.8537,4,Q4 (highest paid in role),19.6,0,22.0,2024-10-14,4,2,2,2,Yes,1
261,Elena,Osei,Elena Osei,5,Operations,Technology,Operations Director,2,Travel_Rarely,2023-08-10,2025-07-06,Terminated,1,1.91,1-3 yr,2,Male,35,Married,College,23,1026.0,Nadia Mbeki,5916,0.3889,2,Q2,-18.9,0,13.0,2025-06-25,3,3,2,3,Yes,1
282,Nikolai,Moreau,Nikolai Moreau,6,Customer Support,Go-To-Market,Support Representative,2,Travel_Rarely,2023-12-02,2025-02-03,Terminated,1,1.17,1-3 yr,2,Male,38,Married,Below College,29,119.0,Fatima Novak,6673,0.4615,2,Q2,-11.4,0,19.0,2025-01-26,3,1,2,3,Yes,1
283,Isabel,Quintero,Isabel Quintero,1,Sales,Go-To-Market,Sales Executive,3,Travel_Rarely,2013-06-06,2024-04-28,Terminated,1,10.89,10 yr+,5,Female,29,Married,Bachelor,27,404.0,Nadia Kowalski,7639,0.6738,3,Q3,10.3,3,22.0,2024-04-28,4,4,2,2,No,1
291,Grace,Vandenberg,Grace Vandenberg,1,Sales,Go-To-Market,Sales Executive,3,Travel_Rarely,2011-01-07,2025-05-17,Terminated,1,14.36,10 yr+,5,Male,32,Married,Master,4,1039.0,Soren Novak,10400,0.9077,4,Q4 (highest paid in role),50.2,0,11.0,2025-05-05,3,4,4,2,No,1
297,Ingrid,Moreau,Ingrid Moreau,2,Engineering,Technology,Software Engineer,1,Travel_Rarely,2019-01-28,2025-01-17,Terminated,1,5.97,5-10 yr,4,Female,30,Single,Bachelor,3,1539.0,Camila Dubois,2657,0.3849,2,Q2,-18.0,0,11.0,2025-01-05,3,1,4,3,Yes,1
299,Felix,Bakker,Felix Bakker,1,Sales,Go-To-Market,Sales Executive,2,Travel_Frequently,2018-12-15,2025-08-04,Terminated,1,6.64,5-10 yr,4,Female,30,Single,Master,26,1319.0,Sofia Castellanos,6696,0.5754,3,Q3,-3.3,0,15.0,2025-07-30,3,1,3,2,No,1
300,Rahul,Duarte,Rahul Duarte,2,Engineering,Technology,Software Engineer,1,Travel_Rarely,2019-09-12,2025-11-10,Terminated,1,6.16,5-10 yr,4,Male,29,Single,Bachelor,1,1539.0,Camila Dubois,2058,0.0653,1,Q1 (lowest paid in role),-36.5,0,14.0,2025-11-04,3,3,3,2,No,1
315,Nina,Kowalski,Nina Kowalski,2,Engineering,Technology,Software Engineer,1,Travel_Rarely,2021-05-21,2025-11-12,Terminated,1,4.48,3-5 yr,3,Male,29,Single,Below College,18,1539.0,Camila Dubois,2389,0.2509,2,Q2,-26.3,0,13.0,2025-11-05,3,4,3,2,Yes,1
325,Marcus,Osei,Marcus Osei,2,Engineering,Technology,QA Engineer,1,Travel_Rarely,2019-11-12,2025-08-19,Terminated,1,5.77,5-10 yr,4,Male,33,Married,Bachelor,14,901.0,Chloe Mbeki,2436,0.2907,2,Q2,-24.7,1,13.0,2025-08-13,3,4,3,1,Yes,0
328,Rahul,Grimaldi,Rahul Grimaldi,2,Engineering,Technology,QA Engineer,1,Travel_Rarely,2014-09-17,2024-01-31,Terminated,1,9.37,5-10 yr,4,Female,33,Married,College,2,901.0,Chloe Mbeki,2707,0.4264,2,Q2,-16.4,0,20.0,2024-01-15,4,1,1,4,No,1
331,Omar,Krishnan,Omar Krishnan,2,Engineering,Technology,QA Engineer,1,Travel_Rarely,2021-03-13,2024-05-23,Terminated,1,3.2,3-5 yr,3,Male,32,Single,Bachelor,1,1472.0,Divya Lindqvist,3730,0.7132,3,Q3,15.2,0,14.0,2024-05-04,3,3,4,1,Yes,1
342,Andre,Navarro,Andre Navarro,5,Operations,Technology,Operations Director,3,Travel_Frequently,2023-05-26,2025-04-02,Terminated,1,1.85,1-3 yr,2,Male,37,Divorced,Bachelor,10,1367.0,Isabel Duarte,10048,0.8056,4,Q4 (highest paid in role),37.7,2,11.0,2025-03-13,3,3,1,3,No,1
355,Claire,Petrov,Claire Petrov,2,Engineering,Technology,QA Engineer,1,Travel_Frequently,2019-05-11,2024-05-20,Terminated,1,5.03,5-10 yr,4,Male,31,Single,College,29,997.0,Leila Krishnan,3479,0.6434,3,Q3,7.5,0,11.0,2024-05-09,3,2,3,4,No,0
364,Aisha,Kaur,Aisha Kaur,2,Engineering,Technology,QA Engineer,1,Travel_Rarely,2023-10-24,2024-03-28,Terminated,1,0.43,0-1 yr,1,Male,28,Single,Master,2,575.0,Soren Bergman,3485,0.6473,3,Q3,7.7,0,11.0,2024-03-08,3,3,1,1,No,1
376,Divya,Nakamura,Divya Nakamura,4,Finance,Corporate Services,Finance Manager,3,Non-Travel,2013-11-08,2024-07-26,Terminated,1,10.71,10 yr+,5,Male,47,Married,Master,29,1578.0,Tariq Pashkov,11849,0.0297,1,Q1 (lowest paid in role),-31.0,1,12.0,2024-07-25,3,2,1,2,Yes,1
392,Isabel,Petrov,Isabel Petrov,2,Engineering,Technology,QA Engineer,1,Travel_Frequently,2023-05-24,2025-05-22,Terminated,1,2.0,1-3 yr,2,Male,44,Divorced,Bachelor,24,999.0,Jonas Mbeki,3161,0.5543,3,Q3,-2.4,1,22.0,2025-05-03,4,3,4,1,Yes,0
394,Ethan,Mbeki,Ethan Mbeki,2,Engineering,Technology,QA Engineer,1,Travel_Rarely,2020-07-26,2024-07-04,Terminated,1,3.94,3-5 yr,3,Male,26,Divorced,Master,16,661.0,Andre Nowak,2373,0.2364,1,Q1 (lowest paid in role),-26.7,1,13.0,2024-07-01,3,2,1,3,Yes,0
401,Daniel,Grimaldi,Daniel Grimaldi,1,Sales,Go-To-Market,Sales Executive,2,Travel_Rarely,2017-04-18,2025-10-21,Terminated,1,8.51,5-10 yr,4,Male,26,Single,Master,4,2055.0,Oscar Bakker,5828,0.4462,2,Q2,-15.8,0,12.0,2025-10-01,3,4,4,3,Yes,0
405,Rahul,Larsen,Rahul Larsen,2,Engineering,Technology,QA Engineer,1,Travel_Rarely,2024-11-25,2025-10-22,Terminated,1,0.91,0-1 yr,1,Male,18,Single,Bachelor,3,612.0,Soren Castellanos,1420,0.0194,1,Q1 (lowest paid in role),-56.1,0,13.0,2025-10-07,3,3,3,3,No,1
433,Ethan,Cardoso,Ethan Cardoso,2,Engineering,Technology,Software Engineer,2,Travel_Rarely,2015-02-15,2024-01-17,Terminated,1,8.92,5-10 yr,4,Male,52,Married,Master,8,638.0,Kwame Cardoso,4941,0.9003,4,Q4 (highest paid in role),52.5,0,15.0,2024-01-05,3,2,3,2,No,0
440,Marcus,Delacroix,Marcus Delacroix,2,Engineering,Technology,Software Engineer,1,Travel_Rarely,2020-09-24,2024-07-10,Terminated,1,3.79,3-5 yr,3,Male,28,Married,Master,2,575.0,Soren Bergman,3464,0.6804,3,Q3,6.9,0,13.0,2024-07-07,3,4,1,2,Yes,1
445,Jonas,Mehta,Jonas Mehta,1,Sales,Go-To-Market,Sales Executive,2,Travel_Rarely,2024-02-25,2025-12-10,Terminated,1,1.79,1-3 yr,2,Female,39,Married,College,3,2056.0,Grace Krishnan,5238,0.2892,2,Q2,-24.4,0,18.0,2025-11-24,3,3,4,2,Yes,0
454,Ingrid,Bergman,Ingrid Bergman,2,Engineering,Technology,QA Engineer,1,Travel_Rarely,2017-12-07,2025-07-11,Terminated,1,7.59,5-10 yr,4,Male,29,Married,Master,8,1539.0,Camila Dubois,2119,0.1085,1,Q1 (lowest paid in role),-34.5,0,11.0,2025-07-05,3,1,2,2,Yes,1
478,Nadia,Hassan,Nadia Hassan,1,Sales,Go-To-Market,Sales Representative,1,Travel_Frequently,2021-08-05,2024-10-04,Terminated,1,3.16,3-5 yr,3,Female,21,Single,Below College,1,1869.0,Aisha Silva,2174,0.2195,1,Q1 (lowest paid in role),-17.2,0,11.0,2024-09-19,3,2,1,3,Yes,0
485,Aisha,Kaur,Aisha Kaur,1,Sales,Go-To-Market,Sales Representative,1,Travel_Rarely,2022-05-31,2024-03-21,Terminated,1,1.81,1-3 yr,2,Female,33,Single,Bachelor,5,580.0,Yuki Nowak,2851,0.7195,3,Q3,8.6,0,13.0,2024-03-19,3,3,4,3,Yes,1
488,Daniel,Sharma,Daniel Sharma,1,Sales,Go-To-Market,Sales Executive,2,Travel_Frequently,2015-05-11,2024-02-27,Terminated,1,8.8,5-10 yr,4,Male,41,Single,Bachelor,4,2056.0,Grace Krishnan,9355,0.8154,4,Q4 (highest paid in role),35.1,0,18.0,2024-02-14,3,2,1,3,No,1
492,Priya,Moreau,Priya Moreau,1,Sales,Go-To-Market,Sales Executive,2,Travel_Rarely,2018-12-23,2025-11-11,Terminated,1,6.89,5-10 yr,4,Male,40,Married,College,22,2056.0,Grace Krishnan,6380,0.5231,3,Q3,-7.9,2,12.0,2025-10-23,3,3,3,3,Yes,1
494,Sanne,Petrov,Sanne Petrov,1,Sales,Go-To-Market,Sales Representative,1,Travel_Rarely,2023-10-29,2025-09-09,Terminated,1,1.86,1-3 yr,2,Female,21,Single,Bachelor,12,302.0,Diego Ramos,2716,0.5976,3,Q3,3.4,0,15.0,2025-08-21,3,2,3,3,No,1
502,Kwame,Duarte,Kwame Duarte,1,Sales,Go-To-Market,Sales Executive,2,Non-Travel,2019-06-16,2024-07-20,Terminated,1,5.1,5-10 yr,4,Male,34,Single,Bachelor,19,862.0,Hugo Grimaldi,5304,0.3046,2,Q2,-23.4,0,13.0,2024-07-11,3,4,1,2,Yes,0
510,Samir,Vandenberg,Samir Vandenberg,2,Engineering,Technology,Software Engineer,1,Travel_Frequently,2019-04-11,2025-11-01,Terminated,1,6.56,5-10 yr,4,Male,26,Single,Below College,3,661.0,Andre Nowak,3102,0.5945,3,Q3,-4.3,0,22.0,2025-10-19,4,1,3,3,No,1
514,Ingrid,Sharma,Ingrid Sharma,2,Engineering,Technology,Software Engineer,1,Travel_Frequently,2023-09-11,2025-04-22,Terminated,1,1.61,1-3 yr,2,Male,30,Single,Bachelor,4,1539.0,Camila Dubois,2285,0.1718,1,Q1 (lowest paid in role),-29.5,0,23.0,2025-04-12,4,4,3,3,Yes,1
538,Zara,Ramos,Zara Ramos,2,Engineering,Technology,QA Engineer,1,Travel_Rarely,2023-02-15,2025-05-12,Terminated,1,2.24,1-3 yr,2,Male,25,Married,Bachelor,3,1666.0,Soren Marchetti,4031,0.8101,4,Q4 (highest paid in role),24.5,1,13.0,2025-05-08,3,1,1,3,No,1
554,Omar,Delacroix,Omar Delacroix,1,Sales,Go-To-Market,Sales Representative,1,Travel_Rarely,2019-06-18,2024-07-16,Terminated,1,5.08,5-10 yr,4,Female,24,Single,Below College,1,1869.0,Aisha Silva,3202,0.8659,4,Q4 (highest paid in role),21.9,0,16.0,2024-06-30,3,2,1,3,Yes,0
555,Ethan,Silva,Ethan Silva,1,Sales,Go-To-Market,Sales Representative,1,Travel_Frequently,2022-01-25,2024-06-07,Terminated,1,2.37,1-3 yr,2,Female,34,Divorced,College,6,580.0,Yuki Nowak,2351,0.3902,2,Q2,-10.5,1,16.0,2024-05-26,3,3,4,2,No,1
565,Chloe,Kowalski,Chloe Kowalski,2,Engineering,Technology,Software Engineer,1,Travel_Rarely,2021-12-24,2024-10-14,Terminated,1,2.81,1-3 yr,2,Female,29,Married,Doctor,25,1655.0,Hannah Duarte,2546,0.3299,2,Q2,-21.4,0,16.0,2024-10-03,3,2,3,4,No,0
566,Yuki,Novak,Yuki Novak,3,HR,Corporate Services,HR Generalist,1,Travel_Rarely,2023-07-25,2025-07-15,Terminated,1,1.97,1-3 yr,2,Male,19,Single,College,2,590.0,Rosa Fitzgerald,2564,0.2745,2,Q2,-39.5,0,12.0,2025-07-07,3,4,1,4,No,1
582,Amara,Rossi,Amara Rossi,4,Finance,Corporate Services,Finance Manager,3,Travel_Rarely,2016-12-09,2024-05-25,Terminated,1,7.46,5-10 yr,4,Male,33,Married,Below College,15,1973.0,Yuki Kaur,13610,0.1089,1,Q1 (lowest paid in role),-20.8,0,12.0,2024-05-05,3,3,2,4,Yes,1
584,Aisha,Dubois,Aisha Dubois,2,Engineering,Technology,QA Engineer,1,Travel_Rarely,2019-12-05,2024-08-25,Terminated,1,4.72,3-5 yr,3,Male,33,Divorced,Below College,10,901.0,Chloe Mbeki,3408,0.6202,3,Q3,5.3,3,13.0,2024-08-09,3,4,1,3,No,0
587,Kwame,Hassan,Kwame Hassan,6,Customer Support,Go-To-Market,Support Representative,3,Travel_Frequently,2022-09-19,2024-08-15,Terminated,1,1.91,1-3 yr,2,Male,31,Married,Bachelor,20,431.0,Leila Halvorsen,9824,0.7538,3,Q3,30.5,0,12.0,2024-08-01,3,3,1,3,No,0
590,Rosa,Fitzgerald,Rosa Fitzgerald,3,HR,Corporate Services,HR Generalist,3,Travel_Frequently,2021-06-08,2024-12-27,Terminated,1,3.55,3-5 yr,3,Female,34,Divorced,Bachelor,23,698.0,Anika Vandenberg,9950,0.9608,4,Q4 (highest paid in role),134.9,3,15.0,2024-12-12,3,1,2,3,Yes,1
593,Zara,Bianchi,Zara Bianchi,2,Engineering,Technology,QA Engineer,1,Travel_Frequently,2021-07-18,2024-07-14,Terminated,1,2.99,1-3 yr,2,Male,22,Single,Below College,4,468.0,Mei Mehta,3894,0.7519,3,Q3,20.3,0,16.0,2024-07-06,3,3,3,3,No,1
608,Rahul,Rossi,Rahul Rossi,3,HR,Corporate Services,HR Generalist,1,Travel_Frequently,2017-06-14,2025-01-17,Terminated,1,7.59,5-10 yr,4,Female,26,Divorced,Master,17,590.0,Rosa Fitzgerald,2741,0.3529,2,Q2,-35.3,1,11.0,2025-01-12,3,3,2,2,Yes,1
614,Aisha,Delacroix,Aisha Delacroix,1,Sales,Go-To-Market,Sales Representative,1,Travel_Frequently,2025-09-06,2025-11-16,Terminated,1,0.19,0-1 yr,1,Male,18,Single,Bachelor,5,302.0,Diego Ramos,1878,0.1098,1,Q1 (lowest paid in role),-28.5,0,14.0,2025-11-03,3,2,2,3,Yes,0
622,Aarav,Krishnan,Aarav Krishnan,2,Engineering,Technology,QA Engineer,1,Travel_Rarely,2023-05-05,2024-07-14,Terminated,1,1.19,1-3 yr,2,Male,26,Single,Bachelor,24,661.0,Andre Nowak,2340,0.2132,1,Q1 (lowest paid in role),-27.7,0,18.0,2024-06-28,3,4,3,1,Yes,1
631,Hugo,Kowalski,Hugo Kowalski,1,Sales,Go-To-Market,Sales Executive,2,Non-Travel,2020-08-19,2025-04-29,Terminated,1,4.69,3-5 yr,3,Male,32,Married,Master,11,1050.0,Tobias Haddad,4707,0.1723,1,Q1 (lowest paid in role),-32.0,0,12.0,2025-04-15,3,3,4,3,No,0
647,Camila,Duarte,Camila Duarte,2,Engineering,Technology,QA Engineer,1,Travel_Frequently,2018-06-28,2025-04-04,Terminated,1,6.77,5-10 yr,4,Female,24,Married,Bachelor,7,1666.0,Soren Marchetti,2886,0.5,2,Q2,-10.8,1,16.0,2025-03-19,3,3,1,3,Yes,1
648,Yuki,Fitzgerald,Yuki Fitzgerald,1,Sales,Go-To-Market,Sales Representative,1,Travel_Frequently,2022-06-13,2024-04-17,Terminated,1,1.85,1-3 yr,2,Male,30,Married,Master,12,1732.0,Claire Mehta,2033,0.1341,1,Q1 (lowest paid in role),-22.6,1,18.0,2024-04-05,3,1,2,4,No,1
650,Samir,Mehta,Samir Mehta,1,Sales,Go-To-Market,Sales Executive,2,Travel_Rarely,2021-03-30,2025-01-16,Terminated,1,3.8,3-5 yr,3,Male,31,Divorced,Master,13,1319.0,Sofia Castellanos,4233,0.0523,1,Q1 (lowest paid in role),-38.9,0,17.0,2025-01-07,3,1,2,1,No,1
667,Tariq,Varga,Tariq Varga,1,Sales,Go-To-Market,Sales Representative,1,Travel_Rarely,2020-06-20,2024-06-24,Terminated,1,4.01,3-5 yr,3,Male,27,Divorced,Below College,2,1732.0,Claire Mehta,3041,0.8293,4,Q4 (highest paid in role),15.8,1,11.0,2024-06-21,3,1,3,3,No,1
684,Nadia,Jokinen,Nadia Jokinen,1,Sales,Go-To-Market,Sales Executive,2,Travel_Frequently,2023-12-07,2024-12-20,Terminated,1,1.04,1-3 yr,2,Female,45,Married,Master,26,1975.0,Grace Kaur,4286,0.0615,1,Q1 (lowest paid in role),-38.1,2,14.0,2024-12-12,3,1,1,3,No,1
701,Tobias,Lombardi,Tobias Lombardi,2,Engineering,Technology,Software Engineer,1,Travel_Rarely,2023-03-14,2025-02-06,Terminated,1,1.9,1-3 yr,2,Male,20,Single,Below College,10,612.0,Soren Castellanos,1009,0.0,1,Q1 (lowest paid in role),-68.9,0,11.0,2025-01-24,3,3,4,3,Yes,1
702,Priya,Osei,Priya Osei,2,Engineering,Technology,Software Engineer,1,Travel_Frequently,2015-10-07,2025-12-24,Terminated,1,10.21,10 yr+,5,Male,33,Single,Bachelor,3,901.0,Chloe Mbeki,3348,0.6392,3,Q3,3.3,0,11.0,2025-12-05,3,1,1,3,Yes,1
720,Marcus,Silva,Marcus Silva,1,Sales,Go-To-Market,Sales Executive,2,Travel_Rarely,2022-05-28,2025-03-06,Terminated,1,2.77,1-3 yr,2,Female,24,Single,College,3,118.0,Anika Bergman,4577,0.1292,1,Q1 (lowest paid in role),-33.9,0,14.0,2025-02-25,3,3,1,3,No,1
723,Mira,Pashkov,Mira Pashkov,1,Sales,Go-To-Market,Sales Executive,2,Travel_Frequently,2021-01-18,2025-05-29,Terminated,1,4.36,3-5 yr,3,Male,50,Married,College,8,986.0,Marcus Silva,6796,0.5877,3,Q3,-1.9,1,14.0,2025-05-15,3,3,2,3,Yes,1
741,Mei,Reyes,Mei Reyes,2,Engineering,Technology,Software Engineer,1,Travel_Rarely,2018-02-02,2025-04-18,Terminated,1,7.21,5-10 yr,4,Female,28,Single,College,1,575.0,Soren Bergman,2216,0.1478,1,Q1 (lowest paid in role),-31.6,0,13.0,2025-04-09,3,2,1,3,Yes,1
752,Samir,Whitfield,Samir Whitfield,2,Engineering,Technology,Software Engineer,1,Travel_Frequently,2023-03-31,2025-11-03,Terminated,1,2.6,1-3 yr,2,Male,42,Divorced,Bachelor,19,1035.0,Lena Osei,2759,0.4433,2,Q2,-14.8,0,12.0,2025-11-03,3,3,3,3,Yes,1
780,Mei,Ortega,Mei Ortega,2,Engineering,Technology,Software Engineer,1,Travel_Rarely,2014-04-23,2024-05-10,Terminated,1,10.05,10 yr+,5,Male,33,Single,Master,1,901.0,Chloe Mbeki,2686,0.3986,2,Q2,-17.1,0,13.0,2024-05-07,3,4,4,2,Yes,1
785,Aisha,Kaur,Aisha Kaur,1,Sales,Go-To-Market,Sales Executive,2,Travel_Frequently,2020-01-09,2025-12-14,Terminated,1,5.93,5-10 yr,4,Female,47,Single,College,27,1975.0,Grace Kaur,6397,0.5292,3,Q3,-7.6,0,12.0,2025-12-12,3,3,2,3,Yes,1
787,Divya,Novak,Divya Novak,4,Finance,Corporate Services,Finance Manager,5,Travel_Rarely,2019-12-22,2025-07-03,Terminated,1,5.53,5-10 yr,4,Male,55,Married,Bachelor,2,549.0,Freya Larsen,19859,0.9703,4,Q4 (highest paid in role),15.6,1,13.0,2025-06-15,3,1,4,3,Yes,1
796,Elena,Jokinen,Elena Jokinen,1,Sales,Go-To-Market,Sales Executive,2,Travel_Rarely,2020-07-13,2025-04-20,Terminated,1,4.77,3-5 yr,3,Male,26,Single,Bachelor,8,2055.0,Oscar Bakker,5326,0.3138,2,Q2,-23.1,0,17.0,2025-04-10,3,1,4,2,No,1
811,Idris,Halvorsen,Idris Halvorsen,2,Engineering,Technology,QA Engineer,1,Travel_Rarely,2024-12-26,2025-05-16,Terminated,1,0.39,0-1 yr,1,Male,23,Married,Bachelor,6,468.0,Mei Mehta,1601,0.0271,1,Q1 (lowest paid in role),-50.5,2,21.0,2025-05-09,4,1,3,3,Yes,1
816,Mei,Osei,Mei Osei,2,Engineering,Technology,QA Engineer,1,Travel_Rarely,2023-08-11,2025-04-19,Terminated,1,1.69,1-3 yr,2,Female,29,Married,College,1,1655.0,Hannah Duarte,2319,0.2016,1,Q1 (lowest paid in role),-28.4,1,11.0,2025-04-02,3,1,2,3,Yes,0
819,Luis,Ferreira,Luis Ferreira,1,Sales,Go-To-Market,Sales Executive,2,Travel_Rarely,2020-10-31,2024-08-29,Terminated,1,3.83,3-5 yr,3,Female,33,Single,Bachelor,16,1050.0,Tobias Haddad,5324,0.3108,2,Q2,-23.1,0,15.0,2024-08-14,3,1,1,3,No,1
828,Peter,Bergman,Peter Bergman,2,Engineering,Technology,Software Engineer,1,Travel_Rarely,2023-04-01,2025-11-21,Terminated,1,2.64,1-3 yr,2,Male,28,Single,Master,2,575.0,Soren Bergman,4382,0.8179,4,Q4 (highest paid in role),35.2,0,17.0,2025-11-09,3,3,3,2,No,1
840,Viktor,Steiner,Viktor Steiner,1,Sales,Go-To-Market,Sales Executive,3,Travel_Rarely,2015-09-06,2024-09-11,Terminated,1,9.02,5-10 yr,4,Female,49,Married,Bachelor,11,1138.0,Caleb Quintero,7654,0.6831,3,Q3,10.5,2,18.0,2024-09-03,3,4,3,4,No,1
842,Hugo,Dubois,Hugo Dubois,1,Sales,Go-To-Market,Sales Executive,2,Travel_Rarely,2015-12-06,2025-03-05,Terminated,1,9.25,5-10 yr,4,Male,55,Single,Below College,2,986.0,Marcus Silva,5160,0.2708,2,Q2,-25.5,0,16.0,2025-02-19,3,4,3,2,No,1
848,Aisha,Vandenberg,Aisha Vandenberg,2,Engineering,Technology,Software Engineer,1,Travel_Frequently,2015-12-02,2024-04-25,Terminated,1,8.4,5-10 yr,4,Female,26,Married,College,5,661.0,Andre Nowak,2366,0.2302,1,Q1 (lowest paid in role),-27.0,1,14.0,2024-04-14,3,3,3,3,Yes,1
881,Caleb,Aoki,Caleb Aoki,2,Engineering,Technology,Software Engineer,1,Travel_Frequently,2013-06-20,2024-05-18,Terminated,1,10.91,10 yr+,5,Female,35,Divorced,Master,25,1422.0,Isabel Vandenberg,2022,0.0447,1,Q1 (lowest paid in role),-37.6,1,19.0,2024-05-16,3,2,4,2,Yes,1
896,Zara,Fitzgerald,Zara Fitzgerald,1,Sales,Go-To-Market,Sales Representative,1,Travel_Rarely,2021-01-17,2024-10-31,Terminated,1,3.79,3-5 yr,3,Female,29,Divorced,Bachelor,1,1732.0,Claire Mehta,2800,0.6951,3,Q3,6.6,3,19.0,2024-10-23,3,3,2,3,Yes,0
911,Elena,Bergman,Elena Bergman,2,Engineering,Technology,QA Engineer,1,Travel_Rarely,2023-12-14,2025-11-12,Terminated,1,1.91,1-3 yr,2,Male,32,Single,Master,25,815.0,Chloe Aoki,2795,0.4651,2,Q2,-13.7,0,24.0,2025-11-03,4,4,1,1,Yes,1
918,Zara,Tanaka,Zara Tanaka,2,Engineering,Technology,QA Engineer,1,Travel_Frequently,2023-02-22,2024-06-08,Terminated,1,1.29,1-3 yr,2,Male,58,Divorced,Below College,2,1608.0,Oscar Silva,2380,0.2519,2,Q2,-26.5,1,14.0,2024-05-25,3,4,4,2,Yes,1
922,Lena,Petrov,Lena Petrov,1,Sales,Go-To-Market,Sales Representative,1,Travel_Rarely,2022-01-04,2024-07-02,Terminated,1,2.49,1-3 yr,2,Female,20,Single,Bachelor,2,302.0,Diego Ramos,2044,0.1585,1,Q1 (lowest paid in role),-22.2,0,13.0,2024-06-20,3,3,3,2,No,1
923,Amara,Osei,Amara Osei,2,Engineering,Technology,Software Engineer,1,Travel_Rarely,2024-07-20,2025-10-08,Terminated,1,1.22,1-3 yr,2,Female,21,Single,Below College,18,612.0,Soren Castellanos,2693,0.4055,2,Q2,-16.9,0,19.0,2025-09-30,3,4,4,2,No,0
926,Camila,Hassan,Camila Hassan,5,Operations,Technology,Operations Director,2,Travel_Rarely,2020-12-14,2024-11-28,Terminated,1,3.96,3-5 yr,3,Female,22,Married,Below College,3,112.0,Ethan Bergman,4171,0.0208,1,Q1 (lowest paid in role),-42.8,1,19.0,2024-11-25,3,3,2,4,Yes,1
927,Luis,Lindqvist,Luis Lindqvist,2,Engineering,Technology,QA Engineer,1,Travel_Rarely,2017-06-17,2024-12-24,Terminated,1,7.52,5-10 yr,4,Female,41,Divorced,Master,2,1035.0,Lena Osei,2778,0.4574,2,Q2,-14.2,1,13.0,2024-12-04,3,4,2,2,Yes,1
932,Oscar,Petrov,Oscar Petrov,2,Engineering,Technology,QA Engineer,1,Travel_Rarely,2021-05-30,2024-04-02,Terminated,1,2.84,1-3 yr,2,Male,39,Married,Bachelor,6,1128.0,Kwame Mehta,2404,0.2674,2,Q2,-25.7,0,21.0,2024-03-19,4,1,4,1,Yes,1
952,Aarav,Novak,Aarav Novak,1,Sales,Go-To-Market,Sales Representative,1,Travel_Rarely,2024-03-08,2025-12-06,Terminated,1,1.75,1-3 yr,2,Male,25,Married,College,19,1732.0,Claire Mehta,2413,0.439,2,Q2,-8.1,3,18.0,2025-12-06,3,2,3,3,Yes,1
959,Kwame,Hassan,Kwame Hassan,1,Sales,Go-To-Market,Sales Representative,1,Travel_Rarely,2023-05-18,2025-05-03,Terminated,1,1.96,1-3 yr,2,Male,19,Single,Bachelor,21,302.0,Diego Ramos,2121,0.1951,1,Q1 (lowest paid in role),-19.2,0,13.0,2025-05-03,3,2,4,4,Yes,1
960,Grace,Rossi,Grace Rossi,2,Engineering,Technology,QA Engineer,1,Travel_Rarely,2022-12-08,2024-07-18,Terminated,1,1.61,1-3 yr,2,Male,20,Single,Bachelor,4,612.0,Soren Castellanos,2973,0.5155,3,Q3,-8.2,0,19.0,2024-07-16,3,1,1,3,No,1
967,Ingrid,Mehta,Ingrid Mehta,1,Sales,Go-To-Market,Sales Executive,3,Travel_Rarely,2009-10-27,2025-11-30,Terminated,1,16.09,10 yr+,5,Male,36,Married,Below College,3,1863.0,Oscar Kowalski,10325,0.8985,4,Q4 (highest paid in role),49.1,1,11.0,2025-11-23,3,4,3,3,Yes,1
970,Elena,Quintero,Elena Quintero,1,Sales,Go-To-Market,Sales Executive,3,Travel_Rarely,2011-03-16,2025-06-19,Terminated,1,14.26,10 yr+,5,Male,37,Married,Master,1,1716.0,Elena Pashkov,10609,0.9292,4,Q4 (highest paid in role),53.2,0,11.0,2025-06-04,3,3,1,1,No,1
977,Samir,Duarte,Samir Duarte,2,Engineering,Technology,Software Engineer,1,Travel_Rarely,2022-11-30,2024-07-06,Terminated,1,1.6,1-3 yr,2,Male,58,Single,Bachelor,2,1255.0,Claire Reyes,2479,0.299,2,Q2,-23.5,0,24.0,2024-06-21,4,3,4,3,No,1
986,Marcus,Silva,Marcus Silva,1,Sales,Go-To-Market,Sales Executive,4,Non-Travel,2023-10-25,2025-08-04,Terminated,1,1.78,1-3 yr,2,Female,40,Single,Bachelor,24,532.0,Tobias Aoki,13194,0.9723,4,Q4 (highest paid in role),90.5,0,16.0,2025-07-25,3,2,2,2,Yes,1
991,Omar,Delacroix,Omar Delacroix,2,Engineering,Technology,Software Engineer,1,Non-Travel,2021-08-09,2024-10-15,Terminated,1,3.18,3-5 yr,3,Male,31,Single,College,9,997.0,Leila Krishnan,2321,0.1959,1,Q1 (lowest paid in role),-28.4,0,22.0,2024-10-11,4,1,3,3,Yes,1
994,Ethan,Dubois,Ethan Dubois,2,Engineering,Technology,Software Engineer,1,Travel_Rarely,2024-07-24,2025-07-21,Terminated,1,0.99,0-1 yr,1,Female,29,Single,Bachelor,10,1655.0,Hannah Duarte,2404,0.2577,2,Q2,-25.8,0,20.0,2025-07-13,4,1,4,3,Yes,0
1004,Lena,Rossi,Lena Rossi,2,Engineering,Technology,Software Engineer,1,Travel_Rarely,2020-06-06,2025-10-26,Terminated,1,5.39,5-10 yr,4,Female,30,Married,Bachelor,22,1539.0,Camila Dubois,2132,0.1134,1,Q1 (lowest paid in role),-34.2,0,11.0,2025-10-19,3,3,1,3,Yes,0
1010,Andre,Bergman,Andre Bergman,2,Engineering,Technology,QA Engineer,1,Travel_Rarely,2019-06-16,2024-02-29,Terminated,1,4.71,3-5 yr,3,Male,35,Divorced,Master,14,1422.0,Isabel Vandenberg,3743,0.7171,3,Q3,15.6,1,24.0,2024-02-16,4,2,3,1,Yes,1
1016,Nikolai,Kowalski,Nikolai Kowalski,2,Engineering,Technology,Software Engineer,1,Travel_Rarely,2024-01-17,2025-11-11,Terminated,1,1.82,1-3 yr,2,Female,20,Single,Bachelor,11,612.0,Soren Castellanos,2600,0.3574,2,Q2,-19.8,0,15.0,2025-10-23,3,1,4,3,Yes,1
1017,Isabel,Quintero,Isabel Quintero,2,Engineering,Technology,QA Engineer,1,Travel_Frequently,2021-03-21,2025-03-20,Terminated,1,4.0,3-5 yr,3,Female,30,Single,Bachelor,5,1539.0,Camila Dubois,2422,0.2829,2,Q2,-25.2,0,17.0,2025-03-18,3,2,2,3,No,1
1033,Hugo,Varga,Hugo Varga,6,Customer Support,Go-To-Market,Support Representative,2,Travel_Rarely,2022-11-18,2024-07-05,Terminated,1,1.63,1-3 yr,2,Female,37,Married,College,11,119.0,Fatima Novak,4777,0.1308,1,Q1 (lowest paid in role),-36.6,0,15.0,2024-06-20,3,2,1,1,No,1
1037,Luis,Bakker,Luis Bakker,1,Sales,Go-To-Market,Sales Executive,2,Non-Travel,2021-07-14,2024-07-02,Terminated,1,2.97,1-3 yr,2,Male,26,Single,College,29,2055.0,Oscar Bakker,4969,0.2369,1,Q1 (lowest paid in role),-28.2,0,18.0,2024-06-27,3,1,2,3,No,1
1038,Peter,Silva,Peter Silva,4,Finance,Corporate Services,Finance Manager,5,Travel_Rarely,1992-07-04,2024-12-25,Terminated,1,32.48,10 yr+,5,Female,52,Married,Below College,2,140.0,Camila Osei,19845,0.9505,4,Q4 (highest paid in role),15.5,1,15.0,2024-12-21,3,4,1,3,No,0
1042,Sofia,Simonsen,Sofia Simonsen,2,Engineering,Technology,QA Engineer,1,Travel_Rarely,2008-08-28,2025-09-03,Terminated,1,17.02,10 yr+,5,Female,36,Single,Master,16,1250.0,Bruno Castellanos,2743,0.4419,2,Q2,-15.3,0,16.0,2025-08-31,3,1,3,3,No,1
1052,Hannah,Bianchi,Hannah Bianchi,2,Engineering,Technology,QA Engineer,2,Travel_Rarely,2023-03-01,2024-08-18,Terminated,1,1.47,1-3 yr,2,Male,36,Divorced,Bachelor,15,447.0,Tobias Moreau,4834,0.8915,4,Q4 (highest paid in role),49.3,1,14.0,2024-08-18,3,3,1,2,No,1
1053,Aisha,Kaur,Aisha Kaur,2,Engineering,Technology,Software Engineer,1,Travel_Frequently,2021-09-21,2024-10-21,Terminated,1,3.08,3-5 yr,3,Male,26,Married,Bachelor,2,661.0,Andre Nowak,2042,0.055,1,Q1 (lowest paid in role),-37.0,1,14.0,2024-10-20,3,1,1,3,Yes,1
1077,Andre,Nowak,Andre Nowak,1,Sales,Go-To-Market,Sales Representative,1,Travel_Frequently,2022-09-04,2025-05-18,Terminated,1,2.7,1-3 yr,2,Female,20,Single,Bachelor,9,302.0,Diego Ramos,2323,0.3415,2,Q2,-11.5,0,14.0,2025-05-09,3,4,4,3,Yes,1
1079,Caleb,Mbeki,Caleb Mbeki,2,Engineering,Technology,QA Engineer,1,Travel_Rarely,2022-12-26,2024-05-31,Terminated,1,1.43,1-3 yr,2,Female,21,Single,Bachelor,10,612.0,Soren Castellanos,1416,0.0155,1,Q1 (lowest paid in role),-56.3,0,13.0,2024-05-31,3,1,3,2,No,1
1081,Sofia,Ferreira,Sofia Ferreira,2,Engineering,Technology,Software Engineer,1,Travel_Rarely,2015-02-13,2025-03-14,Terminated,1,10.08,10 yr+,5,Male,51,Married,Master,4,58.0,Isabel Hassan,2461,0.2887,2,Q2,-24.0,3,12.0,2025-02-22,3,3,1,4,Yes,1
1082,Daniel,Halvorsen,Daniel Halvorsen,6,Customer Support,Go-To-Market,Support Representative,3,Non-Travel,2014-10-27,2025-01-30,Terminated,1,10.26,10 yr+,5,Male,28,Single,College,24,431.0,Leila Halvorsen,8722,0.6923,3,Q3,15.8,0,12.0,2025-01-25,3,1,2,2,No,1
1098,Jonas,Novak,Jonas Novak,3,HR,Corporate Services,HR Generalist,3,Travel_Rarely,2003-06-07,2024-04-06,Terminated,1,20.83,10 yr+,5,Male,44,Married,College,1,698.0,Anika Vandenberg,10482,0.9804,4,Q4 (highest paid in role),147.5,1,14.0,2024-04-03,3,1,2,3,No,0
1100,Bruno,Eriksen,Bruno Eriksen,1,Sales,Go-To-Market,Sales Executive,3,Travel_Rarely,2016-02-03,2025-01-21,Terminated,1,8.97,5-10 yr,4,Male,35,Single,Bachelor,4,1863.0,Oscar Kowalski,9582,0.8246,4,Q4 (highest paid in role),38.4,0,22.0,2025-01-20,4,1,4,3,Yes,1
1101,Chloe,Haddad,Chloe Haddad,2,Engineering,Technology,Software Engineer,2,Travel_Frequently,2012-09-24,2025-09-25,Terminated,1,13.0,10 yr+,5,Female,33,Single,Master,29,1069.0,Divya Krishnan,4508,0.8419,4,Q4 (highest paid in role),39.1,0,22.0,2025-09-15,4,3,1,3,No,0
1106,Claire,Lindqvist,Claire Lindqvist,2,Engineering,Technology,QA Engineer,1,Travel_Rarely,2018-06-22,2025-06-26,Terminated,1,7.01,5-10 yr,4,Male,25,Married,Below College,4,1666.0,Soren Marchetti,3691,0.6977,3,Q3,14.0,1,15.0,2025-06-11,3,4,4,4,Yes,1
1107,Camila,Ferreira,Camila Ferreira,2,Engineering,Technology,QA Engineer,1,Travel_Rarely,2023-06-13,2024-12-11,Terminated,1,1.5,1-3 yr,2,Male,26,Divorced,Bachelor,21,843.0,Andre Mehta,2377,0.2442,1,Q1 (lowest paid in role),-26.6,1,20.0,2024-12-11,4,3,1,2,No,1
1108,Grace,Castellanos,Grace Castellanos,2,Engineering,Technology,Software Engineer,1,Travel_Rarely,2021-12-03,2024-08-24,Terminated,1,2.72,1-3 yr,2,Male,33,Single,Bachelor,25,901.0,Chloe Mbeki,2313,0.189,1,Q1 (lowest paid in role),-28.6,0,20.0,2024-08-17,4,2,1,3,Yes,1
1111,Leila,Varga,Leila Varga,2,Engineering,Technology,QA Engineer,1,Travel_Frequently,2024-02-05,2025-10-05,Terminated,1,1.66,1-3 yr,2,Male,28,Divorced,Bachelor,1,575.0,Soren Bergman,2596,0.3798,2,Q2,-19.8,2,15.0,2025-09-21,3,2,1,3,No,1
1113,Lena,Ortega,Lena Ortega,1,Sales,Go-To-Market,Sales Executive,2,Travel_Frequently,2024-03-21,2024-10-06,Terminated,1,0.54,0-1 yr,1,Male,50,Single,Master,1,986.0,Marcus Silva,4728,0.1815,1,Q1 (lowest paid in role),-31.7,0,14.0,2024-09-19,3,3,4,3,Yes,1
1127,Ethan,Simonsen,Ethan Simonsen,6,Customer Support,Go-To-Market,Support Representative,4,Travel_Frequently,2005-10-17,2024-06-24,Terminated,1,18.69,10 yr+,5,Male,39,Divorced,Bachelor,2,258.0,Tobias Simonsen,12169,0.9538,4,Q4 (highest paid in role),61.6,3,11.0,2024-06-11,3,4,1,3,No,1
1156,Sofia,Steiner,Sofia Steiner,2,Engineering,Technology,QA Engineer,1,Non-Travel,2024-05-31,2024-11-11,Terminated,1,0.45,0-1 yr,1,Male,18,Single,Below College,8,612.0,Soren Castellanos,1904,0.0388,1,Q1 (lowest paid in role),-41.2,0,12.0,2024-10-25,3,3,3,3,No,1
1157,Oscar,Silva,Oscar Silva,1,Sales,Go-To-Market,Sales Executive,2,Travel_Rarely,2019-05-26,2024-07-30,Terminated,1,5.18,5-10 yr,4,Female,33,Single,Master,9,1050.0,Tobias Haddad,8224,0.7169,3,Q3,18.8,0,17.0,2024-07-21,3,1,1,3,Yes,0
1160,Sofia,Quintero,Sofia Quintero,2,Engineering,Technology,QA Engineer,1,Travel_Frequently,2021-08-03,2024-01-13,Terminated,1,2.44,1-3 yr,2,Male,31,Married,Bachelor,15,997.0,Leila Krishnan,2610,0.3837,2,Q2,-19.4,1,12.0,2024-01-13,3,3,3,2,No,1
1165,Yuki,Steiner,Yuki Steiner,1,Sales,Go-To-Market,Sales Executive,3,Travel_Rarely,2012-12-03,2024-08-20,Terminated,1,11.71,10 yr+,5,Female,29,Married,Below College,23,1167.0,Jonas Silva,7336,0.6462,3,Q3,5.9,1,13.0,2024-08-04,3,1,4,1,No,1
1167,Jonas,Silva,Jonas Silva,1,Sales,Go-To-Market,Sales Executive,4,Travel_Frequently,2003-11-15,2025-01-26,Terminated,1,21.2,10 yr+,5,Male,42,Single,Bachelor,12,532.0,Tobias Aoki,13758,0.9938,4,Q4 (highest paid in role),98.7,0,12.0,2025-01-24,3,1,3,2,Yes,1
1175,Divya,Novak,Divya Novak,2,Engineering,Technology,QA Engineer,1,Travel_Rarely,2023-10-12,2025-08-11,Terminated,1,1.83,1-3 yr,2,Female,28,Married,Below College,12,575.0,Soren Bergman,2515,0.3256,2,Q2,-22.3,0,11.0,2025-08-02,3,4,3,2,Yes,1
1188,Marcus,Novak,Marcus Novak,1,Sales,Go-To-Market,Sales Executive,2,Travel_Rarely,2020-04-29,2024-07-16,Terminated,1,4.21,3-5 yr,3,Female,43,Single,Bachelor,9,1975.0,Grace Kaur,5346,0.3262,2,Q2,-22.8,0,13.0,2024-07-09,3,3,1,2,No,1
1200,Sofia,Haddad,Sofia Haddad,2,Engineering,Technology,Software Engineer,1,Travel_Rarely,2019-06-24,2025-10-20,Terminated,1,6.32,5-10 yr,4,Male,44,Single,Master,10,999.0,Jonas Mbeki,2936,0.5326,3,Q3,-9.4,0,11.0,2025-10-14,3,3,3,3,Yes,1
1203,Omar,Simonsen,Omar Simonsen,2,Engineering,Technology,Software Engineer,1,Travel_Frequently,2024-11-22,2025-10-28,Terminated,1,0.93,0-1 yr,1,Male,22,Married,Master,3,1485.0,Ethan Quintero,2853,0.4845,2,Q2,-11.9,1,11.0,2025-10-17,3,4,3,3,Yes,1
1210,Chloe,Ferreira,Chloe Ferreira,2,Engineering,Technology,Software Engineer,1,Non-Travel,2024-03-12,2025-11-17,Terminated,1,1.68,1-3 yr,2,Male,41,Divorced,College,5,1035.0,Lena Osei,2107,0.0997,1,Q1 (lowest paid in role),-35.0,1,17.0,2025-11-12,3,1,1,1,No,1
1219,Jonas,Haddad,Jonas Haddad,2,Engineering,Technology,QA Engineer,1,Travel_Rarely,2024-01-09,2025-10-26,Terminated,1,1.8,1-3 yr,2,Female,24,Married,College,17,1666.0,Soren Marchetti,2210,0.1395,1,Q1 (lowest paid in role),-31.7,1,13.0,2025-10-09,3,2,4,1,No,1
1248,Leila,Steiner,Leila Steiner,2,Engineering,Technology,Software Engineer,1,Non-Travel,2023-08-30,2025-08-23,Terminated,1,1.98,1-3 yr,2,Female,19,Single,Bachelor,10,612.0,Soren Castellanos,1859,0.0309,1,Q1 (lowest paid in role),-42.6,0,25.0,2025-08-22,4,2,1,4,Yes,1
1273,Omar,Duarte,Omar Duarte,1,Sales,Go-To-Market,Sales Representative,1,Travel_Frequently,2022-10-09,2024-08-22,Terminated,1,1.87,1-3 yr,2,Male,25,Single,Below College,24,1732.0,Claire Mehta,1118,0.0366,1,Q1 (lowest paid in role),-57.4,0,14.0,2024-08-22,3,4,3,3,Yes,1
1277,Felix,Nowak,Felix Nowak,4,Finance,Corporate Services,Finance Manager,5,Travel_Rarely,2000-07-16,2024-07-26,Terminated,1,24.03,10 yr+,5,Female,45,Single,Bachelor,2,140.0,Camila Osei,18824,0.6733,3,Q3,9.6,0,16.0,2024-07-17,3,2,1,3,Yes,1
1279,Felix,Nowak,Felix Nowak,2,Engineering,Technology,QA Engineer,1,Travel_Frequently,2023-03-08,2025-10-19,Terminated,1,2.62,1-3 yr,2,Female,21,Single,College,10,612.0,Soren Castellanos,2625,0.3876,2,Q2,-18.9,0,20.0,2025-10-19,4,3,1,1,No,1
1295,Anika,Whitfield,Anika Whitfield,6,Customer Support,Go-To-Market,Support Representative,3,Travel_Rarely,2015-01-29,2025-03-19,Terminated,1,10.14,10 yr+,5,Female,44,Married,Bachelor,15,1606.0,Aarav Eriksen,7978,0.6385,3,Q3,6.0,1,11.0,2025-03-13,3,4,1,3,No,1
1299,Sofia,Dubois,Sofia Dubois,2,Engineering,Technology,QA Engineer,1,Travel_Rarely,2016-12-27,2024-05-05,Terminated,1,7.35,5-10 yr,4,Female,29,Divorced,Bachelor,7,1443.0,Aisha Rossi,3339,0.6085,3,Q3,3.1,2,13.0,2024-05-02,3,3,2,3,Yes,1
1309,Chloe,Rossi,Chloe Rossi,2,Engineering,Technology,QA Engineer,2,Travel_Rarely,2014-07-25,2025-01-31,Terminated,1,10.52,10 yr+,5,Male,32,Married,College,7,1789.0,Kwame Eriksen,4883,0.9031,4,Q4 (highest paid in role),50.8,1,18.0,2025-01-11,3,3,4,3,No,0
1310,Viktor,Ibrahim,Viktor Ibrahim,2,Engineering,Technology,Software Engineer,1,Travel_Rarely,2020-04-12,2025-06-17,Terminated,1,5.18,5-10 yr,4,Male,39,Single,Bachelor,23,1128.0,Kwame Mehta,3904,0.7526,4,Q4 (highest paid in role),20.5,0,13.0,2025-05-29,3,1,3,3,No,1
1318,Bruno,Tanaka,Bruno Tanaka,1,Sales,Go-To-Market,Sales Executive,3,Travel_Rarely,2019-07-29,2024-09-07,Terminated,1,5.11,5-10 yr,4,Male,40,Single,Master,25,1716.0,Elena Pashkov,9094,0.7969,4,Q4 (highest paid in role),31.3,0,12.0,2024-09-05,3,2,4,3,Yes,1
1319,Sofia,Castellanos,Sofia Castellanos,1,Sales,Go-To-Market,Sales Executive,3,Travel_Rarely,2015-11-04,2024-07-28,Terminated,1,8.73,5-10 yr,4,Male,52,Single,Bachelor,5,897.0,Diego Rossi,8446,0.7446,3,Q3,22.0,0,19.0,2024-07-12,3,2,2,2,Yes,0
1331,Chloe,Bianchi,Chloe Bianchi,1,Sales,Go-To-Market,Sales Representative,1,Travel_Frequently,2020-05-22,2024-03-03,Terminated,1,3.78,3-5 yr,3,Female,31,Single,Bachelor,1,1457.0,Leila Rossi,2302,0.2927,2,Q2,-12.3,0,11.0,2024-02-17,3,2,4,4,Yes,1
1333,Leila,Silva,Leila Silva,2,Engineering,Technology,QA Engineer,1,Travel_Rarely,2022-05-21,2025-07-20,Terminated,1,3.16,3-5 yr,3,Male,44,Married,Bachelor,3,999.0,Jonas Mbeki,2362,0.2248,1,Q1 (lowest paid in role),-27.0,0,12.0,2025-07-04,3,1,1,4,No,1
1360,Tariq,Hassan,Tariq Hassan,5,Operations,Technology,Operations Director,3,Travel_Rarely,2014-12-27,2024-12-26,Terminated,1,10.0,10 yr+,5,Female,58,Married,Master,7,1775.0,Yuki Larsen,10008,0.7986,4,Q4 (highest paid in role),37.2,0,14.0,2024-12-07,3,1,3,2,Yes,1
1372,Tobias,Varga,Tobias Varga,1,Sales,Go-To-Market,Sales Executive,4,Travel_Rarely,2006-03-21,2025-12-22,Terminated,1,19.76,10 yr+,5,Male,55,Single,Master,13,131.0,Zara Mehta,13695,0.9908,4,Q4 (highest paid in role),97.8,0,17.0,2025-12-06,3,3,1,2,Yes,1
1379,Oscar,Mehta,Oscar Mehta,1,Sales,Go-To-Market,Sales Representative,1,Travel_Frequently,2023-11-20,2025-11-14,Terminated,1,1.98,1-3 yr,2,Female,31,Single,Bachelor,2,1457.0,Leila Rossi,2785,0.6463,3,Q3,6.1,0,14.0,2025-11-01,3,4,3,4,No,1
1380,Anika,Ramos,Anika Ramos,1,Sales,Go-To-Market,Sales Executive,2,Travel_Frequently,2020-08-19,2025-04-14,Terminated,1,4.65,3-5 yr,3,Female,35,Married,Master,18,1070.0,Samir Eriksen,4614,0.1446,1,Q1 (lowest paid in role),-33.4,1,18.0,2025-04-12,3,3,4,2,Yes,1
1389,Camila,Bianchi,Camila Bianchi,5,Operations,Technology,Operations Director,2,Travel_Rarely,2015-06-22,2025-09-03,Terminated,1,10.2,10 yr+,5,Male,31,Married,Master,22,1283.0,Aisha Aoki,6179,0.4653,2,Q2,-15.3,2,15.0,2025-08-22,3,3,4,2,Yes,1
1405,Andre,Dubois,Andre Dubois,2,Engineering,Technology,Software Engineer,1,Travel_Rarely,2016-05-31,2025-04-11,Terminated,1,8.86,5-10 yr,4,Female,27,Single,Master,17,520.0,Idris Lindqvist,2394,0.2543,2,Q2,-26.1,0,13.0,2025-04-10,3,3,4,3,Yes,1
1420,Aisha,Fitzgerald,Aisha Fitzgerald,2,Engineering,Technology,QA Engineer,2,Travel_Frequently,2020-04-29,2024-10-23,Terminated,1,4.48,3-5 yr,3,Male,49,Single,College,28,638.0,Kwame Cardoso,4284,0.8372,4,Q4 (highest paid in role),32.3,0,20.0,2024-10-13,4,1,1,3,No,1
1421,Yuki,Varga,Yuki Varga,6,Customer Support,Go-To-Market,Support Representative,3,Travel_Frequently,2016-11-03,2025-07-25,Terminated,1,8.72,5-10 yr,4,Female,29,Single,Below College,14,431.0,Leila Halvorsen,7553,0.5923,3,Q3,0.3,0,12.0,2025-07-19,3,4,3,3,Yes,1
1427,Soren,Krishnan,Soren Krishnan,1,Sales,Go-To-Market,Sales Representative,1,Travel_Frequently,2023-12-03,2025-04-08,Terminated,1,1.35,1-3 yr,2,Female,31,Single,Master,1,1457.0,Leila Rossi,1359,0.061,1,Q1 (lowest paid in role),-48.2,0,12.0,2025-04-03,3,3,2,3,No,1
1433,Anika,Andersen,Anika Andersen,2,Engineering,Technology,Software Engineer,1,Travel_Rarely,2024-10-07,2025-11-25,Terminated,1,1.13,1-3 yr,2,Female,31,Single,Bachelor,8,997.0,Leila Krishnan,1261,0.0137,1,Q1 (lowest paid in role),-61.1,0,12.0,2025-11-14,3,2,1,4,No,0
1439,Chloe,Jokinen,Chloe Jokinen,1,Sales,Go-To-Market,Sales Representative,1,Travel_Rarely,2021-09-07,2025-01-22,Terminated,1,3.38,3-5 yr,3,Male,25,Married,College,9,1732.0,Claire Mehta,4400,0.9634,4,Q4 (highest paid in role),67.6,0,12.0,2025-01-21,3,1,1,3,No,1
1457,Leila,Rossi,Leila Rossi,1,Sales,Go-To-Market,Sales Executive,3,Travel_Rarely,2017-06-20,2024-11-06,Terminated,1,7.38,5-10 yr,4,Male,46,Divorced,Bachelor,9,1138.0,Caleb Quintero,10096,0.8831,4,Q4 (highest paid in role),45.8,1,11.0,2024-10-25,3,4,1,4,No,1
1458,Rosa,Vandenberg,Rosa Vandenberg,2,Engineering,Technology,QA Engineer,1,Non-Travel,2023-10-19,2025-05-07,Terminated,1,1.55,1-3 yr,2,Female,39,Single,Bachelor,2,1128.0,Kwame Mehta,3646,0.6744,3,Q3,12.6,0,23.0,2025-04-20,4,1,1,4,Yes,1
1459,Luis,Petrov,Luis Petrov,5,Operations,Technology,Operations Director,3,Travel_Frequently,2014-04-16,2024-07-22,Terminated,1,10.27,10 yr+,5,Female,31,Single,Doctor,1,1367.0,Isabel Duarte,7446,0.6111,3,Q3,2.1,0,11.0,2024-07-09,3,2,3,3,No,1
1464,Sanne,Sharma,Sanne Sharma,2,Engineering,Technology,QA Engineer,1,Travel_Frequently,2023-01-13,2025-03-23,Terminated,1,2.19,1-3 yr,2,Male,31,Married,Bachelor,2,997.0,Leila Krishnan,3722,0.7093,3,Q3,15.0,1,13.0,2025-03-08,3,4,2,1,Yes,1
1467,Divya,Nakamura,Divya Nakamura,3,HR,Corporate Services,HR Generalist,1,Travel_Rarely,2022-09-06,2025-01-21,Terminated,1,2.38,1-3 yr,2,Female,34,Married,Master,9,2040.0,Hugo Mbeki,2742,0.3725,2,Q2,-35.3,0,15.0,2025-01-17,3,3,1,3,No,1
1486,Felix,Delacroix,Felix Delacroix,1,Sales,Go-To-Market,Sales Representative,1,Travel_Frequently,2022-02-23,2025-09-17,Terminated,1,3.56,3-5 yr,3,Male,28,Married,Bachelor,1,1732.0,Claire Mehta,2909,0.7683,4,Q4 (highest paid in role),10.8,1,15.0,2025-09-04,3,3,1,4,No,0
1487,Yuki,Okafor,Yuki Okafor,1,Sales,Go-To-Market,Sales Executive,2,Travel_Frequently,2020-08-12,2025-09-20,Terminated,1,5.11,5-10 yr,4,Female,29,Single,Bachelor,13,1391.0,Marcus Andersen,5765,0.4338,2,Q2,-16.7,0,11.0,2025-09-10,3,2,1,1,No,0
1489,Aisha,Hassan,Aisha Hassan,1,Sales,Go-To-Market,Sales Executive,2,Travel_Rarely,2009-07-31,2024-09-27,Terminated,1,15.16,10 yr+,5,Female,34,Single,Master,24,862.0,Hugo Grimaldi,4599,0.1385,1,Q1 (lowest paid in role),-33.6,0,23.0,2024-09-19,4,2,1,4,Yes,1
1494,Nikolai,Grimaldi,Nikolai Grimaldi,2,Engineering,Technology,QA Engineer,1,Travel_Frequently,2024-09-20,2024-11-05,Terminated,1,0.13,0-1 yr,1,Male,24,Single,Bachelor,9,468.0,Mei Mehta,3172,0.5659,3,Q3,-2.0,0,11.0,2024-10-18,3,1,2,2,Yes,1
1504,Leila,Tanaka,Leila Tanaka,2,Engineering,Technology,QA Engineer,1,Travel_Frequently,2023-10-08,2024-01-15,Terminated,1,0.27,0-1 yr,1,Male,28,Single,College,2,1719.0,Amara Sharma,2561,0.3488,2,Q2,-20.9,0,11.0,2023-12-29,3,1,3,2,No,1
1522,Marcus,Sharma,Marcus Sharma,2,Engineering,Technology,Software Engineer,1,Travel_Rarely,2016-03-05,2025-12-06,Terminated,1,9.75,5-10 yr,4,Male,29,Single,Master,1,1443.0,Aisha Rossi,2362,0.2268,1,Q1 (lowest paid in role),-27.1,0,13.0,2025-11-20,3,1,1,1,No,0
1534,Daniel,Vandenberg,Daniel Vandenberg,2,Engineering,Technology,QA Engineer,1,Travel_Rarely,2019-12-17,2025-05-10,Terminated,1,5.4,5-10 yr,4,Male,40,Single,Master,9,1128.0,Kwame Mehta,2018,0.0581,1,Q1 (lowest paid in role),-37.7,0,14.0,2025-05-07,3,1,4,1,No,1
1537,Mei,Whitfield,Mei Whitfield,2,Engineering,Technology,Software Engineer,1,Travel_Frequently,2018-05-15,2025-08-10,Terminated,1,7.24,5-10 yr,4,Female,31,Single,Bachelor,3,997.0,Leila Krishnan,4084,0.7801,4,Q4 (highest paid in role),26.1,0,12.0,2025-07-28,3,3,4,1,No,1
1562,Jonas,Aoki,Jonas Aoki,1,Sales,Go-To-Market,Sales Executive,2,Travel_Rarely,2015-08-29,2025-11-19,Terminated,1,10.23,10 yr+,5,Male,30,Married,Bachelor,1,1391.0,Marcus Andersen,9714,0.8492,4,Q4 (highest paid in role),40.3,1,11.0,2025-11-18,3,1,2,3,No,0
1569,Claire,Ferreira,Claire Ferreira,2,Engineering,Technology,QA Engineer,1,Travel_Rarely,2022-06-17,2024-04-09,Terminated,1,1.81,1-3 yr,2,Female,35,Divorced,Bachelor,2,1422.0,Isabel Vandenberg,2074,0.0775,1,Q1 (lowest paid in role),-35.9,1,12.0,2024-03-20,3,1,1,3,Yes,1
1572,Hugo,Eriksen,Hugo Eriksen,5,Operations,Technology,Operations Director,3,Travel_Rarely,1991-07-09,2024-09-20,Terminated,1,33.2,10 yr+,5,Female,53,Married,Doctor,2,867.0,Aarav Navarro,10169,0.8125,4,Q4 (highest paid in role),39.4,1,16.0,2024-09-17,3,4,3,3,No,1
1573,Samir,Ortega,Samir Ortega,5,Operations,Technology,Operations Director,2,Travel_Rarely,2019-04-01,2024-07-16,Terminated,1,5.29,5-10 yr,4,Male,38,Married,Bachelor,2,601.0,Amara Grimaldi,4855,0.1944,1,Q1 (lowest paid in role),-33.4,2,11.0,2024-07-02,3,2,3,3,No,1
1604,Soren,Tanaka,Soren Tanaka,2,Engineering,Technology,QA Engineer,1,Travel_Rarely,2023-09-29,2024-10-06,Terminated,1,1.02,1-3 yr,2,Male,28,Married,Bachelor,24,1719.0,Amara Sharma,2408,0.2791,2,Q2,-25.6,3,17.0,2024-10-01,3,2,3,3,Yes,1
1624,Claire,Ibrahim,Claire Ibrahim,1,Sales,Go-To-Market,Sales Representative,1,Travel_Frequently,2025-04-02,2025-07-09,Terminated,1,0.27,0-1 yr,1,Female,18,Single,College,3,1716.0,Elena Pashkov,1569,0.0732,1,Q1 (lowest paid in role),-40.3,0,12.0,2025-06-30,3,4,2,4,Yes,1
1639,Divya,Bakker,Divya Bakker,1,Sales,Go-To-Market,Sales Executive,3,Travel_Rarely,2011-11-08,2025-01-02,Terminated,1,13.15,10 yr+,5,Male,35,Married,Bachelor,10,1863.0,Oscar Kowalski,10306,0.8954,4,Q4 (highest paid in role),48.8,0,17.0,2024-12-29,3,1,4,3,No,1
1645,Caleb,Mehta,Caleb Mehta,1,Sales,Go-To-Market,Sales Executive,2,Travel_Rarely,2022-01-13,2024-03-11,Terminated,1,2.16,1-3 yr,2,Male,35,Divorced,College,15,1070.0,Samir Eriksen,5440,0.3508,2,Q2,-21.4,2,14.0,2024-02-24,3,4,1,2,Yes,1
1649,Caleb,Vandenberg,Caleb Vandenberg,2,Engineering,Technology,QA Engineer,1,Travel_Rarely,2020-05-13,2024-11-02,Terminated,1,4.47,3-5 yr,3,Male,40,Single,Bachelor,7,1128.0,Kwame Mehta,2166,0.124,1,Q1 (lowest paid in role),-33.1,0,14.0,2024-10-21,3,1,1,1,Yes,1
1667,Leila,Varga,Leila Varga,1,Sales,Go-To-Market,Sales Executive,2,Travel_Frequently,2014-02-03,2025-08-23,Terminated,1,11.55,10 yr+,5,Male,35,Single,Master,12,1070.0,Samir Eriksen,4581,0.1323,1,Q1 (lowest paid in role),-33.8,0,24.0,2025-08-17,4,4,4,4,Yes,1
1684,Leila,Navarro,Leila Navarro,2,Engineering,Technology,QA Engineer,1,Travel_Rarely,2020-01-24,2025-11-17,Terminated,1,5.82,5-10 yr,4,Male,23,Single,Below College,8,468.0,Mei Mehta,3989,0.7907,4,Q4 (highest paid in role),23.2,0,11.0,2025-11-09,3,3,4,3,Yes,1
1691,Nikolai,Rossi,Nikolai Rossi,1,Sales,Go-To-Market,Sales Representative,1,Travel_Frequently,2014-10-25,2024-07-25,Terminated,1,9.75,5-10 yr,4,Female,48,Married,College,7,118.0,Anika Bergman,2655,0.5488,3,Q3,1.1,2,11.0,2024-07-09,3,3,4,3,Yes,0
1692,Luis,Hassan,Luis Hassan,2,Engineering,Technology,QA Engineer,1,Travel_Rarely,2022-09-16,2024-06-12,Terminated,1,1.74,1-3 yr,2,Male,32,Single,Master,2,815.0,Chloe Aoki,1393,0.0116,1,Q1 (lowest paid in role),-57.0,0,12.0,2024-05-30,3,2,4,3,No,1
1702,Andre,Rossi,Andre Rossi,1,Sales,Go-To-Market,Sales Representative,1,Travel_Rarely,2021-08-08,2025-06-18,Terminated,1,3.86,3-5 yr,3,Male,23,Divorced,Bachelor,7,1869.0,Aisha Silva,2275,0.2683,2,Q2,-13.4,1,21.0,2025-05-30,4,4,3,3,Yes,1
1714,Amara,Dubois,Amara Dubois,3,HR,Corporate Services,HR Generalist,1,Travel_Rarely,2023-12-22,2025-07-29,Terminated,1,1.6,1-3 yr,2,Male,24,Married,Below College,22,590.0,Rosa Fitzgerald,1555,0.0,1,Q1 (lowest paid in role),-63.3,1,11.0,2025-07-16,3,3,4,3,No,1
1716,Elena,Pashkov,Elena Pashkov,1,Sales,Go-To-Market,Sales Executive,4,Travel_Frequently,2002-01-16,2025-08-13,Terminated,1,23.57,10 yr+,5,Male,47,Married,Bachelor,9,532.0,Tobias Aoki,12936,0.9662,4,Q4 (highest paid in role),86.8,0,11.0,2025-07-24,3,3,3,1,No,1
1733,Ingrid,Ortega,Ingrid Ortega,1,Sales,Go-To-Market,Sales Executive,2,Travel_Rarely,2023-02-05,2025-07-07,Terminated,1,2.42,1-3 yr,2,Male,36,Divorced,Doctor,13,106.0,Aisha Ibrahim,6134,0.4738,2,Q2,-11.4,3,13.0,2025-06-29,3,1,2,3,Yes,1
1734,Divya,Simonsen,Divya Simonsen,1,Sales,Go-To-Market,Sales Executive,2,Travel_Rarely,2023-10-13,2024-08-06,Terminated,1,0.82,0-1 yr,1,Male,32,Single,College,1,1968.0,Andre Ortega,6735,0.5846,3,Q3,-2.7,0,15.0,2024-08-02,3,2,1,3,No,1
1747,Sanne,Marchetti,Sanne Marchetti,3,HR,Corporate Services,HR Generalist,1,Travel_Frequently,2019-11-05,2024-05-04,Terminated,1,4.5,3-5 yr,3,Female,30,Divorced,Bachelor,8,590.0,Rosa Fitzgerald,2180,0.1569,1,Q1 (lowest paid in role),-48.5,1,11.0,2024-04-30,3,4,3,2,No,1
1752,Idris,Nowak,Idris Nowak,1,Sales,Go-To-Market,Sales Representative,1,Travel_Rarely,2023-01-20,2025-07-14,Terminated,1,2.48,1-3 yr,2,Female,29,Single,Bachelor,9,1732.0,Claire Mehta,2760,0.622,3,Q3,5.1,0,13.0,2025-07-02,3,2,2,3,No,1
1758,Kwame,Tanaka,Kwame Tanaka,1,Sales,Go-To-Market,Sales Executive,3,Travel_Rarely,2024-08-10,2024-12-18,Terminated,1,0.36,0-1 yr,1,Female,33,Single,Bachelor,16,1863.0,Oscar Kowalski,8564,0.7508,3,Q3,23.7,0,20.0,2024-12-14,4,1,1,2,Yes,1
1761,Peter,Hassan,Peter Hassan,1,Sales,Go-To-Market,Sales Executive,3,Travel_Rarely,2022-10-07,2024-06-23,Terminated,1,1.71,1-3 yr,2,Male,31,Married,Master,16,1039.0,Soren Novak,8161,0.7108,3,Q3,17.9,3,13.0,2024-06-11,3,3,1,3,No,0
1767,Chloe,Grimaldi,Chloe Grimaldi,2,Engineering,Technology,Software Engineer,1,Travel_Frequently,2022-12-18,2024-06-04,Terminated,1,1.46,1-3 yr,2,Male,43,Married,Bachelor,17,1035.0,Lena Osei,2437,0.268,2,Q2,-24.8,1,16.0,2024-06-04,3,3,3,3,Yes,1
1780,Ethan,Novak,Ethan Novak,1,Sales,Go-To-Market,Sales Representative,1,Travel_Rarely,2022-10-13,2024-05-05,Terminated,1,1.56,1-3 yr,2,Male,21,Single,Below College,7,302.0,Diego Ramos,2679,0.5732,3,Q3,2.0,0,13.0,2024-04-17,3,2,2,3,No,1
1783,Bruno,Cardoso,Bruno Cardoso,2,Engineering,Technology,QA Engineer,1,Travel_Rarely,2022-03-16,2024-02-05,Terminated,1,1.89,1-3 yr,2,Female,22,Married,Below College,8,1485.0,Ethan Quintero,2398,0.2636,2,Q2,-25.9,0,17.0,2024-01-28,3,1,3,3,Yes,1
1792,Ingrid,Kaur,Ingrid Kaur,2,Engineering,Technology,Software Engineer,1,Travel_Frequently,2018-04-24,2024-02-11,Terminated,1,5.8,5-10 yr,4,Male,44,Divorced,College,1,999.0,Jonas Mbeki,2342,0.2131,1,Q1 (lowest paid in role),-27.7,3,12.0,2024-01-31,3,2,3,2,Yes,0
1797,Kwame,Halvorsen,Kwame Halvorsen,1,Sales,Go-To-Market,Sales Executive,2,Travel_Rarely,2013-12-04,2024-02-14,Terminated,1,10.2,10 yr+,5,Male,35,Single,Bachelor,27,1070.0,Samir Eriksen,5813,0.4431,2,Q2,-16.0,0,18.0,2024-01-29,3,4,3,3,Yes,1
1807,Mira,Dubois,Mira Dubois,2,Engineering,Technology,QA Engineer,2,Travel_Frequently,2017-09-25,2024-11-20,Terminated,1,7.15,5-10 yr,4,Male,34,Married,Master,9,1069.0,Divya Krishnan,5346,0.9341,4,Q4 (highest paid in role),65.1,1,17.0,2024-11-03,3,1,4,2,No,0
1809,Claire,Ramos,Claire Ramos,5,Operations,Technology,Operations Director,2,Travel_Rarely,2014-05-06,2024-10-25,Terminated,1,10.47,10 yr+,5,Male,37,Single,Master,10,1026.0,Nadia Mbeki,4213,0.0347,1,Q1 (lowest paid in role),-42.2,0,15.0,2024-10-11,3,1,4,1,No,1
1818,Kwame,Grimaldi,Kwame Grimaldi,3,HR,Corporate Services,HR Generalist,1,Travel_Rarely,2020-05-22,2025-07-16,Terminated,1,5.15,5-10 yr,4,Female,26,Married,College,20,590.0,Rosa Fitzgerald,2148,0.1176,1,Q1 (lowest paid in role),-49.3,0,11.0,2025-07-14,3,2,4,3,Yes,1
1821,Nadia,Moreau,Nadia Moreau,6,Customer Support,Go-To-Market,Support Representative,2,Travel_Rarely,2014-10-06,2024-04-27,Terminated,1,9.56,5-10 yr,4,Female,46,Married,College,21,1661.0,Daniel Krishnan,8926,0.7154,3,Q3,18.6,1,22.0,2024-04-22,4,2,4,4,No,0
1842,Marcus,Marchetti,Marcus Marchetti,3,HR,Corporate Services,HR Generalist,1,Travel_Rarely,2024-05-05,2025-09-23,Terminated,1,1.39,1-3 yr,2,Male,31,Married,Doctor,18,2040.0,Hugo Mbeki,2956,0.4706,2,Q2,-30.2,0,17.0,2025-09-14,3,1,4,3,No,1
1844,Nikolai,Hassan,Nikolai Hassan,3,HR,Corporate Services,HR Generalist,1,Travel_Rarely,2022-06-06,2024-10-20,Terminated,1,2.37,1-3 yr,2,Male,29,Divorced,Bachelor,13,590.0,Rosa Fitzgerald,2335,0.2353,1,Q1 (lowest paid in role),-44.9,3,15.0,2024-10-16,3,1,1,3,Yes,1
1862,Nina,Mbeki,Nina Mbeki,1,Sales,Go-To-Market,Sales Executive,2,Travel_Rarely,2021-11-21,2024-02-06,Terminated,1,2.21,1-3 yr,2,Male,32,Single,Master,2,1968.0,Andre Ortega,9907,0.8677,4,Q4 (highest paid in role),43.1,0,12.0,2024-01-30,3,2,3,2,Yes,1
1868,Idris,Ramos,Idris Ramos,2,Engineering,Technology,Software Engineer,1,Travel_Frequently,2022-07-21,2024-01-13,Terminated,1,1.48,1-3 yr,2,Male,29,Single,College,24,1443.0,Aisha Rossi,2439,0.2749,2,Q2,-24.7,0,24.0,2024-01-11,4,4,4,2,Yes,1
1869,Aisha,Silva,Aisha Silva,1,Sales,Go-To-Market,Sales Executive,3,Travel_Rarely,2016-02-18,2024-04-09,Terminated,1,8.14,5-10 yr,4,Female,46,Married,Bachelor,10,746.0,Zara Marchetti,7314,0.6431,3,Q3,5.6,3,21.0,2024-04-09,4,2,3,3,No,0
1876,Diego,Bianchi,Diego Bianchi,1,Sales,Go-To-Market,Sales Representative,1,Travel_Rarely,2024-02-18,2025-05-02,Terminated,1,1.2,1-3 yr,2,Male,30,Single,Bachelor,9,1732.0,Claire Mehta,1081,0.0122,1,Q1 (lowest paid in role),-58.8,0,13.0,2025-04-27,3,4,2,2,No,1
1878,Felix,Cardoso,Felix Cardoso,2,Engineering,Technology,Software Engineer,1,Travel_Rarely,2023-10-11,2025-02-19,Terminated,1,1.36,1-3 yr,2,Male,22,Single,Below College,7,1485.0,Ethan Quintero,2472,0.2921,2,Q2,-23.7,0,23.0,2025-01-31,4,2,4,3,Yes,0
1905,Felix,Halvorsen,Felix Halvorsen,2,Engineering,Technology,Software Engineer,1,Non-Travel,2020-11-10,2025-11-28,Terminated,1,5.05,5-10 yr,4,Male,34,Married,Master,16,730.0,Jonas Silva,2307,0.1821,1,Q1 (lowest paid in role),-28.8,1,23.0,2025-11-14,4,1,4,3,Yes,0
1907,Samir,Novak,Samir Novak,2,Engineering,Technology,QA Engineer,1,Travel_Rarely,2020-02-18,2024-03-13,Terminated,1,4.07,3-5 yr,3,Male,56,Single,College,24,1255.0,Claire Reyes,2587,0.3682,2,Q2,-20.1,0,16.0,2024-03-12,3,4,1,3,No,1
1928,Samir,Aoki,Samir Aoki,1,Sales,Go-To-Market,Sales Representative,1,Travel_Frequently,2024-12-15,2025-12-17,Terminated,1,1.0,1-3 yr,2,Male,29,Single,Bachelor,24,1732.0,Claire Mehta,1091,0.0244,1,Q1 (lowest paid in role),-58.5,0,17.0,2025-12-02,3,1,3,3,No,0
1933,Tobias,Mbeki,Tobias Mbeki,1,Sales,Go-To-Market,Sales Executive,2,Travel_Rarely,2022-07-10,2025-04-02,Terminated,1,2.73,1-3 yr,2,Female,28,Single,College,13,174.0,Grace Dubois,9854,0.8615,4,Q4 (highest paid in role),42.3,0,11.0,2025-03-23,3,3,4,3,Yes,1
1939,Ethan,Moreau,Ethan Moreau,2,Engineering,Technology,Software Engineer,1,Travel_Frequently,2020-10-30,2025-07-04,Terminated,1,4.68,3-5 yr,3,Female,32,Single,College,5,815.0,Chloe Aoki,2432,0.2612,2,Q2,-24.9,0,14.0,2025-06-18,3,3,1,3,Yes,1
1944,Luis,Steiner,Luis Steiner,3,HR,Corporate Services,HR Generalist,1,Travel_Frequently,2024-07-11,2025-12-01,Terminated,1,1.39,1-3 yr,2,Female,27,Married,Bachelor,22,590.0,Rosa Fitzgerald,2863,0.4314,2,Q2,-32.4,0,12.0,2025-11-27,3,2,1,3,No,1
1960,Mei,Mehta,Mei Mehta,2,Engineering,Technology,QA Engineer,1,Travel_Rarely,2020-06-29,2025-05-20,Terminated,1,4.89,3-5 yr,3,Male,28,Divorced,Bachelor,17,1523.0,Daniel Osei,2367,0.2287,1,Q1 (lowest paid in role),-26.9,1,12.0,2025-05-20,3,4,3,2,No,1
1967,Mei,Ramos,Mei Ramos,1,Sales,Go-To-Market,Sales Executive,2,Travel_Frequently,2014-01-05,2024-04-24,Terminated,1,10.3,10 yr+,5,Male,31,Married,Master,26,1319.0,Sofia Castellanos,5617,0.4031,2,Q2,-18.9,0,11.0,2024-04-23,3,4,1,3,Yes,1
1968,Andre,Ortega,Andre Ortega,1,Sales,Go-To-Market,Sales Executive,3,Travel_Rarely,2022-09-18,2024-11-01,Terminated,1,2.12,1-3 yr,2,Male,53,Single,Master,24,897.0,Diego Rossi,10448,0.9169,4,Q4 (highest paid in role),50.9,0,13.0,2024-10-30,3,1,1,2,Yes,1
2023,Samir,Lombardi,Samir Lombardi,1,Sales,Go-To-Market,Sales Representative,1,Travel_Frequently,2023-05-09,2024-05-16,Terminated,1,1.02,1-3 yr,2,Male,23,Married,Bachelor,9,1869.0,Aisha Silva,1790,0.0976,1,Q1 (lowest paid in role),-31.8,1,19.0,2024-05-04,3,1,4,2,No,0
2027,Andre,Okafor,Andre Okafor,2,Engineering,Technology,Software Engineer,1,Travel_Rarely,2022-02-22,2024-05-12,Terminated,1,2.22,1-3 yr,2,Male,29,Married,Master,1,575.0,Soren Bergman,4787,0.8797,4,Q4 (highest paid in role),47.7,3,14.0,2024-05-11,3,4,1,4,Yes,1
2032,Nina,Jokinen,Nina Jokinen,2,Engineering,Technology,QA Engineer,1,Travel_Rarely,2014-11-09,2025-08-19,Terminated,1,10.78,10 yr+,5,Male,56,Married,College,7,1255.0,Claire Reyes,2339,0.2093,1,Q1 (lowest paid in role),-27.7,1,11.0,2025-07-31,3,3,4,1,No,1
2044,Nadia,Haddad,Nadia Haddad,1,Sales,Go-To-Market,Sales Executive,2,Travel_Frequently,2018-06-29,2025-06-08,Terminated,1,6.94,5-10 yr,4,Male,50,Divorced,Master,1,986.0,Marcus Silva,6728,0.5815,3,Q3,-2.8,2,12.0,2025-05-26,3,3,2,3,No,1
2055,Oscar,Bakker,Oscar Bakker,1,Sales,Go-To-Market,Sales Executive,3,Travel_Rarely,2021-09-08,2024-12-08,Terminated,1,3.25,3-5 yr,3,Male,50,Divorced,Bachelor,28,1138.0,Caleb Quintero,10854,0.9477,4,Q4 (highest paid in role),56.8,1,13.0,2024-11-20,3,1,4,3,Yes,1
2,Rahul,Larsen,Rahul Larsen,2,Engineering,Technology,Software Engineer,2,Travel_Frequently,2015-03-21,,Active,0,10.78,10 yr+,5,Male,49,Married,Below College,8,638.0,Kwame Cardoso,5130,0.9244,4,Q4 (highest paid in role),58.3,1,23.0,2025-12-14,4,2,3,3,No,
5,Mei,Castellanos,Mei Castellanos,2,Engineering,Technology,Software Engineer,1,Travel_Frequently,2017-02-16,,Active,0,8.87,5-10 yr,4,Female,33,Married,Master,3,730.0,Jonas Silva,2909,0.512,3,Q3,-10.2,0,11.0,2025-12-21,3,3,4,3,Yes,
7,Grace,Simonsen,Grace Simonsen,2,Engineering,Technology,QA Engineer,1,Travel_Rarely,2023-06-15,,Active,0,2.55,1-3 yr,2,Male,27,Married,Below College,2,1523.0,Daniel Osei,3468,0.6357,3,Q3,7.1,1,12.0,2025-12-18,3,2,1,3,No,
8,Isabel,Silva,Isabel Silva,2,Engineering,Technology,QA Engineer,1,Travel_Frequently,2018-08-12,,Active,0,7.39,5-10 yr,4,Male,32,Single,College,2,901.0,Chloe Mbeki,3068,0.5349,3,Q3,-5.2,0,13.0,2025-12-25,3,4,4,2,No,
10,Ethan,Marchetti,Ethan Marchetti,2,Engineering,Technology,QA Engineer,1,Travel_Rarely,2024-12-02,,Active,0,1.08,1-3 yr,2,Female,59,Married,Bachelor,3,1608.0,Oscar Silva,2670,0.407,2,Q2,-17.5,3,20.0,2025-12-17,4,1,3,2,Yes,
11,Viktor,Andersen,Viktor Andersen,2,Engineering,Technology,QA Engineer,1,Travel_Rarely,2024-10-13,,Active,0,1.22,1-3 yr,2,Male,30,Divorced,Below College,24,1317.0,Aarav Duarte,2693,0.4147,2,Q2,-16.8,1,22.0,2025-12-21,4,3,4,3,No,
12,Sanne,Dubois,Sanne Dubois,5,Operations,Technology,Operations Director,3,Travel_Frequently,2016-06-23,,Active,0,9.52,5-10 yr,4,Male,38,Single,Bachelor,23,1367.0,Isabel Duarte,9526,0.75,3,Q3,30.6,0,21.0,2025-12-30,4,3,4,3,No,
13,Zara,Haddad,Zara Haddad,6,Customer Support,Go-To-Market,Support Representative,2,Travel_Rarely,2018-04-17,,Active,0,7.71,5-10 yr,4,Male,36,Married,Bachelor,27,119.0,Fatima Novak,5237,0.1846,1,Q1 (lowest paid in role),-30.4,2,13.0,2025-12-15,3,3,3,2,No,
14,Leila,Halvorsen,Leila Halvorsen,2,Engineering,Technology,QA Engineer,1,Travel_Rarely,2020-07-10,,Active,0,5.48,5-10 yr,4,Male,35,Married,Bachelor,16,1250.0,Bruno Castellanos,2426,0.2868,2,Q2,-25.1,1,13.0,2025-12-26,3,2,1,3,No,
15,Mira,Eriksen,Mira Eriksen,2,Engineering,Technology,QA Engineer,2,Travel_Rarely,2016-10-14,,Active,0,9.21,5-10 yr,4,Female,29,Single,College,15,1608.0,Oscar Silva,4193,0.8178,4,Q4 (highest paid in role),29.5,0,12.0,2025-12-17,3,3,4,3,Yes,
16,Felix,Nakamura,Felix Nakamura,2,Engineering,Technology,Software Engineer,1,Travel_Rarely,2020-02-27,,Active,0,5.84,5-10 yr,4,Male,31,Divorced,Below College,26,815.0,Chloe Aoki,2911,0.5155,3,Q3,-10.2,1,17.0,2025-12-16,3,3,1,2,No,
18,Zara,Petrov,Zara Petrov,2,Engineering,Technology,QA Engineer,1,Travel_Rarely,2023-08-23,,Active,0,2.36,1-3 yr,2,Male,34,Divorced,College,19,1422.0,Isabel Vandenberg,2661,0.4031,2,Q2,-17.8,1,11.0,2025-12-15,3,4,2,3,No,
20,Andre,Andersen,Andre Andersen,5,Operations,Technology,Operations Director,3,Travel_Rarely,2015-12-20,,Active,0,10.03,10 yr+,5,Female,29,Divorced,Master,21,1005.0,Zara Lindqvist,9980,0.7917,4,Q4 (highest paid in role),36.8,1,11.0,2025-12-16,3,1,2,3,No,
21,Divya,Lombardi,Divya Lombardi,2,Engineering,Technology,Software Engineer,1,Travel_Rarely,2019-06-28,,Active,0,6.51,5-10 yr,4,Male,32,Divorced,College,5,901.0,Chloe Mbeki,3298,0.622,3,Q3,1.8,2,12.0,2025-12-24,3,2,1,2,Yes,
22,Elena,Whitfield,Elena Whitfield,2,Engineering,Technology,QA Engineer,1,Non-Travel,2024-11-22,,Active,0,1.11,1-3 yr,2,Male,22,Divorced,College,16,468.0,Mei Mehta,2935,0.5078,3,Q3,-9.3,2,13.0,2025-12-24,3,4,4,2,Yes,
23,Marcus,Ferreira,Marcus Ferreira,4,Finance,Corporate Services,Finance Manager,4,Travel_Rarely,2000-07-24,,Active,0,25.44,10 yr+,5,Female,53,Married,Master,2,374.0,Aarav Lindqvist,15427,0.1881,1,Q1 (lowest paid in role),-10.2,0,16.0,2025-12-11,3,4,1,3,No,
24,Yuki,Castellanos,Yuki Castellanos,2,Engineering,Technology,Software Engineer,1,Travel_Rarely,2022-11-22,,Active,0,3.11,3-5 yr,3,Male,38,Single,Bachelor,2,1128.0,Kwame Mehta,3944,0.7732,4,Q4 (highest paid in role),21.7,0,11.0,2025-12-25,3,4,4,3,Yes,
26,Andre,Navarro,Andre Navarro,5,Operations,Technology,Operations Director,2,Non-Travel,2021-09-06,,Active,0,4.32,3-5 yr,3,Female,24,Divorced,College,11,1360.0,Tariq Hassan,4011,0.0,1,Q1 (lowest paid in role),-45.0,1,18.0,2025-12-27,3,3,1,2,No,
28,Divya,Krishnan,Divya Krishnan,2,Engineering,Technology,Engineering Director,3,Travel_Rarely,2013-07-10,,Active,0,12.48,10 yr+,5,Female,34,Single,Master,7,396.0,Chloe Tanaka,11994,0.1013,1,Q1 (lowest paid in role),-25.2,0,11.0,2025-12-20,3,2,1,3,No,
30,Lena,Aoki,Lena Aoki,2,Engineering,Technology,Software Engineer,1,Travel_Rarely,2025-08-26,,Active,0,0.35,0-1 yr,1,Male,21,Single,College,15,1485.0,Ethan Quintero,1232,0.0103,1,Q1 (lowest paid in role),-62.0,0,14.0,2025-12-23,3,4,3,3,No,
32,Freya,Okafor,Freya Okafor,4,Finance,Corporate Services,Finance Manager,5,Travel_Rarely,2011-02-05,,Active,0,14.9,10 yr+,5,Female,53,Divorced,Bachelor,5,140.0,Camila Osei,19094,0.7426,3,Q3,11.1,1,11.0,2025-12-23,3,3,3,2,No,
35,Zara,Bakker,Zara Bakker,1,Sales,Go-To-Market,Sales Executive,2,Travel_Rarely,2016-11-13,,Active,0,9.13,5-10 yr,4,Male,42,Married,Master,8,1975.0,Grace Kaur,6825,0.6,3,Q3,-1.4,1,11.0,2025-12-18,3,2,3,3,No,
36,Felix,Lindqvist,Felix Lindqvist,6,Customer Support,Go-To-Market,Support Representative,3,Travel_Rarely,2003-05-18,,Active,0,22.62,10 yr+,5,Female,44,Married,Master,7,1606.0,Aarav Eriksen,10248,0.8077,4,Q4 (highest paid in role),36.1,1,14.0,2025-12-30,3,4,1,3,No,
38,Samir,Lombardi,Samir Lombardi,4,Finance,Corporate Services,Finance Manager,5,Travel_Rarely,2023-03-12,,Active,0,2.81,1-3 yr,2,Female,46,Single,Master,2,140.0,Camila Osei,18947,0.703,3,Q3,10.3,0,12.0,2025-12-15,3,1,2,2,No,
39,Sanne,Reyes,Sanne Reyes,2,Engineering,Technology,QA Engineer,1,Travel_Rarely,2024-10-08,,Active,0,1.23,1-3 yr,2,Male,33,Single,Bachelor,2,730.0,Jonas Silva,2496,0.3178,2,Q2,-22.9,0,11.0,2025-12-20,3,4,3,3,No,
40,Peter,Moreau,Peter Moreau,6,Customer Support,Go-To-Market,Support Representative,2,Travel_Rarely,2021-11-20,,Active,0,4.11,3-5 yr,3,Male,44,Married,Master,10,1661.0,Daniel Krishnan,6465,0.4077,2,Q2,-14.1,0,13.0,2025-12-13,3,4,4,4,Yes,
41,Leila,Bianchi,Leila Bianchi,2,Engineering,Technology,QA Engineer,1,Travel_Rarely,2015-04-14,,Active,0,10.72,10 yr+,5,Male,30,Single,College,9,1317.0,Aarav Duarte,2206,0.1318,1,Q1 (lowest paid in role),-31.9,0,13.0,2025-12-13,3,3,4,3,No,
46,Camila,Andersen,Camila Andersen,2,Engineering,Technology,Software Engineer,1,Travel_Rarely,2020-08-13,,Active,0,5.38,5-10 yr,4,Female,43,Divorced,College,2,999.0,Jonas Mbeki,2645,0.378,2,Q2,-18.4,2,12.0,2025-12-28,3,3,4,2,No,
49,Chloe,Vandenberg,Chloe Vandenberg,1,Sales,Go-To-Market,Sales Representative,1,Travel_Rarely,2023-08-18,,Active,0,2.37,1-3 yr,2,Female,35,Married,Bachelor,2,244.0,Divya Navarro,2014,0.122,1,Q1 (lowest paid in role),-23.3,0,13.0,2025-12-24,3,4,4,3,No,
51,Yuki,Fitzgerald,Yuki Fitzgerald,2,Engineering,Technology,Software Engineer,1,Travel_Rarely,2024-01-24,,Active,0,1.94,1-3 yr,2,Female,36,Married,Master,5,1424.0,Rahul Novak,3419,0.6529,3,Q3,5.5,1,14.0,2025-12-18,3,1,2,4,Yes,
52,Chloe,Reyes,Chloe Reyes,1,Sales,Go-To-Market,Sales Executive,2,Travel_Frequently,2020-05-13,,Active,0,5.63,5-10 yr,4,Female,33,Married,Bachelor,1,862.0,Hugo Grimaldi,5376,0.3323,2,Q2,-22.4,2,19.0,2025-12-15,3,1,3,3,No,
53,Viktor,Lombardi,Viktor Lombardi,2,Engineering,Technology,QA Engineer,1,Travel_Rarely,2024-05-17,,Active,0,1.62,1-3 yr,2,Male,35,Divorced,College,4,1250.0,Bruno Castellanos,1951,0.0426,1,Q1 (lowest paid in role),-39.7,1,12.0,2025-12-14,3,4,3,3,No,
54,Nadia,Pashkov,Nadia Pashkov,2,Engineering,Technology,QA Engineer,1,Travel_Rarely,2024-08-12,,Active,0,1.39,1-3 yr,2,Female,27,Divorced,Master,2,1523.0,Daniel Osei,2341,0.2171,1,Q1 (lowest paid in role),-27.7,1,13.0,2025-12-26,3,1,4,3,No,
56,Ethan,Steiner,Ethan Steiner,1,Sales,Go-To-Market,Sales Executive,3,Travel_Frequently,2016-06-18,,Active,0,9.54,5-10 yr,4,Male,27,Single,Bachelor,8,1167.0,Jonas Silva,8726,0.7662,4,Q4 (highest paid in role),26.0,0,15.0,2025-12-14,3,3,4,3,No,
57,Peter,Navarro,Peter Navarro,2,Engineering,Technology,QA Engineer,2,Travel_Frequently,2013-04-15,,Active,0,12.71,10 yr+,5,Female,30,Single,College,1,1608.0,Oscar Silva,4011,0.7946,4,Q4 (highest paid in role),23.9,0,23.0,2025-12-30,4,4,3,3,No,
60,Isabel,Halvorsen,Isabel Halvorsen,1,Sales,Go-To-Market,Sales Executive,2,Non-Travel,2016-04-19,,Active,0,9.7,5-10 yr,4,Male,34,Single,Master,23,862.0,Hugo Grimaldi,4568,0.1262,1,Q1 (lowest paid in role),-34.0,0,20.0,2025-12-26,4,3,2,3,No,
61,Tariq,Quintero,Tariq Quintero,2,Engineering,Technology,Software Engineer,1,Travel_Rarely,2024-02-10,,Active,0,1.89,1-3 yr,2,Male,37,Married,College,19,1837.0,Diego Whitfield,3022,0.5704,3,Q3,-6.7,0,21.0,2025-12-16,4,2,2,3,No,
62,Sanne,Rossi,Sanne Rossi,1,Sales,Go-To-Market,Sales Executive,2,Travel_Frequently,2016-01-23,,Active,0,9.94,5-10 yr,4,Male,46,Single,Master,5,1975.0,Grace Kaur,5772,0.44,2,Q2,-16.6,0,21.0,2025-12-12,4,4,1,3,Yes,
63,Diego,Bergman,Diego Bergman,2,Engineering,Technology,QA Engineer,1,Travel_Rarely,2024-10-13,,Active,0,1.22,1-3 yr,2,Male,35,Married,Below College,8,1250.0,Bruno Castellanos,2269,0.1667,1,Q1 (lowest paid in role),-29.9,0,19.0,2025-12-25,3,4,4,3,No,
68,Tariq,Marchetti,Tariq Marchetti,1,Sales,Go-To-Market,Sales Executive,2,Travel_Rarely,2021-10-04,,Active,0,4.24,3-5 yr,3,Female,44,Divorced,Doctor,1,1975.0,Grace Kaur,5454,0.3569,2,Q2,-21.2,1,21.0,2025-12-15,4,1,2,2,Yes,
70,Yuki,Whitfield,Yuki Whitfield,6,Customer Support,Go-To-Market,Support Representative,3,Non-Travel,2021-08-30,,Active,0,4.34,3-5 yr,3,Male,35,Married,College,11,431.0,Leila Halvorsen,9884,0.7692,4,Q4 (highest paid in role),31.3,1,13.0,2025-12-30,3,1,3,3,Yes,
72,Samir,Castellanos,Samir Castellanos,1,Sales,Go-To-Market,Sales Executive,2,Travel_Rarely,2023-12-09,,Active,0,2.06,1-3 yr,2,Female,26,Married,Bachelor,23,2055.0,Oscar Bakker,4157,0.0277,1,Q1 (lowest paid in role),-40.0,1,19.0,2025-12-18,3,4,3,2,Yes,
73,Yuki,Mbeki,Yuki Mbeki,2,Engineering,Technology,Engineering Director,3,Travel_Frequently,2010-04-13,,Active,0,15.72,10 yr+,5,Female,33,Single,College,1,638.0,Kwame Cardoso,13458,0.2278,1,Q1 (lowest paid in role),-16.1,0,12.0,2025-12-15,3,4,1,3,Yes,
74,Tobias,Simonsen,Tobias Simonsen,1,Sales,Go-To-Market,Sales Executive,3,Travel_Frequently,2016-09-04,,Active,0,9.32,5-10 yr,4,Male,35,Married,Doctor,18,1863.0,Oscar Kowalski,9069,0.7908,4,Q4 (highest paid in role),31.0,1,22.0,2025-12-15,4,1,2,2,No,
75,Tariq,Eriksen,Tariq Eriksen,2,Engineering,Technology,QA Engineer,1,Travel_Rarely,2023-11-18,,Active,0,2.12,1-3 yr,2,Female,35,Married,Master,23,1250.0,Bruno Castellanos,4014,0.7984,4,Q4 (highest paid in role),24.0,1,15.0,2025-12-26,3,1,3,3,Yes,
76,Ethan,Lindqvist,Ethan Lindqvist,2,Engineering,Technology,QA Engineer,2,Travel_Rarely,2018-11-08,,Active,0,7.15,5-10 yr,4,Male,31,Divorced,Master,7,1789.0,Kwame Eriksen,5915,0.9767,4,Q4 (highest paid in role),82.7,1,22.0,2025-12-15,4,4,4,2,No,
77,Anika,Vandenberg,Anika Vandenberg,5,Operations,Technology,Operations Director,2,Travel_Rarely,2018-09-08,,Active,0,7.31,5-10 yr,4,Male,37,Divorced,Master,1,601.0,Amara Grimaldi,5993,0.4097,2,Q2,-17.8,1,18.0,2025-12-17,3,3,1,4,No,
78,Claire,Kaur,Claire Kaur,5,Operations,Technology,Operations Director,2,Travel_Rarely,2016-06-21,,Active,0,9.53,5-10 yr,4,Male,32,Married,Bachelor,1,1283.0,Aisha Aoki,6162,0.4514,2,Q2,-15.5,1,22.0,2025-12-20,4,4,1,3,Yes,
79,Fatima,Hassan,Fatima Hassan,2,Engineering,Technology,QA Engineer,2,Travel_Frequently,2015-09-01,,Active,0,10.33,10 yr+,5,Female,38,Single,Doctor,29,1867.0,Caleb Reyes,2406,0.2713,2,Q2,-25.7,0,11.0,2025-12-26,3,4,4,3,No,
80,Mira,Silva,Mira Silva,2,Engineering,Technology,Engineering Director,5,Travel_Rarely,1998-02-21,,Active,0,27.86,10 yr+,5,Female,50,Divorced,College,7,825.0,Sofia Sharma,18740,0.7468,3,Q3,16.9,1,12.0,2025-12-11,3,3,2,2,Yes,
81,Sofia,Cardoso,Sofia Cardoso,1,Sales,Go-To-Market,Sales Executive,3,Travel_Rarely,2004-05-19,,Active,0,21.62,10 yr+,5,Female,59,Single,Bachelor,25,1372.0,Tobias Varga,7637,0.6708,3,Q3,10.3,0,11.0,2025-12-17,3,1,1,2,No,
83,Mei,Vandenberg,Mei Vandenberg,6,Customer Support,Go-To-Market,Support Representative,3,Travel_Rarely,2008-10-27,,Active,0,17.18,10 yr+,5,Female,36,Divorced,Bachelor,8,431.0,Leila Halvorsen,10096,0.7923,4,Q4 (highest paid in role),34.1,3,13.0,2025-12-13,3,3,3,3,No,
84,Aisha,Navarro,Aisha Navarro,4,Finance,Corporate Services,Finance Manager,4,Travel_Rarely,2020-11-13,,Active,0,5.13,5-10 yr,4,Female,55,Divorced,Bachelor,8,1338.0,Samir Duarte,14756,0.1386,1,Q1 (lowest paid in role),-14.1,3,14.0,2025-12-16,3,3,4,3,Yes,
85,Idris,Mbeki,Idris Mbeki,5,Operations,Technology,Operations Director,2,Travel_Frequently,2019-01-25,,Active,0,6.93,5-10 yr,4,Male,36,Single,Bachelor,11,1026.0,Nadia Mbeki,6499,0.5139,3,Q3,-10.9,0,13.0,2025-12-14,3,2,2,3,No,
86,Oscar,Quintero,Oscar Quintero,2,Engineering,Technology,Software Engineer,3,Travel_Rarely,2024-06-25,,Active,0,1.52,1-3 yr,2,Male,45,Divorced,Bachelor,7,1061.0,Claire Sharma,9724,1.0,4,Q4 (highest paid in role),200.1,1,17.0,2025-12-18,3,1,2,3,No,
88,Grace,Mbeki,Grace Mbeki,2,Engineering,Technology,Software Engineer,1,Travel_Frequently,2022-07-11,,Active,0,3.47,3-5 yr,3,Male,35,Married,Bachelor,1,1250.0,Bruno Castellanos,2194,0.1409,1,Q1 (lowest paid in role),-32.3,1,13.0,2025-12-29,3,1,2,2,No,
91,Nadia,Mbeki,Nadia Mbeki,1,Sales,Go-To-Market,Sales Executive,2,Travel_Frequently,2021-04-24,,Active,0,4.69,3-5 yr,3,Female,59,Single,Below College,1,1167.0,Jonas Silva,5473,0.3662,2,Q2,-21.0,0,11.0,2025-12-17,3,3,1,2,No,
94,Nina,Osei,Nina Osei,2,Engineering,Technology,Software Engineer,1,Travel_Rarely,2020-09-30,,Active,0,5.25,5-10 yr,4,Male,29,Married,Bachelor,2,1539.0,Camila Dubois,2703,0.4158,2,Q2,-16.6,1,23.0,2025-12-18,4,2,3,3,No,
95,Leila,Tanaka,Leila Tanaka,2,Engineering,Technology,Software Engineer,1,Travel_Rarely,2024-08-02,,Active,0,1.41,1-3 yr,2,Male,31,Single,Master,1,997.0,Leila Krishnan,2501,0.3058,2,Q2,-22.8,0,17.0,2025-12-15,3,2,3,3,No,
96,Isabel,Bergman,Isabel Bergman,2,Engineering,Technology,Software Engineer,2,Travel_Rarely,2015-09-12,,Active,0,10.3,10 yr+,5,Male,32,Married,Bachelor,1,1217.0,Soren Sharma,6220,0.9794,4,Q4 (highest paid in role),92.0,2,17.0,2025-12-13,3,2,2,3,No,
97,Chloe,Novak,Chloe Novak,2,Engineering,Technology,QA Engineer,1,Travel_Rarely,2024-08-11,,Active,0,1.39,1-3 yr,2,Female,36,Married,Bachelor,6,1424.0,Rahul Novak,3038,0.531,3,Q3,-6.2,0,12.0,2025-12-16,3,4,2,3,No,
98,Tobias,Eriksen,Tobias Eriksen,5,Operations,Technology,Operations Director,2,Travel_Rarely,2014-05-23,,Active,0,11.61,10 yr+,5,Female,31,Single,Master,8,1283.0,Aisha Aoki,4424,0.1111,1,Q1 (lowest paid in role),-39.4,0,23.0,2025-12-25,4,4,3,3,No,
100,Diego,Grimaldi,Diego Grimaldi,1,Sales,Go-To-Market,Sales Executive,2,Travel_Rarely,2010-05-18,,Active,0,15.62,10 yr+,5,Male,35,Single,Master,1,1070.0,Samir Eriksen,4312,0.0738,1,Q1 (lowest paid in role),-37.7,0,14.0,2025-12-25,3,1,3,3,No,
101,Samir,Bakker,Samir Bakker,2,Engineering,Technology,Engineering Director,3,Travel_Rarely,2025-08-20,,Active,0,0.36,0-1 yr,1,Male,45,Married,Master,6,1061.0,Claire Sharma,13245,0.1899,1,Q1 (lowest paid in role),-17.4,0,14.0,2025-12-17,3,1,4,4,Yes,
102,Ingrid,Moreau,Ingrid Moreau,2,Engineering,Technology,Engineering Director,3,Travel_Rarely,2020-01-28,,Active,0,5.92,5-10 yr,4,Male,37,Single,Master,7,396.0,Chloe Tanaka,13664,0.3038,2,Q2,-14.8,0,13.0,2025-12-28,3,3,1,4,No,
103,Idris,Nakamura,Idris Nakamura,3,HR,Corporate Services,HR Generalist,2,Travel_Rarely,2021-01-06,,Active,0,4.98,3-5 yr,3,Male,46,Divorced,College,5,1744.0,Grace Sharma,5021,0.7059,3,Q3,18.5,1,22.0,2025-12-13,4,2,2,3,Yes,
104,Priya,Bakker,Priya Bakker,2,Engineering,Technology,QA Engineer,2,Travel_Rarely,2015-10-22,,Active,0,10.19,10 yr+,5,Male,30,Married,Below College,1,1608.0,Oscar Silva,5126,0.9109,4,Q4 (highest paid in role),58.3,2,12.0,2025-12-25,3,4,4,2,Yes,
105,Chloe,Petrov,Chloe Petrov,2,Engineering,Technology,Software Engineer,1,Travel_Rarely,2019-07-26,,Active,0,6.43,5-10 yr,4,Male,35,Single,Bachelor,1,1250.0,Bruno Castellanos,2859,0.488,2,Q2,-11.8,0,18.0,2025-12-20,3,3,2,3,No,
106,Aisha,Ibrahim,Aisha Ibrahim,1,Sales,Go-To-Market,Sales Executive,3,Travel_Rarely,2024-04-06,,Active,0,1.74,1-3 yr,2,Male,55,Married,College,1,1372.0,Tobias Varga,10239,0.8892,4,Q4 (highest paid in role),47.9,1,14.0,2025-12-13,3,4,1,3,No,
107,Jonas,Okafor,Jonas Okafor,2,Engineering,Technology,Software Engineer,2,Non-Travel,2012-12-21,,Active,0,13.03,10 yr+,5,Female,38,Divorced,Bachelor,6,1867.0,Caleb Reyes,5329,0.9347,4,Q4 (highest paid in role),64.5,3,12.0,2025-12-18,3,4,2,3,Yes,
110,Daniel,Vandenberg,Daniel Vandenberg,5,Operations,Technology,Operations Director,2,Travel_Rarely,2020-02-25,,Active,0,5.85,5-10 yr,4,Male,34,Married,College,1,1026.0,Nadia Mbeki,4325,0.0833,1,Q1 (lowest paid in role),-40.7,0,15.0,2025-12-13,3,2,1,3,No,
112,Ethan,Bergman,Ethan Bergman,5,Operations,Technology,Operations Director,3,Travel_Rarely,2019-07-13,,Active,0,6.47,5-10 yr,4,Male,56,Single,Bachelor,7,1775.0,Yuki Larsen,7260,0.5833,3,Q3,-0.5,0,11.0,2025-12-29,3,4,4,2,No,
113,Samir,Ramos,Samir Ramos,1,Sales,Go-To-Market,Sales Representative,1,Travel_Rarely,2025-02-12,,Active,0,0.88,0-1 yr,1,Male,23,Divorced,Below College,2,1869.0,Aisha Silva,2322,0.3293,2,Q2,-11.6,1,13.0,2025-12-23,3,1,3,3,No,
116,Sanne,Silva,Sanne Silva,2,Engineering,Technology,QA Engineer,1,Travel_Rarely,2021-04-28,,Active,0,4.68,3-5 yr,3,Male,51,Married,Master,9,58.0,Isabel Hassan,2075,0.0814,1,Q1 (lowest paid in role),-35.9,2,23.0,2025-12-18,4,4,4,3,No,
117,Diego,Ibrahim,Diego Ibrahim,6,Customer Support,Go-To-Market,Support Representative,2,Travel_Rarely,2014-05-03,,Active,0,11.66,10 yr+,5,Male,30,Married,Bachelor,2,165.0,Ingrid Aoki,4152,0.0538,1,Q1 (lowest paid in role),-44.9,3,19.0,2025-12-21,3,4,3,3,No,
119,Fatima,Novak,Fatima Novak,6,Customer Support,Go-To-Market,Support Representative,4,Travel_Frequently,2003-10-27,,Active,0,22.18,10 yr+,5,Male,40,Married,Master,1,1278.0,Luis Jokinen,13503,0.9692,4,Q4 (highest paid in role),79.4,1,22.0,2025-12-18,4,2,3,2,No,
120,Bruno,Navarro,Bruno Navarro,1,Sales,Go-To-Market,Sales Executive,2,Travel_Rarely,2015-02-07,,Active,0,10.9,10 yr+,5,Male,51,Single,Master,21,986.0,Marcus Silva,5441,0.3538,2,Q2,-21.4,0,22.0,2025-12-26,4,4,3,1,Yes,
121,Tariq,Tanaka,Tariq Tanaka,1,Sales,Go-To-Market,Sales Executive,2,Travel_Rarely,2014-07-23,,Active,0,11.44,10 yr+,5,Female,30,Divorced,College,4,1319.0,Sofia Castellanos,5209,0.28,2,Q2,-24.8,3,12.0,2025-12-20,3,2,3,2,Yes,
124,Sanne,Navarro,Sanne Navarro,6,Customer Support,Go-To-Market,Support Representative,3,Travel_Frequently,2015-01-30,,Active,0,10.92,10 yr+,5,Male,46,Married,Bachelor,1,1606.0,Aarav Eriksen,10673,0.8769,4,Q4 (highest paid in role),41.8,1,13.0,2025-12-21,3,1,3,2,Yes,
125,Divya,Okafor,Divya Okafor,1,Sales,Go-To-Market,Sales Executive,2,Travel_Rarely,2014-10-30,,Active,0,11.17,10 yr+,5,Male,32,Single,Master,6,1050.0,Tobias Haddad,5010,0.2492,1,Q1 (lowest paid in role),-27.6,0,16.0,2025-12-15,3,3,2,3,No,
126,Chloe,Delacroix,Chloe Delacroix,2,Engineering,Technology,Engineering Director,3,Travel_Rarely,2021-12-06,,Active,0,4.07,3-5 yr,3,Female,54,Married,Master,2,385.0,Hannah Lindqvist,13549,0.2658,2,Q2,-15.5,1,12.0,2025-12-16,3,3,1,1,No,
128,Viktor,Mbeki,Viktor Mbeki,1,Sales,Go-To-Market,Sales Executive,2,Travel_Rarely,2022-10-03,,Active,0,3.24,3-5 yr,3,Female,24,Married,College,3,118.0,Anika Bergman,4999,0.2431,1,Q1 (lowest paid in role),-27.8,1,21.0,2025-12-13,4,3,1,2,No,
129,Rosa,Nowak,Rosa Nowak,1,Sales,Go-To-Market,Sales Executive,2,Non-Travel,2020-05-10,,Active,0,5.64,5-10 yr,4,Male,28,Married,Bachelor,4,174.0,Grace Dubois,4221,0.0492,1,Q1 (lowest paid in role),-39.0,0,15.0,2025-12-22,3,3,2,4,No,
132,Bruno,Lombardi,Bruno Lombardi,2,Engineering,Technology,QA Engineer,2,Non-Travel,2022-11-26,,Active,0,3.1,3-5 yr,3,Male,44,Married,Bachelor,23,1941.0,Andre Delacroix,2042,0.0698,1,Q1 (lowest paid in role),-36.9,1,12.0,2025-12-18,3,2,2,4,No,
134,Anika,Haddad,Anika Haddad,2,Engineering,Technology,Software Engineer,1,Travel_Rarely,2024-05-26,,Active,0,1.6,1-3 yr,2,Male,32,Single,Below College,1,1472.0,Divya Lindqvist,2956,0.543,3,Q3,-8.8,0,13.0,2025-12-16,3,1,4,3,No,
138,Freya,Osei,Freya Osei,2,Engineering,Technology,Software Engineer,2,Travel_Rarely,2009-02-28,,Active,0,16.84,10 yr+,5,Female,34,Single,Master,6,1069.0,Divya Krishnan,4809,0.8832,4,Q4 (highest paid in role),48.4,0,14.0,2025-12-23,3,3,1,3,No,
139,Oscar,Lombardi,Oscar Lombardi,6,Customer Support,Go-To-Market,Support Representative,2,Non-Travel,2024-12-27,,Active,0,1.01,1-3 yr,2,Male,37,Divorced,College,2,119.0,Fatima Novak,5163,0.1769,1,Q1 (lowest paid in role),-31.4,1,14.0,2025-12-17,3,4,3,4,No,
140,Camila,Osei,Camila Osei,4,Finance,Corporate Services,Finance Manager,5,Non-Travel,2022-05-01,,Active,0,3.67,3-5 yr,3,Female,59,Married,Master,2,549.0,Freya Larsen,18844,0.6832,3,Q3,9.7,1,21.0,2025-12-19,4,4,3,3,No,
141,Aarav,Jokinen,Aarav Jokinen,2,Engineering,Technology,Engineering Director,5,Travel_Frequently,2017-02-04,,Active,0,8.9,5-10 yr,4,Female,50,Married,Bachelor,1,825.0,Sofia Sharma,18172,0.6835,3,Q3,13.3,0,19.0,2025-12-13,3,2,1,2,Yes,
143,Mei,Fitzgerald,Mei Fitzgerald,2,Engineering,Technology,Software Engineer,1,Travel_Rarely,2023-08-12,,Active,0,2.39,1-3 yr,2,Male,25,Married,Below College,7,1666.0,Soren Marchetti,2889,0.5017,3,Q3,-10.8,2,11.0,2025-12-22,3,4,4,3,No,
144,Divya,Grimaldi,Divya Grimaldi,2,Engineering,Technology,QA Engineer,1,Travel_Rarely,2025-06-05,,Active,0,0.57,0-1 yr,1,Female,22,Single,Bachelor,15,468.0,Mei Mehta,2871,0.4961,2,Q2,-11.3,0,15.0,2025-12-31,3,4,2,3,No,
145,Marcus,Bakker,Marcus Bakker,6,Customer Support,Go-To-Market,Support Representative,3,Travel_Frequently,2012-05-09,,Active,0,13.65,10 yr+,5,Female,51,Single,Master,1,1606.0,Aarav Eriksen,7484,0.5769,3,Q3,-0.6,0,20.0,2025-12-17,4,1,1,2,No,
148,Tobias,Kaur,Tobias Kaur,4,Finance,Corporate Services,Finance Manager,4,Non-Travel,2020-01-31,,Active,0,5.92,5-10 yr,4,Female,54,Single,Bachelor,26,374.0,Aarav Lindqvist,17328,0.4752,2,Q2,0.9,0,12.0,2025-12-11,3,4,4,3,Yes,
150,Aisha,Vandenberg,Aisha Vandenberg,2,Engineering,Technology,QA Engineer,1,Travel_Rarely,2020-04-01,,Active,0,5.75,5-10 yr,4,Male,24,Married,Below College,18,1666.0,Soren Marchetti,2774,0.4535,2,Q2,-14.3,1,12.0,2025-12-15,3,3,2,3,No,
151,Priya,Nakamura,Priya Nakamura,2,Engineering,Technology,Software Engineer,2,Travel_Rarely,2024-05-12,,Active,0,1.64,1-3 yr,2,Female,34,Divorced,Master,6,1069.0,Divya Krishnan,4505,0.8385,4,Q4 (highest paid in role),39.0,1,15.0,2025-12-17,3,2,3,3,No,
152,Viktor,Dubois,Viktor Dubois,1,Sales,Go-To-Market,Sales Executive,3,Travel_Rarely,2020-02-23,,Active,0,5.85,5-10 yr,4,Male,37,Single,Bachelor,3,1716.0,Elena Pashkov,7428,0.6523,3,Q3,7.3,0,12.0,2025-12-15,3,4,3,3,No,
153,Caleb,Ramos,Caleb Ramos,4,Finance,Corporate Services,Finance Manager,3,Travel_Rarely,2014-09-24,,Active,0,11.27,10 yr+,5,Female,34,Single,Bachelor,5,1973.0,Yuki Kaur,11631,0.0198,1,Q1 (lowest paid in role),-32.3,0,12.0,2025-12-24,3,1,3,3,No,
154,Idris,Castellanos,Idris Castellanos,1,Sales,Go-To-Market,Sales Executive,3,Travel_Frequently,2016-12-15,,Active,0,9.04,5-10 yr,4,Female,36,Married,College,11,1716.0,Elena Pashkov,9738,0.8554,4,Q4 (highest paid in role),40.6,1,14.0,2025-12-29,3,4,2,3,No,
155,Leila,Lombardi,Leila Lombardi,2,Engineering,Technology,QA Engineer,1,Travel_Rarely,2024-09-01,,Active,0,1.33,1-3 yr,2,Female,36,Divorced,College,3,1424.0,Rahul Novak,2835,0.4806,2,Q2,-12.4,1,22.0,2025-12-14,4,4,1,3,No,
158,Grace,Krishnan,Grace Krishnan,4,Finance,Corporate Services,Finance Manager,4,Travel_Frequently,2000-02-29,,Active,0,25.84,10 yr+,5,Male,43,Married,College,26,787.0,Divya Novak,16959,0.396,2,Q2,-1.3,2,12.0,2025-12-27,3,4,3,4,Yes,
159,Nadia,Bergman,Nadia Bergman,2,Engineering,Technology,Software Engineer,1,Travel_Frequently,2015-05-14,,Active,0,10.63,10 yr+,5,Male,30,Divorced,Bachelor,23,1317.0,Aarav Duarte,2613,0.3643,2,Q2,-19.4,3,25.0,2025-12-23,4,3,1,2,No,
160,Fatima,Delacroix,Fatima Delacroix,1,Sales,Go-To-Market,Sales Executive,2,Non-Travel,2018-03-29,,Active,0,7.76,5-10 yr,4,Male,33,Married,College,22,1050.0,Tobias Haddad,6146,0.4769,2,Q2,-11.2,1,13.0,2025-12-28,3,2,3,4,No,
162,Soren,Pashkov,Soren Pashkov,2,Engineering,Technology,Engineering Director,5,Travel_Rarely,2005-01-10,,Active,0,20.97,10 yr+,5,Male,51,Single,Bachelor,6,825.0,Sofia Sharma,19537,0.9114,4,Q4 (highest paid in role),21.9,0,13.0,2025-12-24,3,3,1,3,No,
164,Leila,Ramos,Leila Ramos,2,Engineering,Technology,Software Engineer,1,Travel_Rarely,2020-08-27,,Active,0,5.34,5-10 yr,4,Female,26,Married,Bachelor,6,661.0,Andre Nowak,2368,0.2371,1,Q1 (lowest paid in role),-26.9,0,19.0,2025-12-24,3,2,3,2,No,
169,Tariq,Rossi,Tariq Rossi,2,Engineering,Technology,QA Engineer,1,Travel_Rarely,2023-02-01,,Active,0,2.91,1-3 yr,2,Male,22,Married,Below College,2,468.0,Mei Mehta,2523,0.3333,2,Q2,-22.1,1,14.0,2025-12-28,3,4,3,3,No,
170,Tariq,Andersen,Tariq Andersen,5,Operations,Technology,Operations Director,2,Travel_Rarely,2010-01-19,,Active,0,15.95,10 yr+,5,Female,49,Married,Master,20,1005.0,Zara Lindqvist,6567,0.5417,3,Q3,-10.0,0,14.0,2025-12-13,3,1,3,2,No,
171,Leila,Bakker,Leila Bakker,2,Engineering,Technology,Software Engineer,1,Travel_Frequently,2022-06-15,,Active,0,3.55,3-5 yr,3,Female,43,Single,Bachelor,28,999.0,Jonas Mbeki,4739,0.8694,4,Q4 (highest paid in role),46.3,0,12.0,2025-12-31,3,3,2,3,No,
174,Grace,Dubois,Grace Dubois,1,Sales,Go-To-Market,Sales Executive,3,Travel_Frequently,2023-07-08,,Active,0,2.48,1-3 yr,2,Female,50,Single,Bachelor,12,1138.0,Caleb Quintero,9208,0.8031,4,Q4 (highest paid in role),33.0,0,11.0,2025-12-20,3,4,3,3,No,
176,Sanne,Kowalski,Sanne Kowalski,1,Sales,Go-To-Market,Sales Executive,3,Travel_Rarely,2016-11-18,,Active,0,9.12,5-10 yr,4,Male,41,Divorced,Below College,9,1716.0,Elena Pashkov,8189,0.7138,3,Q3,18.3,1,13.0,2025-12-13,3,3,3,3,Yes,
177,Viktor,Marchetti,Viktor Marchetti,3,HR,Corporate Services,HR Generalist,1,Travel_Rarely,2017-08-30,,Active,0,8.34,5-10 yr,4,Female,26,Married,Below College,25,590.0,Rosa Fitzgerald,2942,0.451,2,Q2,-30.5,1,23.0,2025-12-13,4,3,3,3,No,
178,Diego,Ibrahim,Diego Ibrahim,5,Operations,Technology,Operations Director,2,Travel_Rarely,2022-03-27,,Active,0,3.76,3-5 yr,3,Male,36,Divorced,College,6,1026.0,Nadia Mbeki,4941,0.2153,1,Q1 (lowest paid in role),-32.3,2,20.0,2025-12-24,4,2,2,3,No,
182,Samir,Kowalski,Samir Kowalski,1,Sales,Go-To-Market,Sales Executive,2,Travel_Rarely,2010-07-27,,Active,0,15.43,10 yr+,5,Female,39,Married,Master,4,2056.0,Grace Krishnan,5902,0.4523,2,Q2,-14.8,1,14.0,2025-12-16,3,3,4,4,No,
183,Hugo,Marchetti,Hugo Marchetti,1,Sales,Go-To-Market,Sales Executive,2,Travel_Rarely,2023-11-13,,Active,0,2.13,1-3 yr,2,Male,25,Married,Bachelor,28,840.0,Viktor Steiner,8639,0.76,4,Q4 (highest paid in role),24.8,0,18.0,2025-12-18,3,3,1,3,No,
184,Aarav,Varga,Aarav Varga,3,HR,Corporate Services,HR Generalist,2,Travel_Rarely,2014-07-02,,Active,0,11.5,10 yr+,5,Male,30,Married,Bachelor,9,1098.0,Jonas Novak,6347,0.8235,4,Q4 (highest paid in role),49.8,0,19.0,2025-12-11,3,4,3,1,Yes,
192,Hannah,Hassan,Hannah Hassan,2,Engineering,Technology,Software Engineer,1,Travel_Rarely,2019-01-24,,Active,0,6.93,5-10 yr,4,Male,45,Single,Bachelor,29,58.0,Isabel Hassan,3452,0.6735,3,Q3,6.5,0,13.0,2025-12-11,3,4,3,2,No,
193,Grace,Steiner,Grace Steiner,2,Engineering,Technology,Software Engineer,2,Travel_Rarely,2022-02-16,,Active,0,3.87,3-5 yr,3,Female,38,Single,Doctor,3,1867.0,Caleb Reyes,4317,0.8076,4,Q4 (highest paid in role),33.2,0,20.0,2025-12-21,4,3,4,3,Yes,
194,Zara,Larsen,Zara Larsen,2,Engineering,Technology,Software Engineer,1,Travel_Rarely,2020-10-26,,Active,0,5.18,5-10 yr,4,Female,30,Single,Bachelor,18,1317.0,Aarav Duarte,2632,0.3746,2,Q2,-18.8,0,14.0,2025-12-28,3,3,1,2,No,
195,Claire,Silva,Claire Silva,1,Sales,Go-To-Market,Sales Executive,2,Travel_Frequently,2017-08-12,,Active,0,8.39,5-10 yr,4,Male,32,Divorced,College,9,1050.0,Tobias Haddad,4668,0.1631,1,Q1 (lowest paid in role),-32.6,3,17.0,2025-12-17,3,4,4,4,No,
197,Diego,Bakker,Diego Bakker,2,Engineering,Technology,Software Engineer,1,Travel_Rarely,2022-07-25,,Active,0,3.44,3-5 yr,3,Female,30,Divorced,Bachelor,5,1539.0,Camila Dubois,3204,0.6082,3,Q3,-1.1,1,14.0,2025-12-30,3,1,4,3,No,
198,Fatima,Jokinen,Fatima Jokinen,2,Engineering,Technology,QA Engineer,1,Travel_Rarely,2020-11-14,,Active,0,5.13,5-10 yr,4,Male,30,Single,Below College,2,1539.0,Camila Dubois,2720,0.4302,2,Q2,-16.0,0,13.0,2025-12-20,3,4,2,3,No,
199,Anika,Steiner,Anika Steiner,4,Finance,Corporate Services,Finance Manager,4,Travel_Frequently,2018-05-23,,Active,0,7.61,5-10 yr,4,Male,41,Divorced,Bachelor,10,1336.0,Viktor Bianchi,17181,0.4653,2,Q2,-0.0,1,13.0,2025-12-26,3,1,4,2,No,
200,Nadia,Grimaldi,Nadia Grimaldi,2,Engineering,Technology,QA Engineer,1,Travel_Rarely,2020-03-07,,Active,0,5.82,5-10 yr,4,Male,41,Married,Master,9,1035.0,Lena Osei,2238,0.155,1,Q1 (lowest paid in role),-30.9,1,21.0,2025-12-26,4,1,3,3,No,
201,Yuki,Rossi,Yuki Rossi,2,Engineering,Technology,QA Engineer,1,Travel_Rarely,2024-01-29,,Active,0,1.92,1-3 yr,2,Female,19,Single,Below College,3,612.0,Soren Castellanos,1483,0.0233,1,Q1 (lowest paid in role),-54.2,0,14.0,2025-12-26,3,2,2,3,No,
202,Chloe,Marchetti,Chloe Marchetti,2,Engineering,Technology,Software Engineer,2,Travel_Frequently,2005-02-04,,Active,0,20.9,10 yr+,5,Female,40,Divorced,Bachelor,26,1263.0,Caleb Eriksen,5605,0.9622,4,Q4 (highest paid in role),73.0,1,11.0,2025-12-26,3,2,2,3,No,
204,Amara,Osei,Amara Osei,1,Sales,Go-To-Market,Sales Executive,3,Travel_Rarely,2015-08-15,,Active,0,10.38,10 yr+,5,Male,35,Married,Doctor,1,1863.0,Oscar Kowalski,7295,0.64,3,Q3,5.4,2,13.0,2025-12-26,3,2,3,3,No,
205,Leila,Fitzgerald,Leila Fitzgerald,1,Sales,Go-To-Market,Sales Representative,2,Travel_Rarely,2018-11-10,,Active,0,7.14,5-10 yr,4,Male,53,Married,College,6,986.0,Marcus Silva,2306,0.3049,2,Q2,-12.2,1,20.0,2025-12-14,4,3,2,1,Yes,
206,Amara,Bergman,Amara Bergman,2,Engineering,Technology,QA Engineer,2,Travel_Rarely,2008-06-30,,Active,0,17.5,10 yr+,5,Male,45,Divorced,Bachelor,9,1941.0,Andre Delacroix,2348,0.2209,1,Q1 (lowest paid in role),-27.5,1,18.0,2025-12-17,3,2,2,1,No,
207,Tariq,Vandenberg,Tariq Vandenberg,1,Sales,Go-To-Market,Sales Executive,3,Travel_Frequently,2016-05-05,,Active,0,9.66,5-10 yr,4,Female,32,Single,Bachelor,8,1039.0,Soren Novak,8998,0.7877,4,Q4 (highest paid in role),29.9,0,14.0,2025-12-30,3,4,2,3,No,
208,Rosa,Fitzgerald,Rosa Fitzgerald,5,Operations,Technology,Operations Director,2,Non-Travel,2015-05-25,,Active,0,10.6,10 yr+,5,Male,29,Married,Below College,1,1360.0,Tariq Hassan,4319,0.0694,1,Q1 (lowest paid in role),-40.8,1,13.0,2025-12-21,3,3,4,3,No,
211,Rosa,Petrov,Rosa Petrov,5,Operations,Technology,Operations Director,2,Travel_Rarely,2024-02-02,,Active,0,1.91,1-3 yr,2,Male,51,Married,Master,7,1005.0,Zara Lindqvist,6132,0.4375,2,Q2,-15.9,0,17.0,2025-12-18,3,3,2,3,No,
214,Oscar,Osei,Oscar Osei,2,Engineering,Technology,Software Engineer,1,Travel_Rarely,2024-10-25,,Active,0,1.18,1-3 yr,2,Female,58,Married,Bachelor,9,1608.0,Oscar Silva,3346,0.6357,3,Q3,3.3,1,20.0,2025-12-19,4,2,2,2,Yes,
215,Mei,Andersen,Mei Andersen,1,Sales,Go-To-Market,Sales Executive,3,Travel_Rarely,2013-05-14,,Active,0,12.63,10 yr+,5,Male,40,Married,Master,4,1716.0,Elena Pashkov,10855,0.9508,4,Q4 (highest paid in role),56.8,1,11.0,2025-12-31,3,4,3,2,No,
216,Sanne,Ortega,Sanne Ortega,1,Sales,Go-To-Market,Sales Representative,1,Travel_Frequently,2021-10-16,,Active,0,4.21,3-5 yr,3,Female,34,Married,Master,2,244.0,Divya Navarro,2231,0.2439,1,Q1 (lowest paid in role),-15.0,1,18.0,2025-12-22,3,3,3,3,No,
217,Nadia,Kowalski,Nadia Kowalski,2,Engineering,Technology,Software Engineer,1,Travel_Rarely,2023-04-14,,Active,0,2.72,1-3 yr,2,Male,22,Married,Below College,19,468.0,Mei Mehta,2323,0.1993,1,Q1 (lowest paid in role),-28.3,2,24.0,2025-12-29,4,4,3,3,No,
218,Elena,Larsen,Elena Larsen,2,Engineering,Technology,Software Engineer,1,Non-Travel,2023-09-16,,Active,0,2.29,1-3 yr,2,Male,27,Divorced,Bachelor,9,1523.0,Daniel Osei,2024,0.0481,1,Q1 (lowest paid in role),-37.5,1,18.0,2025-12-23,3,2,4,1,No,
221,Fatima,Mehta,Fatima Mehta,2,Engineering,Technology,Software Engineer,1,Travel_Rarely,2020-09-27,,Active,0,5.26,5-10 yr,4,Male,28,Married,Bachelor,21,575.0,Soren Bergman,2713,0.4227,2,Q2,-16.3,1,11.0,2025-12-14,3,4,3,1,No,
223,Zara,Lombardi,Zara Lombardi,6,Customer Support,Go-To-Market,Support Representative,3,Travel_Rarely,2020-02-05,,Active,0,5.9,5-10 yr,4,Male,57,Divorced,College,24,1606.0,Aarav Eriksen,9439,0.7308,3,Q3,25.4,1,16.0,2025-12-20,3,4,3,1,Yes,
224,Camila,Haddad,Camila Haddad,2,Engineering,Technology,Software Engineer,1,Non-Travel,2024-05-02,,Active,0,1.66,1-3 yr,2,Male,27,Divorced,Bachelor,3,1523.0,Daniel Osei,2566,0.3471,2,Q2,-20.8,1,15.0,2025-12-11,3,3,3,2,Yes,
226,Anika,Whitfield,Anika Whitfield,4,Finance,Corporate Services,Finance Manager,5,Travel_Rarely,2020-06-19,,Active,0,5.53,5-10 yr,4,Female,50,Single,Bachelor,11,140.0,Camila Osei,19926,0.9802,4,Q4 (highest paid in role),16.0,0,15.0,2025-12-12,3,2,3,3,No,
227,Sanne,Varga,Sanne Varga,2,Engineering,Technology,Software Engineer,1,Travel_Rarely,2016-02-08,,Active,0,9.89,5-10 yr,4,Male,41,Divorced,Bachelor,14,1035.0,Lena Osei,2451,0.2818,2,Q2,-24.4,1,12.0,2025-12-28,3,3,1,3,No,
228,Bruno,Ibrahim,Bruno Ibrahim,1,Sales,Go-To-Market,Sales Executive,3,Travel_Rarely,2015-05-03,,Active,0,10.66,10 yr+,5,Female,30,Married,Bachelor,5,1039.0,Soren Novak,9419,0.8185,4,Q4 (highest paid in role),36.0,1,12.0,2025-12-15,3,4,2,3,No,
230,Rosa,Grimaldi,Rosa Grimaldi,1,Sales,Go-To-Market,Sales Executive,2,Travel_Rarely,2017-07-30,,Active,0,8.42,5-10 yr,4,Female,38,Single,Master,1,2056.0,Grace Krishnan,8686,0.7631,4,Q4 (highest paid in role),25.4,0,22.0,2025-12-21,4,4,1,4,No,
231,Nadia,Whitfield,Nadia Whitfield,2,Engineering,Technology,Software Engineer,1,Travel_Rarely,2020-01-13,,Active,0,5.97,5-10 yr,4,Male,32,Single,Doctor,6,1472.0,Divya Lindqvist,3038,0.5739,3,Q3,-6.2,0,20.0,2025-12-14,4,3,3,3,No,
233,Ingrid,Nakamura,Ingrid Nakamura,2,Engineering,Technology,Software Engineer,1,Travel_Rarely,2020-09-02,,Active,0,5.33,5-10 yr,4,Male,27,Married,Bachelor,17,1523.0,Daniel Osei,3058,0.5842,3,Q3,-5.6,1,16.0,2025-12-22,3,2,3,2,Yes,
238,Viktor,Rossi,Viktor Rossi,2,Engineering,Technology,QA Engineer,1,Travel_Frequently,2017-10-27,,Active,0,8.18,5-10 yr,4,Male,36,Single,College,3,1424.0,Rahul Novak,2088,0.0853,1,Q1 (lowest paid in role),-35.5,0,12.0,2025-12-27,3,2,4,2,No,
239,Mira,Castellanos,Mira Castellanos,2,Engineering,Technology,QA Engineer,2,Non-Travel,2013-12-24,,Active,0,12.02,10 yr+,5,Male,30,Divorced,Bachelor,9,1608.0,Oscar Silva,3072,0.5426,3,Q3,-5.1,2,11.0,2025-12-25,3,1,3,3,No,
240,Chloe,Jokinen,Chloe Jokinen,1,Sales,Go-To-Market,Sales Executive,2,Travel_Rarely,2020-04-01,,Active,0,5.75,5-10 yr,4,Female,45,Divorced,College,4,1975.0,Grace Kaur,5006,0.2462,1,Q1 (lowest paid in role),-27.7,1,11.0,2025-12-28,3,1,3,4,Yes,
241,Divya,Osei,Divya Osei,2,Engineering,Technology,Software Engineer,1,Travel_Rarely,2023-09-05,,Active,0,2.32,1-3 yr,2,Female,56,Divorced,Bachelor,8,1255.0,Claire Reyes,4257,0.7938,4,Q4 (highest paid in role),31.4,1,18.0,2025-12-22,3,1,3,3,Yes,
242,Elena,Aoki,Elena Aoki,2,Engineering,Technology,Software Engineer,1,Travel_Rarely,2022-03-11,,Active,0,3.81,3-5 yr,3,Male,33,Single,Bachelor,2,901.0,Chloe Mbeki,2500,0.3024,2,Q2,-22.8,0,14.0,2025-12-30,3,4,3,4,No,
244,Divya,Navarro,Divya Navarro,1,Sales,Go-To-Market,Sales Executive,3,Travel_Rarely,2001-07-19,,Active,0,24.45,10 yr+,5,Female,46,Divorced,College,1,1138.0,Caleb Quintero,10453,0.92,4,Q4 (highest paid in role),51.0,3,25.0,2025-12-26,4,1,2,3,No,
245,Viktor,Castellanos,Viktor Castellanos,2,Engineering,Technology,QA Engineer,1,Travel_Rarely,2023-06-13,,Active,0,2.55,1-3 yr,2,Female,38,Single,College,9,1128.0,Kwame Mehta,2288,0.1783,1,Q1 (lowest paid in role),-29.3,0,12.0,2025-12-28,3,4,3,3,No,
246,Amara,Ibrahim,Amara Ibrahim,2,Engineering,Technology,Software Engineer,1,Travel_Rarely,2021-06-09,,Active,0,4.56,3-5 yr,3,Female,31,Married,Below College,12,997.0,Leila Krishnan,3929,0.7663,4,Q4 (highest paid in role),21.3,1,23.0,2025-12-15,4,4,3,3,Yes,
247,Isabel,Reyes,Isabel Reyes,2,Engineering,Technology,Software Engineer,1,Travel_Rarely,2022-10-08,,Active,0,3.23,3-5 yr,3,Female,34,Single,College,27,1422.0,Isabel Vandenberg,2311,0.1856,1,Q1 (lowest paid in role),-28.7,0,15.0,2025-12-20,3,2,4,3,No,
249,Elena,Mehta,Elena Mehta,2,Engineering,Technology,QA Engineer,1,Travel_Rarely,2022-08-21,,Active,0,3.36,3-5 yr,3,Male,50,Married,Bachelor,1,58.0,Isabel Hassan,3690,0.6938,3,Q3,14.0,1,15.0,2025-12-16,3,3,3,2,No,
250,Yuki,Lombardi,Yuki Lombardi,5,Operations,Technology,Operations Director,2,Travel_Rarely,2021-03-04,,Active,0,4.83,3-5 yr,3,Female,53,Divorced,College,13,1005.0,Zara Lindqvist,4450,0.1319,1,Q1 (lowest paid in role),-39.0,2,11.0,2025-12-18,3,1,4,3,No,
252,Aarav,Larsen,Aarav Larsen,2,Engineering,Technology,Software Engineer,1,Travel_Rarely,2017-01-07,,Active,0,8.98,5-10 yr,4,Female,33,Married,Bachelor,14,901.0,Chloe Mbeki,2756,0.4399,2,Q2,-14.9,1,13.0,2025-12-29,3,2,4,3,No,
253,Amara,Jokinen,Amara Jokinen,4,Finance,Corporate Services,Finance Manager,5,Travel_Rarely,2005-04-14,,Active,0,20.71,10 yr+,5,Female,40,Married,Below College,4,1191.0,Aisha Varga,19033,0.7129,3,Q3,10.8,1,14.0,2025-12-16,3,3,4,3,No,
254,Zara,Sharma,Zara Sharma,2,Engineering,Technology,Engineering Director,5,Travel_Rarely,2001-02-25,,Active,0,24.85,10 yr+,5,Male,55,Single,Master,14,825.0,Sofia Sharma,18722,0.7342,3,Q3,16.8,0,11.0,2025-12-19,3,2,3,3,No,
256,Idris,Silva,Idris Silva,5,Operations,Technology,Operations Director,2,Travel_Frequently,2015-12-20,,Active,0,10.03,10 yr+,5,Male,34,Married,Below College,2,1026.0,Nadia Mbeki,9547,0.7569,4,Q4 (highest paid in role),30.9,0,17.0,2025-12-26,3,3,4,2,No,
258,Tobias,Simonsen,Tobias Simonsen,6,Customer Support,Go-To-Market,Support Representative,4,Travel_Rarely,2018-02-01,,Active,0,7.91,5-10 yr,4,Female,51,Single,Bachelor,3,762.0,Felix Okafor,13734,0.9846,4,Q4 (highest paid in role),82.4,0,18.0,2025-12-26,3,2,4,3,No,
259,Hugo,Bergman,Hugo Bergman,4,Finance,Corporate Services,Finance Manager,5,Travel_Rarely,1992-10-28,,Active,0,33.17,10 yr+,5,Male,52,Married,Master,1,140.0,Camila Osei,19999,1.0,4,Q4 (highest paid in role),16.4,1,14.0,2025-12-30,3,3,3,3,No,
260,Diego,Bianchi,Diego Bianchi,2,Engineering,Technology,Software Engineer,1,Travel_Rarely,2018-03-02,,Active,0,7.83,5-10 yr,4,Female,27,Single,Bachelor,9,1523.0,Daniel Osei,2279,0.1684,1,Q1 (lowest paid in role),-29.7,0,16.0,2025-12-21,3,2,4,2,No,
262,Rosa,Lindqvist,Rosa Lindqvist,2,Engineering,Technology,Software Engineer,1,Non-Travel,2020-06-26,,Active,0,5.51,5-10 yr,4,Male,43,Divorced,Bachelor,7,999.0,Jonas Mbeki,2089,0.0928,1,Q1 (lowest paid in role),-35.5,3,14.0,2025-12-24,3,4,4,4,No,
264,Aarav,Hassan,Aarav Hassan,4,Finance,Corporate Services,Finance Manager,4,Non-Travel,2005-08-31,,Active,0,20.33,10 yr+,5,Male,45,Married,College,2,787.0,Divya Novak,16792,0.3267,2,Q2,-2.3,1,23.0,2025-12-18,4,4,1,3,No,
267,Elena,Delacroix,Elena Delacroix,2,Engineering,Technology,Software Engineer,1,Travel_Rarely,2017-09-07,,Active,0,8.31,5-10 yr,4,Male,37,Married,Bachelor,21,1837.0,Diego Whitfield,3564,0.701,3,Q3,10.0,1,12.0,2025-12-26,3,1,2,2,Yes,
269,Andre,Andersen,Andre Andersen,2,Engineering,Technology,QA Engineer,2,Travel_Frequently,2019-09-11,,Active,0,6.31,5-10 yr,4,Female,35,Single,Bachelor,2,1069.0,Divya Krishnan,4425,0.8527,4,Q4 (highest paid in role),36.7,0,11.0,2025-12-29,3,2,2,3,No,
270,Sofia,Halvorsen,Sofia Halvorsen,5,Operations,Technology,Operations Director,2,Non-Travel,2020-11-16,,Active,0,5.12,5-10 yr,4,Female,42,Divorced,College,21,2034.0,Nadia Larsen,5265,0.3056,2,Q2,-27.8,1,16.0,2025-12-19,3,3,3,3,No,
271,Diego,Marchetti,Diego Marchetti,5,Operations,Technology,Operations Director,2,Travel_Rarely,2024-10-21,,Active,0,1.19,1-3 yr,2,Male,38,Married,Master,2,601.0,Amara Grimaldi,6553,0.5347,3,Q3,-10.2,0,14.0,2025-12-26,3,3,4,3,No,
273,Lena,Novak,Lena Novak,5,Operations,Technology,Operations Director,2,Travel_Rarely,2018-12-28,,Active,0,7.01,5-10 yr,4,Male,38,Married,Bachelor,29,601.0,Amara Grimaldi,6261,0.4722,2,Q2,-14.2,1,18.0,2025-12-18,3,4,4,1,No,
274,Mira,Ibrahim,Mira Ibrahim,5,Operations,Technology,Operations Director,2,Travel_Frequently,2023-12-24,,Active,0,2.02,1-3 yr,2,Male,27,Married,Below College,1,1360.0,Tariq Hassan,4298,0.0556,1,Q1 (lowest paid in role),-41.1,1,19.0,2025-12-24,3,1,3,3,No,
275,Tobias,Pashkov,Tobias Pashkov,5,Operations,Technology,Operations Director,2,Non-Travel,2018-09-23,,Active,0,7.27,5-10 yr,4,Male,49,Divorced,Master,18,1005.0,Zara Lindqvist,6804,0.5556,3,Q3,-6.7,2,15.0,2025-12-27,3,4,4,3,Yes,
277,Isabel,Tanaka,Isabel Tanaka,2,Engineering,Technology,Software Engineer,1,Travel_Frequently,2020-12-10,,Active,0,5.06,5-10 yr,4,Male,34,Divorced,Master,10,1422.0,Isabel Vandenberg,3815,0.7457,3,Q3,17.7,1,17.0,2025-12-15,3,3,4,4,Yes,
281,Aisha,Simonsen,Aisha Simonsen,2,Engineering,Technology,QA Engineer,2,Travel_Rarely,2018-05-01,,Active,0,7.67,5-10 yr,4,Male,40,Married,College,19,1263.0,Caleb Eriksen,2741,0.4341,2,Q2,-15.3,1,15.0,2025-12-11,3,4,3,4,Yes,
284,Lena,Haddad,Lena Haddad,2,Engineering,Technology,Software Engineer,1,Travel_Rarely,2021-12-12,,Active,0,4.05,3-5 yr,3,Male,22,Divorced,Bachelor,5,468.0,Mei Mehta,2328,0.2062,1,Q1 (lowest paid in role),-28.1,1,16.0,2025-12-11,3,2,4,2,Yes,
286,Luis,Nakamura,Luis Nakamura,2,Engineering,Technology,QA Engineer,1,Travel_Frequently,2017-12-19,,Active,0,8.03,5-10 yr,4,Female,36,Single,Below College,18,1424.0,Rahul Novak,2153,0.1163,1,Q1 (lowest paid in role),-33.5,0,13.0,2025-12-28,3,4,2,3,No,
287,Samir,Hassan,Samir Hassan,6,Customer Support,Go-To-Market,Support Representative,2,Non-Travel,2022-02-12,,Active,0,3.88,3-5 yr,3,Male,40,Married,Doctor,9,119.0,Fatima Novak,4876,0.1385,1,Q1 (lowest paid in role),-35.2,1,14.0,2025-12-24,3,4,4,1,No,
288,Marcus,Marchetti,Marcus Marchetti,6,Customer Support,Go-To-Market,Support Representative,3,Travel_Rarely,2021-07-02,,Active,0,4.5,3-5 yr,3,Male,46,Divorced,Master,1,1606.0,Aarav Eriksen,9396,0.7231,3,Q3,24.8,1,16.0,2025-12-29,3,1,4,3,No,
292,Caleb,Ferreira,Caleb Ferreira,5,Operations,Technology,Operations Director,3,Non-Travel,2014-08-09,,Active,0,11.39,10 yr+,5,Male,30,Single,Below College,1,1367.0,Isabel Duarte,8474,0.6875,3,Q3,16.2,0,22.0,2025-12-31,4,3,3,3,No,
293,Caleb,Okafor,Caleb Okafor,1,Sales,Go-To-Market,Sales Executive,2,Travel_Frequently,2018-01-18,,Active,0,7.95,5-10 yr,4,Female,27,Single,Bachelor,20,174.0,Grace Dubois,9981,0.8769,4,Q4 (highest paid in role),44.1,0,14.0,2025-12-17,3,3,4,3,No,
296,Aarav,Okafor,Aarav Okafor,2,Engineering,Technology,Engineering Director,3,Travel_Rarely,2015-11-24,,Active,0,10.1,10 yr+,5,Male,51,Married,Master,8,385.0,Hannah Lindqvist,12490,0.1392,1,Q1 (lowest paid in role),-22.1,2,16.0,2025-12-15,3,2,2,1,No,
298,Nina,Jokinen,Nina Jokinen,4,Finance,Corporate Services,Finance Manager,3,Travel_Rarely,2024-07-18,,Active,0,1.45,1-3 yr,2,Female,41,Single,Bachelor,6,1973.0,Yuki Kaur,13591,0.099,1,Q1 (lowest paid in role),-20.9,0,18.0,2025-12-16,3,4,4,3,Yes,
302,Diego,Ramos,Diego Ramos,1,Sales,Go-To-Market,Sales Executive,3,Non-Travel,2006-10-11,,Active,0,19.22,10 yr+,5,Female,45,Single,Bachelor,6,746.0,Zara Marchetti,8865,0.7785,4,Q4 (highest paid in role),28.0,0,12.0,2025-12-18,3,4,4,3,No,
303,Mira,Reyes,Mira Reyes,1,Sales,Go-To-Market,Sales Executive,2,Travel_Rarely,2019-06-01,,Active,0,6.58,5-10 yr,4,Female,54,Married,Bachelor,3,986.0,Marcus Silva,5940,0.4554,2,Q2,-14.2,1,14.0,2025-12-13,3,1,4,3,No,
304,Rosa,Kowalski,Rosa Kowalski,2,Engineering,Technology,QA Engineer,2,Travel_Rarely,2012-10-31,,Active,0,13.17,10 yr+,5,Male,36,Single,College,5,447.0,Tobias Moreau,5914,0.9729,4,Q4 (highest paid in role),82.7,0,16.0,2025-12-16,3,2,4,4,No,
305,Jonas,Larsen,Jonas Larsen,2,Engineering,Technology,Software Engineer,1,Travel_Rarely,2022-04-23,,Active,0,3.69,3-5 yr,3,Female,33,Married,Master,4,901.0,Chloe Mbeki,2622,0.3711,2,Q2,-19.1,0,21.0,2025-12-21,4,2,3,3,No,
306,Ethan,Simonsen,Ethan Simonsen,2,Engineering,Technology,Engineering Director,3,Travel_Frequently,2015-03-01,,Active,0,10.84,10 yr+,5,Male,37,Divorced,Bachelor,11,396.0,Chloe Tanaka,12185,0.1266,1,Q1 (lowest paid in role),-24.0,3,14.0,2025-12-26,3,4,2,3,Yes,
307,Amara,Jokinen,Amara Jokinen,1,Sales,Go-To-Market,Sales Executive,3,Travel_Rarely,2009-03-03,,Active,0,16.83,10 yr+,5,Male,38,Divorced,Bachelor,3,1716.0,Elena Pashkov,10609,0.9292,4,Q4 (highest paid in role),53.2,2,12.0,2025-12-14,3,3,1,2,No,
308,Idris,Dubois,Idris Dubois,5,Operations,Technology,Operations Director,2,Non-Travel,2020-08-28,,Active,0,5.34,5-10 yr,4,Male,31,Married,Master,1,1283.0,Aisha Aoki,4345,0.0903,1,Q1 (lowest paid in role),-40.4,1,12.0,2025-12-23,3,3,3,3,No,
309,Sanne,Varga,Sanne Varga,2,Engineering,Technology,Software Engineer,1,Travel_Rarely,2024-03-17,,Active,0,1.79,1-3 yr,2,Male,59,Married,Bachelor,3,1608.0,Oscar Silva,2177,0.134,1,Q1 (lowest paid in role),-32.8,1,17.0,2025-12-28,3,4,3,3,No,
311,Zara,Moreau,Zara Moreau,1,Sales,Go-To-Market,Sales Representative,1,Travel_Frequently,2016-06-27,,Active,0,9.51,5-10 yr,4,Male,37,Divorced,Master,4,244.0,Divya Navarro,2793,0.6829,3,Q3,6.4,1,17.0,2025-12-23,3,4,1,3,No,
312,Aisha,Mbeki,Aisha Mbeki,1,Sales,Go-To-Market,Sales Executive,3,Travel_Frequently,2014-09-03,,Active,0,11.33,10 yr+,5,Female,29,Married,Below College,1,1167.0,Jonas Silva,7918,0.6954,3,Q3,14.4,1,14.0,2025-12-19,3,4,2,3,No,
314,Samir,Bianchi,Samir Bianchi,1,Sales,Go-To-Market,Sales Executive,3,Travel_Frequently,2015-08-14,,Active,0,10.38,10 yr+,5,Female,35,Single,Bachelor,1,1863.0,Oscar Kowalski,8789,0.7723,4,Q4 (highest paid in role),26.9,0,14.0,2025-12-20,3,3,3,4,No,
316,Freya,Grimaldi,Freya Grimaldi,2,Engineering,Technology,QA Engineer,1,Travel_Rarely,2023-08-08,,Active,0,2.4,1-3 yr,2,Female,52,Single,Bachelor,2,58.0,Isabel Hassan,3212,0.5853,3,Q3,-0.8,0,15.0,2025-12-24,3,4,3,2,No,
319,Sanne,Duarte,Sanne Duarte,4,Finance,Corporate Services,Finance Manager,5,Travel_Rarely,2003-05-21,,Active,0,22.61,10 yr+,5,Male,42,Married,College,4,1191.0,Aisha Varga,19232,0.8119,4,Q4 (highest paid in role),11.9,0,11.0,2025-12-20,3,4,3,3,No,
321,Priya,Rossi,Priya Rossi,3,HR,Corporate Services,HR Generalist,1,Travel_Rarely,2023-11-22,,Active,0,2.11,1-3 yr,2,Male,59,Married,College,6,1098.0,Jonas Novak,2267,0.1961,1,Q1 (lowest paid in role),-46.5,0,17.0,2025-12-27,3,3,2,2,No,
323,Diego,Eriksen,Diego Eriksen,4,Finance,Corporate Services,Finance Manager,5,Travel_Rarely,2018-02-09,,Active,0,7.89,5-10 yr,4,Female,50,Divorced,Master,1,140.0,Camila Osei,19517,0.8713,4,Q4 (highest paid in role),13.6,1,11.0,2025-12-13,3,4,4,2,No,
327,Priya,Kaur,Priya Kaur,4,Finance,Corporate Services,Finance Manager,4,Travel_Rarely,2008-02-03,,Active,0,17.91,10 yr+,5,Female,43,Married,Bachelor,16,787.0,Divya Novak,16064,0.2277,1,Q1 (lowest paid in role),-6.5,1,22.0,2025-12-14,4,4,4,3,Yes,
329,Soren,Reyes,Soren Reyes,4,Finance,Corporate Services,Finance Manager,5,Non-Travel,1992-04-04,,Active,0,33.74,10 yr+,5,Male,52,Single,Master,2,140.0,Camila Osei,19068,0.7327,3,Q3,11.0,0,18.0,2025-12-15,3,3,1,4,Yes,
330,Claire,Kaur,Claire Kaur,1,Sales,Go-To-Market,Sales Representative,1,Travel_Rarely,2021-03-17,,Active,0,4.79,3-5 yr,3,Female,32,Married,College,4,580.0,Yuki Nowak,3931,0.9512,4,Q4 (highest paid in role),49.7,1,11.0,2025-12-29,3,2,3,3,No,
332,Sofia,Bakker,Sofia Bakker,2,Engineering,Technology,QA Engineer,1,Travel_Rarely,2022-11-14,,Active,0,3.13,3-5 yr,3,Female,39,Divorced,Master,1,1128.0,Kwame Mehta,2232,0.1512,1,Q1 (lowest paid in role),-31.1,3,14.0,2025-12-30,3,3,3,3,No,
333,Samir,Fitzgerald,Samir Fitzgerald,1,Sales,Go-To-Market,Sales Executive,2,Non-Travel,2022-06-11,,Active,0,3.56,3-5 yr,3,Male,32,Married,Master,26,1050.0,Tobias Haddad,4465,0.0985,1,Q1 (lowest paid in role),-35.5,0,18.0,2025-12-11,3,4,3,3,No,
334,Jonas,Mehta,Jonas Mehta,2,Engineering,Technology,Software Engineer,2,Travel_Rarely,2024-08-14,,Active,0,1.38,1-3 yr,2,Male,41,Divorced,College,19,1263.0,Caleb Eriksen,3072,0.5911,3,Q3,-5.2,2,16.0,2025-12-15,3,1,3,2,No,
335,Ingrid,Larsen,Ingrid Larsen,2,Engineering,Technology,Software Engineer,2,Travel_Rarely,2016-03-07,,Active,0,9.82,5-10 yr,4,Male,40,Divorced,College,24,1263.0,Caleb Eriksen,3319,0.6323,3,Q3,2.4,2,17.0,2025-12-17,3,4,1,3,No,
336,Tobias,Okafor,Tobias Okafor,4,Finance,Corporate Services,Finance Manager,5,Travel_Rarely,2001-09-30,,Active,0,24.25,10 yr+,5,Male,45,Married,Bachelor,1,140.0,Camila Osei,19202,0.802,4,Q4 (highest paid in role),11.8,1,11.0,2025-12-29,3,4,3,3,No,
337,Claire,Moreau,Claire Moreau,2,Engineering,Technology,Engineering Director,3,Travel_Frequently,2023-06-20,,Active,0,2.53,1-3 yr,2,Male,31,Divorced,Master,3,638.0,Kwame Cardoso,13675,0.3165,2,Q2,-14.7,1,12.0,2025-12-22,3,3,2,3,No,
338,Samir,Rossi,Samir Rossi,2,Engineering,Technology,Software Engineer,1,Travel_Rarely,2023-08-05,,Active,0,2.41,1-3 yr,2,Female,33,Married,Master,5,901.0,Chloe Mbeki,2911,0.5155,3,Q3,-10.2,1,13.0,2025-12-26,3,4,3,2,No,
339,Grace,Kaur,Grace Kaur,5,Operations,Technology,Operations Director,2,Travel_Rarely,2014-06-24,,Active,0,11.52,10 yr+,5,Male,34,Married,Master,2,1026.0,Nadia Mbeki,5957,0.3958,2,Q2,-18.3,1,13.0,2025-12-25,3,1,4,3,No,
340,Nadia,Dubois,Nadia Dubois,2,Engineering,Technology,Software Engineer,1,Travel_Rarely,2022-11-16,,Active,0,3.12,3-5 yr,3,Female,37,Married,College,1,1837.0,Diego Whitfield,3920,0.7629,4,Q4 (highest paid in role),21.0,1,14.0,2025-12-20,3,1,3,2,No,
341,Nadia,Petrov,Nadia Petrov,5,Operations,Technology,Operations Director,2,Travel_Frequently,2022-03-19,,Active,0,3.79,3-5 yr,3,Male,45,Married,Master,7,2034.0,Nadia Larsen,6434,0.4931,2,Q2,-11.8,1,17.0,2025-12-24,3,3,1,3,No,
343,Andre,Moreau,Andre Moreau,6,Customer Support,Go-To-Market,Support Representative,3,Travel_Frequently,2006-12-10,,Active,0,19.06,10 yr+,5,Female,39,Single,Master,2,431.0,Leila Halvorsen,10938,0.9154,4,Q4 (highest paid in role),45.3,0,25.0,2025-12-11,4,3,3,3,No,
346,Fatima,Mbeki,Fatima Mbeki,2,Engineering,Technology,Software Engineer,1,Travel_Rarely,2019-04-25,,Active,0,6.69,5-10 yr,4,Male,29,Single,Bachelor,15,1539.0,Camila Dubois,2340,0.2096,1,Q1 (lowest paid in role),-27.8,0,19.0,2025-12-15,3,4,3,3,No,
347,Ingrid,Halvorsen,Ingrid Halvorsen,2,Engineering,Technology,Software Engineer,2,Travel_Rarely,2022-06-09,,Active,0,3.56,3-5 yr,3,Female,42,Single,College,17,1941.0,Andre Delacroix,6545,0.9863,4,Q4 (highest paid in role),102.0,0,13.0,2025-12-30,3,1,4,3,Yes,
349,Rahul,Aoki,Rahul Aoki,1,Sales,Go-To-Market,Sales Executive,2,Travel_Rarely,2022-12-25,,Active,0,3.02,3-5 yr,3,Male,29,Divorced,College,20,1391.0,Marcus Andersen,6931,0.6185,3,Q3,0.1,1,14.0,2025-12-21,3,4,4,3,No,
350,Bruno,Fitzgerald,Bruno Fitzgerald,5,Operations,Technology,Operations Director,2,Travel_Rarely,2021-08-10,,Active,0,4.39,3-5 yr,3,Female,25,Married,Bachelor,1,1360.0,Tariq Hassan,4898,0.2083,1,Q1 (lowest paid in role),-32.9,2,12.0,2025-12-16,3,3,1,3,No,
351,Peter,Tanaka,Peter Tanaka,2,Engineering,Technology,QA Engineer,1,Travel_Rarely,2016-06-27,,Active,0,9.51,5-10 yr,4,Female,42,Divorced,Bachelor,2,1035.0,Lena Osei,2593,0.376,2,Q2,-19.9,1,11.0,2025-12-27,3,1,4,3,Yes,
352,Felix,Reyes,Felix Reyes,2,Engineering,Technology,Engineering Director,5,Travel_Rarely,2004-02-13,,Active,0,21.88,10 yr+,5,Male,40,Divorced,College,2,522.0,Anika Bianchi,19436,0.8861,4,Q4 (highest paid in role),21.2,1,19.0,2025-12-14,3,3,1,3,No,
353,Fatima,Tanaka,Fatima Tanaka,2,Engineering,Technology,Software Engineer,1,Travel_Rarely,2024-11-02,,Active,0,1.16,1-3 yr,2,Male,51,Married,Bachelor,1,58.0,Isabel Hassan,2723,0.433,2,Q2,-16.0,0,11.0,2025-12-20,3,4,3,2,No,
359,Divya,Marchetti,Divya Marchetti,2,Engineering,Technology,QA Engineer,1,Travel_Frequently,2020-08-27,,Active,0,5.34,5-10 yr,4,Male,32,Married,Bachelor,7,1472.0,Divya Lindqvist,2794,0.4612,2,Q2,-13.7,0,20.0,2025-12-14,4,2,2,1,No,
361,Caleb,Andersen,Caleb Andersen,1,Sales,Go-To-Market,Sales Executive,2,Non-Travel,2017-10-15,,Active,0,8.21,5-10 yr,4,Male,38,Married,College,2,2056.0,Grace Krishnan,5249,0.2923,2,Q2,-24.2,1,18.0,2025-12-21,3,4,4,3,No,
362,Anika,Kowalski,Anika Kowalski,2,Engineering,Technology,QA Engineer,2,Travel_Rarely,2019-03-30,,Active,0,6.76,5-10 yr,4,Male,32,Single,Below College,2,1217.0,Soren Sharma,2176,0.1279,1,Q1 (lowest paid in role),-32.8,0,13.0,2025-12-29,3,1,4,3,No,
363,Camila,Halvorsen,Camila Halvorsen,4,Finance,Corporate Services,Finance Manager,4,Travel_Rarely,2018-11-29,,Active,0,7.09,5-10 yr,4,Female,46,Married,Bachelor,2,787.0,Divya Novak,16872,0.3762,2,Q2,-1.8,1,12.0,2025-12-24,3,2,3,2,Yes,
366,Oscar,Tanaka,Oscar Tanaka,1,Sales,Go-To-Market,Sales Executive,2,Travel_Rarely,2025-01-23,,Active,0,0.94,0-1 yr,1,Male,29,Married,Bachelor,2,1391.0,Marcus Andersen,6644,0.5631,3,Q3,-4.0,2,19.0,2025-12-23,3,2,1,3,No,
367,Omar,Duarte,Omar Duarte,6,Customer Support,Go-To-Market,Support Representative,2,Travel_Rarely,2016-03-05,,Active,0,9.82,5-10 yr,4,Male,31,Married,Bachelor,23,1697.0,Aarav Haddad,5582,0.2615,2,Q2,-25.9,1,21.0,2025-12-13,4,4,2,3,No,
369,Ingrid,Simonsen,Ingrid Simonsen,6,Customer Support,Go-To-Market,Support Representative,2,Non-Travel,2019-12-27,,Active,0,6.01,5-10 yr,4,Male,25,Divorced,College,5,165.0,Ingrid Aoki,4000,0.0,1,Q1 (lowest paid in role),-46.9,2,12.0,2025-12-23,3,1,2,3,No,
372,Soren,Duarte,Soren Duarte,6,Customer Support,Go-To-Market,Support Representative,4,Travel_Rarely,2005-08-20,,Active,0,20.36,10 yr+,5,Male,45,Married,College,20,1278.0,Luis Jokinen,13496,0.9615,4,Q4 (highest paid in role),79.3,0,14.0,2025-12-25,3,4,3,3,Yes,
373,Chloe,Grimaldi,Chloe Grimaldi,2,Engineering,Technology,QA Engineer,1,Travel_Rarely,2010-03-30,,Active,0,15.76,10 yr+,5,Male,36,Married,Bachelor,6,1424.0,Rahul Novak,3210,0.5775,3,Q3,-0.8,1,11.0,2025-12-25,3,4,4,3,No,
374,Aarav,Lindqvist,Aarav Lindqvist,4,Finance,Corporate Services,Finance Manager,5,Travel_Rarely,1989-04-23,,Active,0,36.69,10 yr+,5,Male,55,Single,Bachelor,1,549.0,Freya Larsen,19045,0.7228,3,Q3,10.8,0,14.0,2025-12-22,3,1,4,3,Yes,
377,Fatima,Bergman,Fatima Bergman,2,Engineering,Technology,Software Engineer,1,Travel_Rarely,2020-11-07,,Active,0,5.15,5-10 yr,4,Male,28,Married,Bachelor,9,575.0,Soren Bergman,2070,0.0756,1,Q1 (lowest paid in role),-36.1,1,23.0,2025-12-25,4,4,4,2,No,
378,Omar,Hassan,Omar Hassan,1,Sales,Go-To-Market,Sales Executive,2,Travel_Rarely,2020-12-23,,Active,0,5.02,5-10 yr,4,Male,37,Married,Master,6,81.0,Sofia Cardoso,6502,0.5415,3,Q3,-6.1,1,14.0,2025-12-30,3,4,3,4,No,
379,Peter,Dubois,Peter Dubois,2,Engineering,Technology,Software Engineer,1,Travel_Rarely,2022-12-15,,Active,0,3.04,3-5 yr,3,Male,21,Single,College,3,1485.0,Ethan Quintero,3230,0.6117,3,Q3,-0.3,0,17.0,2025-12-14,3,3,4,4,No,
380,Chloe,Bianchi,Chloe Bianchi,2,Engineering,Technology,Engineering Director,3,Non-Travel,2020-07-03,,Active,0,5.49,5-10 yr,4,Female,37,Divorced,Master,1,396.0,Chloe Tanaka,13603,0.2911,2,Q2,-15.2,2,18.0,2025-12-12,3,4,1,3,Yes,
381,Felix,Kaur,Felix Kaur,4,Finance,Corporate Services,Finance Manager,3,Travel_Rarely,2018-02-04,,Active,0,7.9,5-10 yr,4,Female,35,Divorced,Bachelor,22,1973.0,Yuki Kaur,11996,0.0693,1,Q1 (lowest paid in role),-30.2,1,18.0,2025-12-21,3,2,2,2,No,
382,Sanne,Grimaldi,Sanne Grimaldi,1,Sales,Go-To-Market,Sales Executive,2,Travel_Rarely,2017-06-02,,Active,0,8.58,5-10 yr,4,Female,38,Divorced,College,7,573.0,Soren Fitzgerald,5605,0.4,2,Q2,-19.1,1,24.0,2025-12-13,4,1,1,3,Yes,
384,Grace,Nowak,Grace Nowak,5,Operations,Technology,Operations Director,2,Travel_Frequently,2019-10-24,,Active,0,6.19,5-10 yr,4,Female,26,Divorced,Bachelor,1,1360.0,Tariq Hassan,6397,0.4861,2,Q2,-12.3,1,20.0,2025-12-26,4,2,3,1,No,
385,Hannah,Lindqvist,Hannah Lindqvist,2,Engineering,Technology,Engineering Director,5,Travel_Rarely,2015-12-08,,Active,0,10.06,10 yr+,5,Male,50,Divorced,Below College,4,1423.0,Anika Andersen,19144,0.7975,4,Q4 (highest paid in role),19.4,2,14.0,2025-12-11,3,2,1,2,No,
386,Jonas,Whitfield,Jonas Whitfield,2,Engineering,Technology,Engineering Director,4,Travel_Rarely,2020-07-22,,Active,0,5.44,5-10 yr,4,Male,53,Married,Master,3,162.0,Soren Pashkov,17584,0.6203,3,Q3,9.7,3,16.0,2025-12-29,3,3,3,2,Yes,
387,Zara,Jokinen,Zara Jokinen,1,Sales,Go-To-Market,Sales Executive,2,Travel_Rarely,2005-01-22,,Active,0,20.94,10 yr+,5,Male,42,Married,Below College,1,1975.0,Grace Kaur,4907,0.2154,1,Q1 (lowest paid in role),-29.1,0,25.0,2025-12-20,4,3,2,3,No,
388,Diego,Reyes,Diego Reyes,1,Sales,Go-To-Market,Sales Executive,2,Travel_Frequently,2015-10-29,,Active,0,10.17,10 yr+,5,Male,29,Single,College,2,1391.0,Marcus Andersen,4554,0.12,1,Q1 (lowest paid in role),-34.2,0,18.0,2025-12-23,3,4,2,2,No,
389,Amara,Dubois,Amara Dubois,2,Engineering,Technology,QA Engineer,2,Travel_Rarely,2015-08-02,,Active,0,10.41,10 yr+,5,Male,55,Married,College,20,638.0,Kwame Cardoso,5415,0.9457,4,Q4 (highest paid in role),67.3,1,19.0,2025-12-13,3,4,2,3,Yes,
390,Oscar,Hassan,Oscar Hassan,6,Customer Support,Go-To-Market,Support Representative,2,Travel_Frequently,2020-12-19,,Active,0,5.03,5-10 yr,4,Male,26,Married,College,11,165.0,Ingrid Aoki,4741,0.1231,1,Q1 (lowest paid in role),-37.0,1,13.0,2025-12-25,3,1,1,3,Yes,
391,Nikolai,Osei,Nikolai Osei,2,Engineering,Technology,Software Engineer,1,Travel_Rarely,2008-07-24,,Active,0,17.44,10 yr+,5,Female,37,Single,Bachelor,1,1837.0,Diego Whitfield,2115,0.1065,1,Q1 (lowest paid in role),-34.7,0,12.0,2025-12-16,3,4,4,3,No,
393,Bruno,Moreau,Bruno Moreau,6,Customer Support,Go-To-Market,Support Representative,2,Travel_Rarely,2023-12-28,,Active,0,2.01,1-3 yr,2,Male,38,Divorced,Master,23,119.0,Fatima Novak,5745,0.3,2,Q2,-23.7,1,14.0,2025-12-13,3,4,4,3,No,
395,Rosa,Simonsen,Rosa Simonsen,2,Engineering,Technology,Software Engineer,1,Travel_Rarely,2020-01-25,,Active,0,5.93,5-10 yr,4,Female,28,Single,College,8,575.0,Soren Bergman,3310,0.6254,3,Q3,2.2,0,21.0,2025-12-29,4,4,4,3,No,
396,Chloe,Tanaka,Chloe Tanaka,2,Engineering,Technology,Engineering Director,5,Travel_Frequently,2022-03-21,,Active,0,3.78,3-5 yr,3,Female,49,Single,Master,10,1423.0,Anika Andersen,18665,0.7215,3,Q3,16.4,0,11.0,2025-12-31,3,1,3,3,Yes,
397,Nina,Moreau,Nina Moreau,2,Engineering,Technology,Software Engineer,2,Travel_Rarely,2017-03-16,,Active,0,8.79,5-10 yr,4,Male,36,Single,Bachelor,3,447.0,Tobias Moreau,4485,0.8351,4,Q4 (highest paid in role),38.4,0,12.0,2025-12-15,3,2,3,3,No,
399,Zara,Haddad,Zara Haddad,1,Sales,Go-To-Market,Sales Representative,1,Travel_Frequently,2023-03-26,,Active,0,2.77,1-3 yr,2,Female,31,Divorced,Bachelor,5,580.0,Yuki Nowak,2789,0.6585,3,Q3,6.2,1,11.0,2025-12-22,3,2,4,2,No,
403,Oscar,Silva,Oscar Silva,2,Engineering,Technology,Software Engineer,1,Travel_Frequently,2021-06-16,,Active,0,4.54,3-5 yr,3,Male,37,Married,Bachelor,9,1837.0,Diego Whitfield,2326,0.2027,1,Q1 (lowest paid in role),-28.2,3,12.0,2025-12-22,3,4,2,2,Yes,
404,Nadia,Kowalski,Nadia Kowalski,1,Sales,Go-To-Market,Sales Executive,4,Travel_Frequently,2005-03-06,,Active,0,20.82,10 yr+,5,Female,42,Married,Bachelor,26,532.0,Tobias Aoki,13525,0.9877,4,Q4 (highest paid in role),95.3,1,14.0,2025-12-16,3,2,3,4,No,
406,Soren,Sharma,Soren Sharma,1,Sales,Go-To-Market,Sales Executive,3,Travel_Rarely,2014-11-17,,Active,0,11.12,10 yr+,5,Male,35,Married,Bachelor,16,1863.0,Oscar Kowalski,8020,0.7015,3,Q3,15.8,2,15.0,2025-12-25,3,2,3,2,No,
407,Nadia,Eriksen,Nadia Eriksen,2,Engineering,Technology,QA Engineer,1,Travel_Frequently,2024-01-11,,Active,0,1.97,1-3 yr,2,Male,36,Married,Master,18,1424.0,Rahul Novak,3688,0.6899,3,Q3,13.9,2,18.0,2025-12-21,3,4,3,3,No,
408,Anika,Castellanos,Anika Castellanos,5,Operations,Technology,Operations Director,2,Travel_Rarely,2021-08-05,,Active,0,4.41,3-5 yr,3,Male,51,Divorced,Bachelor,2,1005.0,Zara Lindqvist,5482,0.3472,2,Q2,-24.9,1,18.0,2025-12-13,3,2,4,3,No,
410,Elena,Sharma,Elena Sharma,4,Finance,Corporate Services,Finance Manager,4,Travel_Rarely,2003-08-14,,Active,0,22.38,10 yr+,5,Male,41,Single,Master,2,1336.0,Viktor Bianchi,16015,0.2079,1,Q1 (lowest paid in role),-6.8,0,19.0,2025-12-27,3,2,4,3,No,
411,Samir,Jokinen,Samir Jokinen,1,Sales,Go-To-Market,Sales Representative,1,Travel_Rarely,2025-01-05,,Active,0,0.99,0-1 yr,1,Female,18,Single,Bachelor,10,302.0,Diego Ramos,1200,0.0488,1,Q1 (lowest paid in role),-54.3,0,12.0,2025-12-13,3,3,4,3,No,
412,Ethan,Grimaldi,Ethan Grimaldi,6,Customer Support,Go-To-Market,Support Representative,2,Travel_Rarely,2017-07-28,,Active,0,8.43,5-10 yr,4,Male,28,Single,College,16,165.0,Ingrid Aoki,5661,0.2769,2,Q2,-24.8,0,19.0,2025-12-24,3,1,2,3,No,
416,Diego,Kowalski,Diego Kowalski,1,Sales,Go-To-Market,Sales Executive,2,Travel_Rarely,2017-08-09,,Active,0,8.39,5-10 yr,4,Male,31,Married,Bachelor,7,1319.0,Sofia Castellanos,6929,0.6154,3,Q3,0.1,1,11.0,2025-12-23,3,4,2,2,No,
417,Elena,Varga,Elena Varga,6,Customer Support,Go-To-Market,Support Representative,3,Travel_Rarely,2007-09-08,,Active,0,18.31,10 yr+,5,Male,39,Divorced,Bachelor,1,431.0,Leila Halvorsen,9613,0.7385,3,Q3,27.7,3,17.0,2025-12-16,3,4,3,2,No,
419,Viktor,Dubois,Viktor Dubois,2,Engineering,Technology,QA Engineer,2,Non-Travel,2016-07-04,,Active,0,9.49,5-10 yr,4,Female,36,Married,Master,24,447.0,Tobias Moreau,5674,0.9574,4,Q4 (highest paid in role),75.3,1,15.0,2025-12-25,3,2,2,3,No,
420,Rosa,Vandenberg,Rosa Vandenberg,1,Sales,Go-To-Market,Sales Executive,2,Travel_Rarely,2012-06-08,,Active,0,13.56,10 yr+,5,Male,32,Married,Bachelor,7,1050.0,Tobias Haddad,5484,0.3754,2,Q2,-20.8,1,14.0,2025-12-11,3,3,4,2,No,
421,Tariq,Jokinen,Tariq Jokinen,2,Engineering,Technology,Engineering Director,3,Travel_Rarely,2015-02-03,,Active,0,10.91,10 yr+,5,Female,38,Married,College,25,396.0,Chloe Tanaka,12061,0.1139,1,Q1 (lowest paid in role),-24.8,1,17.0,2025-12-14,3,2,1,3,No,
422,Lena,Okafor,Lena Okafor,6,Customer Support,Go-To-Market,Support Representative,2,Non-Travel,2020-01-05,,Active,0,5.99,5-10 yr,4,Male,58,Divorced,Master,1,431.0,Leila Halvorsen,5660,0.2692,2,Q2,-24.8,1,13.0,2025-12-21,3,3,4,3,Yes,
423,Zara,Krishnan,Zara Krishnan,2,Engineering,Technology,Software Engineer,1,Travel_Rarely,2020-08-05,,Active,0,5.4,5-10 yr,4,Male,31,Married,Master,5,997.0,Leila Krishnan,4821,0.8866,4,Q4 (highest paid in role),48.8,1,12.0,2025-12-15,3,4,3,3,Yes,
424,Chloe,Marchetti,Chloe Marchetti,3,HR,Corporate Services,HR Generalist,2,Travel_Rarely,2023-03-26,,Active,0,2.77,1-3 yr,2,Male,31,Married,Bachelor,2,1744.0,Grace Sharma,6410,0.8627,4,Q4 (highest paid in role),51.3,0,12.0,2025-12-29,3,1,1,3,No,
425,Claire,Jokinen,Claire Jokinen,2,Engineering,Technology,QA Engineer,3,Travel_Frequently,2001-06-21,,Active,0,24.53,10 yr+,5,Male,45,Divorced,Bachelor,7,1061.0,Claire Sharma,5210,0.9186,4,Q4 (highest paid in role),60.9,1,18.0,2025-12-16,3,1,1,3,No,
426,Luis,Bianchi,Luis Bianchi,2,Engineering,Technology,Software Engineer,1,Travel_Rarely,2023-06-14,,Active,0,2.55,1-3 yr,2,Male,31,Divorced,Master,2,997.0,Leila Krishnan,2695,0.4089,2,Q2,-16.8,1,18.0,2025-12-14,3,4,3,1,Yes,
428,Divya,Petrov,Divya Petrov,4,Finance,Corporate Services,Finance Manager,3,Travel_Frequently,2015-07-05,,Active,0,10.49,10 yr+,5,Female,33,Married,Master,5,1973.0,Yuki Kaur,11878,0.0396,1,Q1 (lowest paid in role),-30.9,2,11.0,2025-12-17,3,2,4,3,No,
429,Marcus,Bakker,Marcus Bakker,4,Finance,Corporate Services,Finance Manager,4,Travel_Rarely,2004-06-13,,Active,0,21.55,10 yr+,5,Male,39,Married,Below College,10,1578.0,Tariq Pashkov,17068,0.4257,2,Q2,-0.7,0,14.0,2025-12-13,3,1,3,3,Yes,
430,Jonas,Ortega,Jonas Ortega,2,Engineering,Technology,QA Engineer,1,Travel_Frequently,2017-03-02,,Active,0,8.83,5-10 yr,4,Female,43,Single,Master,10,999.0,Jonas Mbeki,2455,0.3101,2,Q2,-24.2,0,19.0,2025-12-26,3,4,3,3,No,
431,Leila,Halvorsen,Leila Halvorsen,6,Customer Support,Go-To-Market,Support Representative,4,Travel_Rarely,2018-01-02,,Active,0,7.99,5-10 yr,4,Female,49,Single,College,1,1278.0,Luis Jokinen,13964,0.9923,4,Q4 (highest paid in role),85.5,0,12.0,2025-12-12,3,3,3,3,Yes,
434,Ethan,Petrov,Ethan Petrov,2,Engineering,Technology,Software Engineer,1,Travel_Rarely,2021-08-13,,Active,0,4.38,3-5 yr,3,Female,27,Single,Bachelor,5,1523.0,Daniel Osei,2478,0.2955,2,Q2,-23.5,0,12.0,2025-12-24,3,2,3,2,Yes,
436,Bruno,Tanaka,Bruno Tanaka,1,Sales,Go-To-Market,Sales Executive,2,Travel_Rarely,2012-05-22,,Active,0,13.61,10 yr+,5,Female,32,Married,College,8,1050.0,Tobias Haddad,5228,0.2862,2,Q2,-24.5,0,11.0,2025-12-30,3,2,3,3,Yes,
437,Daniel,Haddad,Daniel Haddad,1,Sales,Go-To-Market,Sales Executive,2,Travel_Rarely,2020-06-17,,Active,0,5.54,5-10 yr,4,Male,27,Single,Bachelor,2,174.0,Grace Dubois,4478,0.1015,1,Q1 (lowest paid in role),-35.3,0,11.0,2025-12-17,3,3,4,3,Yes,
438,Chloe,Marchetti,Chloe Marchetti,1,Sales,Go-To-Market,Sales Executive,2,Travel_Rarely,2018-05-04,,Active,0,7.66,5-10 yr,4,Male,31,Divorced,Bachelor,7,1319.0,Sofia Castellanos,7547,0.6615,3,Q3,9.0,3,12.0,2025-12-13,3,4,4,3,No,
439,Kwame,Ferreira,Kwame Ferreira,2,Engineering,Technology,Software Engineer,2,Travel_Rarely,2018-07-03,,Active,0,7.5,5-10 yr,4,Female,32,Single,Master,2,1217.0,Soren Sharma,5055,0.9175,4,Q4 (highest paid in role),56.0,0,16.0,2025-12-12,3,4,1,2,No,
441,Elena,Lindqvist,Elena Lindqvist,2,Engineering,Technology,Software Engineer,2,Travel_Rarely,2015-05-29,,Active,0,10.59,10 yr+,5,Female,30,Married,College,28,1608.0,Oscar Silva,5775,0.9691,4,Q4 (highest paid in role),78.2,2,13.0,2025-12-15,3,4,4,3,No,
442,Fatima,Lindqvist,Fatima Lindqvist,5,Operations,Technology,Operations Director,3,Travel_Frequently,2015-01-05,,Active,0,10.99,10 yr+,5,Female,31,Married,College,7,1367.0,Isabel Duarte,8943,0.7222,3,Q3,22.6,1,24.0,2025-12-15,4,3,3,3,No,
444,Luis,Bakker,Luis Bakker,4,Finance,Corporate Services,Finance Manager,5,Travel_Frequently,2004-08-30,,Active,0,21.34,10 yr+,5,Male,39,Married,College,7,1338.0,Samir Duarte,19272,0.8218,4,Q4 (highest paid in role),12.2,1,15.0,2025-12-14,3,4,3,3,No,
446,Oscar,Rossi,Oscar Rossi,1,Sales,Go-To-Market,Sales Executive,2,Travel_Frequently,2018-09-20,,Active,0,7.28,5-10 yr,4,Male,33,Single,Bachelor,10,1050.0,Tobias Haddad,4682,0.1662,1,Q1 (lowest paid in role),-32.4,0,14.0,2025-12-14,3,4,2,2,No,
447,Tobias,Moreau,Tobias Moreau,2,Engineering,Technology,Engineering Director,5,Travel_Rarely,2022-03-29,,Active,0,3.76,3-5 yr,3,Male,47,Married,Doctor,5,254.0,Zara Sharma,18300,0.7089,3,Q3,14.1,1,11.0,2025-12-29,3,3,4,3,No,
448,Lena,Quintero,Lena Quintero,2,Engineering,Technology,QA Engineer,2,Travel_Frequently,2016-04-28,,Active,0,9.68,5-10 yr,4,Female,43,Divorced,Master,10,1941.0,Andre Delacroix,5257,0.9264,4,Q4 (highest paid in role),62.4,1,11.0,2025-12-13,3,3,3,4,No,
449,Chloe,Petrov,Chloe Petrov,1,Sales,Go-To-Market,Sales Executive,2,Non-Travel,2020-02-26,,Active,0,5.85,5-10 yr,4,Male,27,Married,Below College,1,174.0,Grace Dubois,6349,0.52,3,Q3,-8.3,1,13.0,2025-12-13,3,2,3,3,Yes,
450,Omar,Nakamura,Omar Nakamura,2,Engineering,Technology,Software Engineer,2,Travel_Frequently,2021-10-22,,Active,0,4.19,3-5 yr,3,Female,54,Single,Master,20,638.0,Kwame Cardoso,4869,0.89,4,Q4 (highest paid in role),50.3,0,12.0,2025-12-23,3,3,4,2,No,
451,Divya,Okafor,Divya Okafor,6,Customer Support,Go-To-Market,Support Representative,3,Travel_Rarely,2024-05-19,,Active,0,1.62,1-3 yr,2,Female,43,Married,Bachelor,7,1606.0,Aarav Eriksen,9985,0.7769,4,Q4 (highest paid in role),32.6,1,16.0,2025-12-16,3,1,3,2,No,
452,Idris,Aoki,Idris Aoki,2,Engineering,Technology,Software Engineer,2,Travel_Rarely,2015-05-12,,Active,0,10.64,10 yr+,5,Male,45,Married,Master,8,1941.0,Andre Delacroix,3697,0.7285,3,Q3,14.1,2,14.0,2025-12-18,3,4,4,3,No,
453,Andre,Pashkov,Andre Pashkov,1,Sales,Go-To-Market,Sales Executive,2,Travel_Rarely,2021-12-09,,Active,0,4.06,3-5 yr,3,Male,40,Married,College,1,2056.0,Grace Krishnan,7457,0.6554,3,Q3,7.7,3,22.0,2025-12-22,4,4,2,2,Yes,
455,Soren,Jokinen,Soren Jokinen,2,Engineering,Technology,QA Engineer,1,Travel_Rarely,2022-07-27,,Active,0,3.43,3-5 yr,3,Male,29,Single,Doctor,9,1655.0,Hannah Duarte,3983,0.7829,4,Q4 (highest paid in role),23.0,0,17.0,2025-12-11,3,4,2,3,No,
456,Sofia,Aoki,Sofia Aoki,1,Sales,Go-To-Market,Sales Executive,2,Travel_Rarely,2015-04-13,,Active,0,10.72,10 yr+,5,Female,30,Divorced,Bachelor,5,1319.0,Sofia Castellanos,6118,0.4646,2,Q2,-11.6,3,13.0,2025-12-20,3,3,4,3,No,
458,Amara,Bianchi,Amara Bianchi,1,Sales,Go-To-Market,Sales Executive,2,Travel_Rarely,2017-03-23,,Active,0,8.77,5-10 yr,4,Female,27,Married,Master,8,2055.0,Oscar Bakker,6214,0.4954,2,Q2,-10.3,1,18.0,2025-12-28,3,2,2,3,No,
460,Nadia,Okafor,Nadia Okafor,5,Operations,Technology,Operations Director,2,Travel_Rarely,2019-04-06,,Active,0,6.74,5-10 yr,4,Male,37,Divorced,College,5,601.0,Amara Grimaldi,6347,0.4792,2,Q2,-13.0,2,16.0,2025-12-23,3,4,4,2,No,
461,Andre,Kaur,Andre Kaur,2,Engineering,Technology,Engineering Director,3,Travel_Rarely,2014-11-26,,Active,0,11.1,10 yr+,5,Male,38,Divorced,College,15,396.0,Chloe Tanaka,11510,0.038,1,Q1 (lowest paid in role),-28.2,1,14.0,2025-12-28,3,4,3,3,Yes,
462,Rahul,Bianchi,Rahul Bianchi,5,Operations,Technology,Operations Director,3,Travel_Rarely,2014-06-19,,Active,0,11.53,10 yr+,5,Female,31,Single,Master,7,1367.0,Isabel Duarte,7143,0.5764,3,Q3,-2.1,0,14.0,2025-12-23,3,4,3,2,Yes,
463,Freya,Grimaldi,Freya Grimaldi,1,Sales,Go-To-Market,Sales Executive,2,Travel_Rarely,2018-09-16,,Active,0,7.29,5-10 yr,4,Female,29,Divorced,Below College,10,1391.0,Marcus Andersen,8268,0.7231,3,Q3,19.4,2,14.0,2025-12-23,3,2,4,3,Yes,
464,Isabel,Steiner,Isabel Steiner,5,Operations,Technology,Operations Director,3,Travel_Rarely,2009-05-12,,Active,0,16.64,10 yr+,5,Male,35,Single,Master,5,1367.0,Isabel Duarte,8095,0.6736,3,Q3,11.0,0,13.0,2025-12-25,3,2,3,3,No,
465,Mei,Okafor,Mei Okafor,2,Engineering,Technology,Software Engineer,1,Travel_Rarely,2021-11-28,,Active,0,4.09,3-5 yr,3,Male,23,Divorced,Below College,26,468.0,Mei Mehta,2904,0.5086,3,Q3,-10.4,2,12.0,2025-12-21,3,4,3,2,No,
466,Ethan,Marchetti,Ethan Marchetti,5,Operations,Technology,Operations Director,2,Travel_Rarely,2020-10-05,,Active,0,5.24,5-10 yr,4,Male,41,Single,Bachelor,6,601.0,Amara Grimaldi,6032,0.4167,2,Q2,-17.3,0,15.0,2025-12-19,3,2,4,3,Yes,
467,Diego,Okafor,Diego Okafor,1,Sales,Go-To-Market,Sales Representative,2,Travel_Frequently,2025-10-28,,Active,0,0.18,0-1 yr,1,Male,47,Single,Below College,4,986.0,Marcus Silva,2976,0.8049,4,Q4 (highest paid in role),13.3,0,19.0,2025-12-15,3,3,2,3,No,
468,Mei,Mehta,Mei Mehta,2,Engineering,Technology,Engineering Director,4,Travel_Rarely,2024-04-20,,Active,0,1.7,1-3 yr,2,Female,42,Single,Doctor,23,141.0,Aarav Jokinen,15992,0.4304,2,Q2,-0.3,0,14.0,2025-12-24,3,4,1,3,No,
469,Ingrid,Ortega,Ingrid Ortega,1,Sales,Go-To-Market,Sales Executive,2,Non-Travel,2021-01-16,,Active,0,4.96,3-5 yr,3,Male,29,Married,Bachelor,2,1391.0,Marcus Andersen,4649,0.16,1,Q1 (lowest paid in role),-32.9,1,14.0,2025-12-12,3,3,4,2,No,
470,Ethan,Duarte,Ethan Duarte,3,HR,Corporate Services,HR Generalist,1,Travel_Rarely,2022-01-28,,Active,0,3.92,3-5 yr,3,Male,42,Divorced,Below College,2,1098.0,Jonas Novak,2696,0.3137,2,Q2,-36.4,1,11.0,2025-12-17,3,3,3,3,Yes,
471,Diego,Eriksen,Diego Eriksen,2,Engineering,Technology,QA Engineer,1,Travel_Rarely,2017-08-02,,Active,0,8.41,5-10 yr,4,Female,32,Married,Bachelor,2,1472.0,Divya Lindqvist,2370,0.2326,1,Q1 (lowest paid in role),-26.8,1,13.0,2025-12-28,3,2,3,3,No,
473,Daniel,Pashkov,Daniel Pashkov,4,Finance,Corporate Services,Finance Manager,3,Travel_Rarely,2025-03-10,,Active,0,0.81,0-1 yr,1,Female,48,Married,Below College,29,1578.0,Tariq Pashkov,12504,0.0792,1,Q1 (lowest paid in role),-27.2,1,21.0,2025-12-12,4,3,1,1,No,
474,Felix,Cardoso,Felix Cardoso,2,Engineering,Technology,Software Engineer,2,Travel_Rarely,2018-05-01,,Active,0,7.67,5-10 yr,4,Male,37,Divorced,Bachelor,6,447.0,Tobias Moreau,5974,0.9759,4,Q4 (highest paid in role),84.4,2,13.0,2025-12-18,3,1,3,3,Yes,
475,Nikolai,Marchetti,Nikolai Marchetti,1,Sales,Go-To-Market,Sales Executive,2,Non-Travel,2023-12-30,,Active,0,2.0,1-3 yr,2,Female,30,Married,College,25,1319.0,Sofia Castellanos,4736,0.1846,1,Q1 (lowest paid in role),-31.6,1,12.0,2025-12-15,3,3,4,4,Yes,
476,Omar,Krishnan,Omar Krishnan,1,Sales,Go-To-Market,Sales Executive,2,Travel_Rarely,2017-02-24,,Active,0,8.85,5-10 yr,4,Male,26,Married,Bachelor,1,2055.0,Oscar Bakker,5296,0.2985,2,Q2,-23.5,1,17.0,2025-12-14,3,3,3,3,No,
477,Diego,Delacroix,Diego Delacroix,6,Customer Support,Go-To-Market,Support Representative,2,Travel_Rarely,2024-06-15,,Active,0,1.54,1-3 yr,2,Male,42,Single,Master,2,372.0,Soren Duarte,6781,0.4846,2,Q2,-9.9,0,23.0,2025-12-24,4,4,1,3,No,
479,Andre,Rossi,Andre Rossi,1,Sales,Go-To-Market,Sales Executive,2,Non-Travel,2024-05-17,,Active,0,1.62,1-3 yr,2,Female,36,Single,Doctor,1,81.0,Sofia Cardoso,6653,0.5692,3,Q3,-3.9,0,15.0,2025-12-16,3,4,4,3,No,
481,Diego,Castellanos,Diego Castellanos,1,Sales,Go-To-Market,Sales Executive,3,Travel_Frequently,2012-06-28,,Active,0,13.51,10 yr+,5,Male,36,Married,Master,3,1716.0,Elena Pashkov,9699,0.84,4,Q4 (highest paid in role),40.1,1,11.0,2025-12-22,3,4,1,3,No,
482,Bruno,Krishnan,Bruno Krishnan,6,Customer Support,Go-To-Market,Support Representative,2,Travel_Rarely,2022-12-30,,Active,0,3.0,3-5 yr,3,Male,57,Married,Master,1,431.0,Leila Halvorsen,6755,0.4769,2,Q2,-10.3,0,11.0,2025-12-17,3,3,4,3,No,
483,Luis,Pashkov,Luis Pashkov,2,Engineering,Technology,QA Engineer,1,Travel_Rarely,2018-09-23,,Active,0,7.27,5-10 yr,4,Female,40,Married,Master,10,352.0,Felix Reyes,2213,0.1434,1,Q1 (lowest paid in role),-31.6,1,13.0,2025-12-18,3,3,4,3,Yes,
484,Fatima,Bakker,Fatima Bakker,1,Sales,Go-To-Market,Sales Representative,1,Non-Travel,2022-08-06,,Active,0,3.4,3-5 yr,3,Male,21,Single,College,9,302.0,Diego Ramos,2610,0.5122,3,Q3,-0.6,0,24.0,2025-12-13,4,4,1,2,No,
486,Hugo,Krishnan,Hugo Krishnan,2,Engineering,Technology,QA Engineer,1,Travel_Rarely,2020-10-08,,Active,0,5.23,5-10 yr,4,Female,37,Married,Bachelor,10,1837.0,Diego Whitfield,3452,0.6318,3,Q3,6.6,1,20.0,2025-12-26,4,1,3,3,No,
487,Zara,Lindqvist,Zara Lindqvist,5,Operations,Technology,Operations Director,2,Non-Travel,2024-09-16,,Active,0,1.29,1-3 yr,2,Female,46,Married,Master,7,2034.0,Nadia Larsen,5258,0.2986,2,Q2,-27.9,0,14.0,2025-12-18,3,3,3,4,No,
491,Sanne,Mbeki,Sanne Mbeki,6,Customer Support,Go-To-Market,Support Representative,3,Travel_Rarely,2021-01-04,,Active,0,4.99,3-5 yr,3,Male,50,Single,Bachelor,10,1606.0,Aarav Eriksen,10496,0.8538,4,Q4 (highest paid in role),39.4,0,15.0,2025-12-16,3,4,4,3,No,
493,Diego,Lindqvist,Diego Lindqvist,2,Engineering,Technology,Software Engineer,1,Travel_Rarely,2023-05-17,,Active,0,2.63,1-3 yr,2,Male,31,Single,Master,9,997.0,Leila Krishnan,2657,0.3849,2,Q2,-18.0,0,16.0,2025-12-23,3,2,3,3,Yes,
495,Diego,Vandenberg,Diego Vandenberg,2,Engineering,Technology,Software Engineer,1,Travel_Rarely,2022-11-15,,Active,0,3.13,3-5 yr,3,Male,29,Single,Bachelor,23,1655.0,Hannah Duarte,2201,0.1443,1,Q1 (lowest paid in role),-32.1,0,16.0,2025-12-14,3,4,4,3,No,
496,Claire,Navarro,Claire Navarro,6,Customer Support,Go-To-Market,Support Representative,2,Travel_Rarely,2024-02-02,,Active,0,1.91,1-3 yr,2,Male,35,Single,Master,9,119.0,Fatima Novak,6540,0.4231,2,Q2,-13.1,0,19.0,2025-12-13,3,2,3,3,No,
497,Amara,Dubois,Amara Dubois,2,Engineering,Technology,QA Engineer,1,Travel_Rarely,2020-02-07,,Active,0,5.9,5-10 yr,4,Male,27,Divorced,College,1,1523.0,Daniel Osei,3816,0.7364,3,Q3,17.9,1,11.0,2025-12-13,3,2,4,3,No,
498,Kwame,Varga,Kwame Varga,1,Sales,Go-To-Market,Sales Executive,2,Travel_Rarely,2018-11-03,,Active,0,7.16,5-10 yr,4,Male,28,Single,Master,9,174.0,Grace Dubois,5253,0.2954,2,Q2,-24.1,0,16.0,2025-12-13,3,4,2,3,No,
499,Samir,Ibrahim,Samir Ibrahim,6,Customer Support,Go-To-Market,Support Representative,3,Travel_Rarely,2020-03-03,,Active,0,5.83,5-10 yr,4,Male,49,Single,Bachelor,7,1606.0,Aarav Eriksen,10965,0.9231,4,Q4 (highest paid in role),45.6,0,24.0,2025-12-24,4,3,2,3,No,
500,Camila,Mbeki,Camila Mbeki,1,Sales,Go-To-Market,Sales Executive,2,Travel_Rarely,2018-09-27,,Active,0,7.26,5-10 yr,4,Female,51,Married,College,14,986.0,Marcus Silva,4936,0.2246,1,Q1 (lowest paid in role),-28.7,1,11.0,2025-12-24,3,4,3,2,No,
501,Camila,Moreau,Camila Moreau,2,Engineering,Technology,Software Engineer,1,Travel_Rarely,2023-12-15,,Active,0,2.05,1-3 yr,2,Female,36,Married,Bachelor,2,1424.0,Rahul Novak,2543,0.3265,2,Q2,-21.5,1,13.0,2025-12-11,3,3,4,3,No,
505,Divya,Eriksen,Divya Eriksen,4,Finance,Corporate Services,Finance Manager,4,Travel_Rarely,2020-08-11,,Active,0,5.39,5-10 yr,4,Female,55,Single,Bachelor,2,374.0,Aarav Lindqvist,16659,0.297,2,Q2,-3.0,0,13.0,2025-12-25,3,4,3,3,Yes,
507,Amara,Duarte,Amara Duarte,1,Sales,Go-To-Market,Sales Executive,2,Travel_Rarely,2020-12-27,,Active,0,5.01,5-10 yr,4,Female,24,Divorced,Master,10,118.0,Anika Bergman,4260,0.0585,1,Q1 (lowest paid in role),-38.5,1,12.0,2025-12-20,3,3,4,4,Yes,
508,Aarav,Ortega,Aarav Ortega,1,Sales,Go-To-Market,Sales Representative,1,Travel_Rarely,2024-06-21,,Active,0,1.53,1-3 yr,2,Male,30,Married,Below College,2,1457.0,Leila Rossi,2476,0.4634,2,Q2,-5.7,1,18.0,2025-12-11,3,2,3,3,No,
511,Bruno,Eriksen,Bruno Eriksen,2,Engineering,Technology,Software Engineer,1,Travel_Rarely,2023-02-16,,Active,0,2.87,1-3 yr,2,Female,22,Married,Bachelor,11,468.0,Mei Mehta,2244,0.1581,1,Q1 (lowest paid in role),-30.7,1,13.0,2025-12-13,3,2,1,3,No,
513,Diego,Larsen,Diego Larsen,1,Sales,Go-To-Market,Sales Executive,3,Travel_Rarely,2015-04-05,,Active,0,10.74,10 yr+,5,Male,36,Married,College,2,1716.0,Elena Pashkov,7596,0.6677,3,Q3,9.7,2,13.0,2025-12-19,3,3,2,3,No,
515,Camila,Silva,Camila Silva,2,Engineering,Technology,QA Engineer,1,Travel_Rarely,2007-04-20,,Active,0,18.7,10 yr+,5,Female,37,Divorced,Bachelor,14,1837.0,Diego Whitfield,3034,0.5271,3,Q3,-6.3,1,12.0,2025-12-26,3,1,4,2,No,
516,Aisha,Lombardi,Aisha Lombardi,1,Sales,Go-To-Market,Sales Executive,2,Travel_Rarely,2020-10-05,,Active,0,5.24,5-10 yr,4,Female,40,Divorced,College,2,2056.0,Grace Krishnan,5715,0.4246,2,Q2,-17.5,2,12.0,2025-12-15,3,2,4,3,No,
517,Peter,Halvorsen,Peter Halvorsen,2,Engineering,Technology,QA Engineer,1,Travel_Rarely,2020-05-19,,Active,0,5.62,5-10 yr,4,Female,42,Divorced,Master,1,1035.0,Lena Osei,2576,0.3643,2,Q2,-20.4,1,16.0,2025-12-27,3,1,2,3,No,
518,Bruno,Andersen,Bruno Andersen,5,Operations,Technology,Operations Director,2,Travel_Rarely,2024-04-02,,Active,0,1.75,1-3 yr,2,Male,37,Single,Master,10,601.0,Amara Grimaldi,4197,0.0278,1,Q1 (lowest paid in role),-42.5,0,12.0,2025-12-14,3,2,3,2,Yes,
520,Idris,Lindqvist,Idris Lindqvist,2,Engineering,Technology,Engineering Director,4,Travel_Rarely,2000-03-10,,Active,0,25.81,10 yr+,5,Male,43,Divorced,Bachelor,12,80.0,Mira Silva,14336,0.3671,2,Q2,-10.6,1,11.0,2025-12-12,3,2,1,3,No,
521,Bruno,Ramos,Bruno Ramos,2,Engineering,Technology,QA Engineer,2,Travel_Rarely,2024-05-14,,Active,0,1.63,1-3 yr,2,Female,40,Married,Bachelor,2,1263.0,Caleb Eriksen,3448,0.6279,3,Q3,6.5,1,22.0,2025-12-24,4,3,2,3,No,
522,Anika,Bianchi,Anika Bianchi,2,Engineering,Technology,Engineering Director,5,Travel_Rarely,2021-03-06,,Active,0,4.82,3-5 yr,3,Male,54,Married,College,5,825.0,Sofia Sharma,19406,0.8608,4,Q4 (highest paid in role),21.0,1,11.0,2025-12-11,3,1,1,2,No,
523,Bruno,Ibrahim,Bruno Ibrahim,1,Sales,Go-To-Market,Sales Executive,2,Non-Travel,2022-06-04,,Active,0,3.58,3-5 yr,3,Female,34,Married,Master,4,862.0,Hugo Grimaldi,6538,0.5477,3,Q3,-5.6,1,15.0,2025-12-31,3,3,3,3,No,
524,Zara,Kaur,Zara Kaur,5,Operations,Technology,Operations Director,2,Travel_Rarely,2012-05-25,,Active,0,13.6,10 yr+,5,Female,31,Married,College,7,1283.0,Aisha Aoki,4306,0.0625,1,Q1 (lowest paid in role),-41.0,1,12.0,2025-12-24,3,1,2,1,No,
525,Grace,Cardoso,Grace Cardoso,2,Engineering,Technology,QA Engineer,1,Travel_Frequently,2022-06-11,,Active,0,3.56,3-5 yr,3,Male,43,Married,Bachelor,21,999.0,Jonas Mbeki,2258,0.1589,1,Q1 (lowest paid in role),-30.2,1,20.0,2025-12-26,4,4,4,3,No,
526,Nina,Ramos,Nina Ramos,6,Customer Support,Go-To-Market,Support Representative,2,Travel_Rarely,2020-02-12,,Active,0,5.88,5-10 yr,4,Female,43,Divorced,Master,8,372.0,Soren Duarte,4522,0.0923,1,Q1 (lowest paid in role),-39.9,0,14.0,2025-12-13,3,3,3,3,Yes,
527,Kwame,Kaur,Kwame Kaur,1,Sales,Go-To-Market,Sales Executive,2,Travel_Rarely,2020-02-29,,Active,0,5.84,5-10 yr,4,Female,25,Single,College,4,840.0,Viktor Steiner,4487,0.1046,1,Q1 (lowest paid in role),-35.2,0,11.0,2025-12-15,3,4,2,3,Yes,
529,Yuki,Krishnan,Yuki Krishnan,2,Engineering,Technology,Software Engineer,2,Non-Travel,2012-03-07,,Active,0,13.82,10 yr+,5,Female,37,Married,Doctor,25,447.0,Tobias Moreau,4449,0.8282,4,Q4 (highest paid in role),37.3,2,15.0,2025-12-11,3,3,2,3,Yes,
530,Jonas,Quintero,Jonas Quintero,2,Engineering,Technology,QA Engineer,1,Travel_Rarely,2021-03-01,,Active,0,4.84,3-5 yr,3,Male,31,Married,College,1,997.0,Leila Krishnan,2218,0.1473,1,Q1 (lowest paid in role),-31.5,1,12.0,2025-12-14,3,1,4,3,No,
531,Leila,Reyes,Leila Reyes,4,Finance,Corporate Services,Finance Manager,5,Travel_Frequently,2004-10-11,,Active,0,21.22,10 yr+,5,Male,39,Divorced,Below College,1,1338.0,Samir Duarte,19197,0.7921,4,Q4 (highest paid in role),11.7,1,14.0,2025-12-16,3,3,2,3,Yes,
532,Tobias,Aoki,Tobias Aoki,1,Sales,Go-To-Market,Sales Executive,4,Travel_Frequently,2018-01-29,,Active,0,7.92,5-10 yr,4,Female,56,Married,Bachelor,6,131.0,Zara Mehta,13212,0.9754,4,Q4 (highest paid in role),90.8,3,11.0,2025-12-31,3,1,3,2,No,
533,Hugo,Marchetti,Hugo Marchetti,1,Sales,Go-To-Market,Sales Executive,2,Travel_Rarely,2020-05-19,,Active,0,5.62,5-10 yr,4,Female,30,Single,Bachelor,12,1319.0,Sofia Castellanos,6577,0.5508,3,Q3,-5.0,0,11.0,2025-12-30,3,3,2,3,No,
534,Mei,Castellanos,Mei Castellanos,1,Sales,Go-To-Market,Sales Executive,3,Travel_Rarely,2015-06-24,,Active,0,10.52,10 yr+,5,Male,41,Married,Bachelor,1,1716.0,Elena Pashkov,8392,0.7354,3,Q3,21.2,1,16.0,2025-12-30,3,1,2,3,No,
536,Sanne,Okafor,Sanne Okafor,2,Engineering,Technology,QA Engineer,2,Travel_Rarely,2015-07-01,,Active,0,10.5,10 yr+,5,Male,28,Divorced,College,17,1608.0,Oscar Silva,4558,0.8643,4,Q4 (highest paid in role),40.8,1,12.0,2025-12-23,3,1,3,3,No,
543,Zara,Petrov,Zara Petrov,5,Operations,Technology,Operations Director,3,Travel_Rarely,2020-01-27,,Active,0,5.93,5-10 yr,4,Male,52,Married,Bachelor,3,867.0,Aarav Navarro,7969,0.6667,3,Q3,9.2,0,14.0,2025-12-27,3,3,4,3,Yes,
544,Grace,Osei,Grace Osei,2,Engineering,Technology,Software Engineer,1,Travel_Rarely,2023-12-14,,Active,0,2.05,1-3 yr,2,Male,45,Married,College,10,999.0,Jonas Mbeki,2654,0.3814,2,Q2,-18.1,2,21.0,2025-12-16,4,4,1,2,No,
546,Kwame,Whitfield,Kwame Whitfield,4,Finance,Corporate Services,Finance Manager,4,Travel_Rarely,2020-03-15,,Active,0,5.8,5-10 yr,4,Female,52,Married,College,4,374.0,Aarav Lindqvist,16555,0.2673,2,Q2,-3.6,0,13.0,2025-12-22,3,4,4,1,No,
547,Caleb,Aoki,Caleb Aoki,2,Engineering,Technology,Software Engineer,2,Travel_Frequently,2020-10-05,,Active,0,5.24,5-10 yr,4,Female,42,Divorced,College,29,1941.0,Andre Delacroix,4556,0.8488,4,Q4 (highest paid in role),40.6,1,11.0,2025-12-23,3,3,1,3,No,
548,Idris,Cardoso,Idris Cardoso,5,Operations,Technology,Operations Director,2,Travel_Rarely,2020-08-11,,Active,0,5.39,5-10 yr,4,Female,30,Single,Bachelor,2,1360.0,Tariq Hassan,6091,0.4306,2,Q2,-16.5,0,20.0,2025-12-28,4,4,3,3,No,
550,Priya,Simonsen,Priya Simonsen,5,Operations,Technology,Operations Director,2,Travel_Rarely,2015-06-27,,Active,0,10.51,10 yr+,5,Female,46,Divorced,Bachelor,18,2034.0,Nadia Larsen,4810,0.1875,1,Q1 (lowest paid in role),-34.1,1,14.0,2025-12-11,3,3,3,2,No,
551,Tariq,Novak,Tariq Novak,6,Customer Support,Go-To-Market,Support Representative,2,Travel_Frequently,2019-05-29,,Active,0,6.59,5-10 yr,4,Female,42,Married,Master,28,372.0,Soren Duarte,4523,0.1,1,Q1 (lowest paid in role),-39.9,3,11.0,2025-12-21,3,4,4,4,No,
556,Bruno,Petrov,Bruno Petrov,2,Engineering,Technology,QA Engineer,1,Travel_Frequently,2024-07-24,,Active,0,1.44,1-3 yr,2,Male,38,Married,College,2,1128.0,Kwame Mehta,1702,0.0349,1,Q1 (lowest paid in role),-47.4,1,23.0,2025-12-14,4,4,4,3,Yes,
558,Bruno,Marchetti,Bruno Marchetti,4,Finance,Corporate Services,Finance Manager,5,Travel_Rarely,2005-11-09,,Active,0,20.14,10 yr+,5,Female,40,Married,Master,2,1191.0,Aisha Varga,18041,0.5842,3,Q3,5.0,0,14.0,2025-12-24,3,3,3,3,No,
560,Caleb,Eriksen,Caleb Eriksen,2,Engineering,Technology,Software Engineer,1,Travel_Rarely,2022-11-22,,Active,0,3.11,3-5 yr,3,Female,26,Divorced,Bachelor,23,661.0,Andre Nowak,2886,0.4983,2,Q2,-10.9,2,22.0,2025-12-31,4,4,1,1,No,
562,Andre,Petrov,Andre Petrov,2,Engineering,Technology,QA Engineer,1,Non-Travel,2020-12-31,,Active,0,5.0,5-10 yr,4,Male,30,Married,Bachelor,3,1539.0,Camila Dubois,2097,0.0969,1,Q1 (lowest paid in role),-35.2,1,15.0,2025-12-20,3,4,3,1,No,
564,Soren,Simonsen,Soren Simonsen,2,Engineering,Technology,Engineering Director,3,Travel_Rarely,2015-05-11,,Active,0,10.64,10 yr+,5,Male,29,Married,Master,3,638.0,Kwame Cardoso,11935,0.0759,1,Q1 (lowest paid in role),-25.6,0,18.0,2025-12-31,3,3,2,3,No,
567,Sofia,Hassan,Sofia Hassan,1,Sales,Go-To-Market,Sales Executive,3,Non-Travel,2016-01-25,,Active,0,9.93,5-10 yr,4,Female,30,Married,Master,22,404.0,Nadia Kowalski,8412,0.7415,3,Q3,21.5,0,11.0,2025-12-14,3,1,3,3,No,
568,Jonas,Navarro,Jonas Navarro,4,Finance,Corporate Services,Finance Manager,4,Travel_Rarely,2024-12-18,,Active,0,1.03,1-3 yr,2,Male,57,Divorced,Bachelor,29,1338.0,Samir Duarte,14118,0.1287,1,Q1 (lowest paid in role),-17.8,1,12.0,2025-12-28,3,4,1,2,No,
569,Jonas,Rossi,Jonas Rossi,4,Finance,Corporate Services,Finance Manager,4,Travel_Rarely,1998-07-02,,Active,0,27.5,10 yr+,5,Male,50,Married,Master,29,787.0,Divya Novak,17046,0.4059,2,Q2,-0.8,1,15.0,2025-12-19,3,3,2,3,No,
571,Ethan,Pashkov,Ethan Pashkov,2,Engineering,Technology,QA Engineer,1,Non-Travel,2014-07-27,,Active,0,11.43,10 yr+,5,Female,30,Single,Bachelor,2,1539.0,Camila Dubois,2564,0.3527,2,Q2,-20.8,0,14.0,2025-12-24,3,4,3,2,No,
573,Soren,Fitzgerald,Soren Fitzgerald,1,Sales,Go-To-Market,Sales Executive,3,Travel_Frequently,2007-04-30,,Active,0,18.67,10 yr+,5,Female,60,Married,Bachelor,28,1372.0,Tobias Varga,10266,0.8923,4,Q4 (highest paid in role),48.3,0,19.0,2025-12-13,3,1,3,4,No,
574,Peter,Whitfield,Peter Whitfield,5,Operations,Technology,Operations Director,2,Travel_Rarely,2020-10-02,,Active,0,5.25,5-10 yr,4,Female,47,Divorced,College,2,1005.0,Zara Lindqvist,5070,0.25,1,Q1 (lowest paid in role),-30.5,3,13.0,2025-12-15,3,4,1,3,No,
575,Soren,Bergman,Soren Bergman,2,Engineering,Technology,Engineering Director,4,Travel_Rarely,2022-12-25,,Active,0,3.02,3-5 yr,3,Male,46,Married,Bachelor,2,80.0,Mira Silva,17861,0.6709,3,Q3,11.4,0,13.0,2025-12-24,3,3,1,1,No,
577,Zara,Sharma,Zara Sharma,2,Engineering,Technology,QA Engineer,1,Travel_Rarely,2020-02-12,,Active,0,5.88,5-10 yr,4,Male,35,Single,Bachelor,22,1250.0,Bruno Castellanos,4230,0.8295,4,Q4 (highest paid in role),30.7,0,15.0,2025-12-12,3,3,4,3,No,
578,Nikolai,Halvorsen,Nikolai Halvorsen,2,Engineering,Technology,QA Engineer,2,Travel_Rarely,2024-11-29,,Active,0,1.09,1-3 yr,2,Female,54,Single,Master,8,638.0,Kwame Cardoso,3780,0.7287,3,Q3,16.8,0,11.0,2025-12-25,3,3,3,3,No,
579,Zara,Pashkov,Zara Pashkov,2,Engineering,Technology,Software Engineer,1,Travel_Rarely,2018-06-04,,Active,0,7.58,5-10 yr,4,Male,34,Divorced,Master,2,1422.0,Isabel Vandenberg,2768,0.4467,2,Q2,-14.6,1,12.0,2025-12-12,3,3,4,3,No,
580,Yuki,Nowak,Yuki Nowak,1,Sales,Go-To-Market,Sales Executive,3,Travel_Rarely,2022-10-12,,Active,0,3.22,3-5 yr,3,Female,46,Married,Bachelor,10,1138.0,Caleb Quintero,9071,0.7938,4,Q4 (highest paid in role),31.0,1,19.0,2025-12-23,3,4,3,3,Yes,
581,Soren,Mbeki,Soren Mbeki,5,Operations,Technology,Operations Director,3,Travel_Rarely,2012-09-25,,Active,0,13.26,10 yr+,5,Male,31,Divorced,Below College,9,1367.0,Isabel Duarte,10648,0.875,4,Q4 (highest paid in role),46.0,1,25.0,2025-12-27,4,2,3,4,No,
585,Leila,Osei,Leila Osei,1,Sales,Go-To-Market,Sales Representative,1,Travel_Rarely,2022-10-18,,Active,0,3.2,3-5 yr,3,Male,30,Single,Below College,7,1732.0,Claire Mehta,2983,0.8171,4,Q4 (highest paid in role),13.6,0,14.0,2025-12-16,3,2,4,3,No,
586,Luis,Kaur,Luis Kaur,6,Customer Support,Go-To-Market,Support Representative,3,Travel_Rarely,2017-11-13,,Active,0,8.13,5-10 yr,4,Male,35,Married,Bachelor,16,431.0,Leila Halvorsen,7632,0.6077,3,Q3,1.4,0,12.0,2025-12-13,3,3,4,3,Yes,
591,Idris,Ferreira,Idris Ferreira,2,Engineering,Technology,QA Engineer,1,Travel_Frequently,2023-02-17,,Active,0,2.87,1-3 yr,2,Male,42,Married,College,5,1035.0,Lena Osei,2093,0.093,1,Q1 (lowest paid in role),-35.3,1,17.0,2025-12-18,3,3,2,3,No,
592,Nikolai,Ibrahim,Nikolai Ibrahim,1,Sales,Go-To-Market,Sales Executive,3,Non-Travel,2015-11-17,,Active,0,10.12,10 yr+,5,Male,36,Single,Master,10,1716.0,Elena Pashkov,9980,0.8738,4,Q4 (highest paid in role),44.1,0,14.0,2025-12-16,3,4,2,2,No,
595,Luis,Ibrahim,Luis Ibrahim,1,Sales,Go-To-Market,Sales Executive,2,Travel_Rarely,2016-01-25,,Active,0,9.93,5-10 yr,4,Female,48,Married,Doctor,2,986.0,Marcus Silva,4051,0.0092,1,Q1 (lowest paid in role),-41.5,1,14.0,2025-12-27,3,4,2,3,No,
597,Mira,Sharma,Mira Sharma,4,Finance,Corporate Services,Finance Manager,4,Travel_Rarely,2015-05-17,,Active,0,10.63,10 yr+,5,Female,55,Single,Doctor,18,374.0,Aarav Lindqvist,16835,0.3564,2,Q2,-2.0,0,23.0,2025-12-24,4,2,1,3,No,
599,Andre,Sharma,Andre Sharma,1,Sales,Go-To-Market,Sales Executive,2,Non-Travel,2011-10-24,,Active,0,14.19,10 yr+,5,Male,41,Single,College,10,2056.0,Grace Krishnan,6230,0.4985,2,Q2,-10.0,0,14.0,2025-12-17,3,4,4,3,No,
600,Mei,Eriksen,Mei Eriksen,1,Sales,Go-To-Market,Sales Executive,2,Travel_Rarely,2014-04-07,,Active,0,11.73,10 yr+,5,Male,35,Married,Bachelor,1,1070.0,Samir Eriksen,4717,0.1754,1,Q1 (lowest paid in role),-31.9,0,11.0,2025-12-27,3,3,2,3,No,
601,Amara,Grimaldi,Amara Grimaldi,5,Operations,Technology,Operations Director,4,Travel_Rarely,2005-04-11,,Active,0,20.72,10 yr+,5,Female,40,Single,Bachelor,6,1775.0,Yuki Larsen,13237,0.9583,4,Q4 (highest paid in role),81.4,0,15.0,2025-12-18,3,3,2,3,No,
602,Camila,Tanaka,Camila Tanaka,2,Engineering,Technology,QA Engineer,1,Travel_Frequently,2017-06-20,,Active,0,8.53,5-10 yr,4,Female,39,Married,Below College,8,1128.0,Kwame Mehta,3755,0.7248,3,Q3,16.0,1,11.0,2025-12-15,3,3,3,3,No,
604,Peter,Rossi,Peter Rossi,1,Sales,Go-To-Market,Sales Executive,2,Travel_Rarely,2019-01-15,,Active,0,6.96,5-10 yr,4,Male,31,Single,Below College,2,1319.0,Sofia Castellanos,6582,0.5569,3,Q3,-4.9,0,13.0,2025-12-13,3,4,2,4,Yes,
605,Fatima,Bergman,Fatima Bergman,5,Operations,Technology,Operations Director,3,Travel_Rarely,2015-03-16,,Active,0,10.8,10 yr+,5,Male,42,Married,Bachelor,24,1401.0,Rosa Marchetti,7406,0.5972,3,Q3,1.5,1,21.0,2025-12-26,4,1,4,2,Yes,
606,Nina,Novak,Nina Novak,1,Sales,Go-To-Market,Sales Executive,2,Travel_Rarely,2017-10-28,,Active,0,8.18,5-10 yr,4,Male,45,Married,Bachelor,2,1975.0,Grace Kaur,4805,0.2,1,Q1 (lowest paid in role),-30.6,1,19.0,2025-12-11,3,2,4,4,No,
611,Isabel,Varga,Isabel Varga,5,Operations,Technology,Operations Director,2,Travel_Rarely,2022-06-18,,Active,0,3.54,3-5 yr,3,Male,29,Divorced,Bachelor,19,1360.0,Tariq Hassan,4262,0.0486,1,Q1 (lowest paid in role),-41.6,2,12.0,2025-12-27,3,4,4,4,No,
612,Soren,Castellanos,Soren Castellanos,2,Engineering,Technology,Engineering Director,4,Travel_Rarely,2019-09-06,,Active,0,6.32,5-10 yr,4,Female,33,Divorced,Doctor,1,141.0,Aarav Jokinen,16184,0.4557,2,Q2,0.9,1,19.0,2025-12-21,3,3,1,3,No,
613,Rahul,Petrov,Rahul Petrov,4,Finance,Corporate Services,Finance Manager,3,Travel_Rarely,2020-10-22,,Active,0,5.19,5-10 yr,4,Male,31,Divorced,Bachelor,7,1973.0,Yuki Kaur,11557,0.0099,1,Q1 (lowest paid in role),-32.7,1,21.0,2025-12-22,4,4,3,2,No,
615,Oscar,Varga,Oscar Varga,1,Sales,Go-To-Market,Sales Executive,3,Non-Travel,2024-06-24,,Active,0,1.52,1-3 yr,2,Male,40,Divorced,Bachelor,28,1716.0,Elena Pashkov,10932,0.9538,4,Q4 (highest paid in role),57.9,1,15.0,2025-12-26,3,1,3,3,No,
616,Ingrid,Bakker,Ingrid Bakker,6,Customer Support,Go-To-Market,Support Representative,2,Non-Travel,2017-11-08,,Active,0,8.15,5-10 yr,4,Female,41,Single,Master,2,372.0,Soren Duarte,6811,0.4923,2,Q2,-9.5,0,17.0,2025-12-21,3,3,1,3,Yes,
618,Tariq,Petrov,Tariq Petrov,1,Sales,Go-To-Market,Sales Executive,2,Travel_Rarely,2025-03-01,,Active,0,0.84,0-1 yr,1,Male,26,Divorced,College,29,2055.0,Oscar Bakker,4306,0.0708,1,Q1 (lowest paid in role),-37.8,2,12.0,2025-12-20,3,3,1,3,No,
620,Hugo,Fitzgerald,Hugo Fitzgerald,1,Sales,Go-To-Market,Sales Executive,2,Travel_Rarely,2020-05-26,,Active,0,5.6,5-10 yr,4,Female,35,Single,Bachelor,1,1070.0,Samir Eriksen,4859,0.2092,1,Q1 (lowest paid in role),-29.8,0,16.0,2025-12-13,3,3,1,3,No,
621,Idris,Sharma,Idris Sharma,1,Sales,Go-To-Market,Sales Executive,2,Travel_Rarely,2015-09-08,,Active,0,10.31,10 yr+,5,Male,34,Single,Master,21,862.0,Hugo Grimaldi,5337,0.32,2,Q2,-22.9,0,12.0,2025-12-28,3,4,4,3,No,
623,Freya,Duarte,Freya Duarte,5,Operations,Technology,Operations Director,3,Travel_Rarely,2019-08-29,,Active,0,6.34,5-10 yr,4,Female,37,Single,Bachelor,1,1367.0,Isabel Duarte,7491,0.6181,3,Q3,2.7,0,17.0,2025-12-21,3,4,2,4,No,
624,Caleb,Okafor,Caleb Okafor,6,Customer Support,Go-To-Market,Support Representative,3,Travel_Frequently,2023-07-31,,Active,0,2.42,1-3 yr,2,Female,46,Married,Below College,18,1606.0,Aarav Eriksen,10527,0.8615,4,Q4 (highest paid in role),39.8,0,11.0,2025-12-28,3,3,1,2,No,
625,Daniel,Bianchi,Daniel Bianchi,4,Finance,Corporate Services,Finance Manager,4,Travel_Rarely,2007-06-24,,Active,0,18.52,10 yr+,5,Female,41,Married,Doctor,2,1336.0,Viktor Bianchi,16595,0.2772,2,Q2,-3.4,1,16.0,2025-12-21,3,1,2,3,No,
626,Nadia,Lombardi,Nadia Lombardi,1,Sales,Go-To-Market,Sales Executive,3,Non-Travel,2016-04-09,,Active,0,9.73,5-10 yr,4,Male,37,Divorced,Master,9,1716.0,Elena Pashkov,8834,0.7754,4,Q4 (highest paid in role),27.6,1,13.0,2025-12-23,3,2,1,3,No,
630,Sofia,Osei,Sofia Osei,2,Engineering,Technology,Software Engineer,2,Travel_Rarely,2015-01-09,,Active,0,10.98,10 yr+,5,Male,52,Divorced,College,6,638.0,Kwame Cardoso,5577,0.9588,4,Q4 (highest paid in role),72.1,2,12.0,2025-12-21,3,1,4,3,Yes,
632,Ingrid,Vandenberg,Ingrid Vandenberg,1,Sales,Go-To-Market,Sales Representative,1,Travel_Frequently,2023-02-24,,Active,0,2.85,1-3 yr,2,Male,24,Married,Bachelor,24,1869.0,Aisha Silva,2400,0.4146,2,Q2,-8.6,2,13.0,2025-12-28,3,4,4,3,No,
634,Hannah,Duarte,Hannah Duarte,6,Customer Support,Go-To-Market,Support Representative,2,Travel_Rarely,2024-10-30,,Active,0,1.17,1-3 yr,2,Female,38,Married,Bachelor,10,119.0,Fatima Novak,9824,0.7538,4,Q4 (highest paid in role),30.5,1,19.0,2025-12-18,3,3,3,3,No,
635,Marcus,Tanaka,Marcus Tanaka,5,Operations,Technology,Operations Director,2,Travel_Rarely,2019-03-04,,Active,0,6.83,5-10 yr,4,Female,37,Married,Master,1,601.0,Amara Grimaldi,6447,0.5,2,Q2,-11.6,1,12.0,2025-12-27,3,2,2,2,No,
638,Kwame,Cardoso,Kwame Cardoso,2,Engineering,Technology,Engineering Director,5,Travel_Rarely,1994-10-15,,Active,0,31.21,10 yr+,5,Male,49,Divorced,Master,18,1423.0,Anika Andersen,19502,0.8987,4,Q4 (highest paid in role),21.6,1,17.0,2025-12-20,3,3,4,3,Yes,
639,Rahul,Kowalski,Rahul Kowalski,2,Engineering,Technology,Software Engineer,1,Travel_Rarely,2019-12-24,,Active,0,6.02,5-10 yr,4,Male,24,Married,Bachelor,23,1666.0,Soren Marchetti,2725,0.4364,2,Q2,-15.9,2,11.0,2025-12-11,3,4,2,3,Yes,
641,Elena,Grimaldi,Elena Grimaldi,1,Sales,Go-To-Market,Sales Executive,2,Travel_Rarely,2020-06-11,,Active,0,5.56,5-10 yr,4,Male,26,Married,College,28,2055.0,Oscar Bakker,6272,0.5077,3,Q3,-9.4,2,20.0,2025-12-12,4,2,1,4,No,
643,Marcus,Steiner,Marcus Steiner,2,Engineering,Technology,QA Engineer,1,Travel_Rarely,2024-11-16,,Active,0,1.12,1-3 yr,2,Male,24,Married,College,17,1666.0,Soren Marchetti,2127,0.1124,1,Q1 (lowest paid in role),-34.3,1,21.0,2025-12-25,4,2,4,3,No,
644,Chloe,Larsen,Chloe Larsen,4,Finance,Corporate Services,Finance Manager,5,Travel_Frequently,1993-03-12,,Active,0,32.8,10 yr+,5,Male,50,Married,Bachelor,3,140.0,Camila Osei,18200,0.604,3,Q3,5.9,1,11.0,2025-12-24,3,2,1,3,No,
645,Sofia,Kaur,Sofia Kaur,1,Sales,Go-To-Market,Sales Representative,1,Travel_Rarely,2018-03-26,,Active,0,7.77,5-10 yr,4,Male,25,Married,Below College,13,1732.0,Claire Mehta,2096,0.1829,1,Q1 (lowest paid in role),-20.2,0,11.0,2025-12-25,3,3,2,3,No,
649,Bruno,Cardoso,Bruno Cardoso,2,Engineering,Technology,Software Engineer,1,Travel_Rarely,2019-04-28,,Active,0,6.68,5-10 yr,4,Male,34,Married,College,1,386.0,Jonas Whitfield,3622,0.7182,3,Q3,11.8,1,13.0,2025-12-15,3,4,2,3,Yes,
652,Omar,Bakker,Omar Bakker,2,Engineering,Technology,QA Engineer,2,Travel_Rarely,2022-02-20,,Active,0,3.86,3-5 yr,3,Male,35,Single,College,25,1069.0,Divya Krishnan,3681,0.686,3,Q3,13.7,0,14.0,2025-12-15,3,4,1,3,No,
653,Caleb,Ibrahim,Caleb Ibrahim,1,Sales,Go-To-Market,Sales Executive,2,Travel_Rarely,2018-04-24,,Active,0,7.69,5-10 yr,4,Male,31,Divorced,Master,6,1319.0,Sofia Castellanos,5460,0.36,2,Q2,-21.1,2,22.0,2025-12-24,4,4,1,4,No,
655,Rosa,Nowak,Rosa Nowak,2,Engineering,Technology,Software Engineer,1,Travel_Rarely,2020-05-29,,Active,0,5.59,5-10 yr,4,Female,27,Divorced,Master,6,1523.0,Daniel Osei,2187,0.1375,1,Q1 (lowest paid in role),-32.5,2,12.0,2025-12-19,3,3,1,2,No,
656,Elena,Hassan,Elena Hassan,1,Sales,Go-To-Market,Sales Executive,2,Travel_Rarely,2022-09-25,,Active,0,3.27,3-5 yr,3,Male,37,Married,Bachelor,2,81.0,Sofia Cardoso,9602,0.8277,4,Q4 (highest paid in role),38.7,1,11.0,2025-12-11,3,3,4,2,Yes,
657,Andre,Kaur,Andre Kaur,2,Engineering,Technology,Software Engineer,1,Travel_Rarely,2024-11-04,,Active,0,1.16,1-3 yr,2,Female,20,Single,Bachelor,1,612.0,Soren Castellanos,2836,0.4811,2,Q2,-12.5,0,13.0,2025-12-12,3,2,4,4,No,
659,Lena,Larsen,Lena Larsen,6,Customer Support,Go-To-Market,Support Representative,2,Travel_Rarely,2015-03-25,,Active,0,10.77,10 yr+,5,Female,42,Married,Master,2,372.0,Soren Duarte,4089,0.0308,1,Q1 (lowest paid in role),-45.7,2,13.0,2025-12-19,3,4,3,3,No,
661,Andre,Nowak,Andre Nowak,2,Engineering,Technology,Engineering Director,4,Travel_Rarely,2024-06-28,,Active,0,1.51,1-3 yr,2,Male,43,Divorced,Master,6,141.0,Aarav Jokinen,16627,0.519,3,Q3,3.7,1,14.0,2025-12-17,3,4,2,2,Yes,
662,Divya,Osei,Divya Osei,2,Engineering,Technology,Software Engineer,1,Travel_Rarely,2025-10-21,,Active,0,0.19,0-1 yr,1,Female,38,Single,Below College,1,1128.0,Kwame Mehta,2619,0.3677,2,Q2,-19.2,0,17.0,2025-12-23,3,1,3,2,No,
663,Viktor,Sharma,Viktor Sharma,2,Engineering,Technology,QA Engineer,2,Travel_Frequently,2017-03-11,,Active,0,8.81,5-10 yr,4,Male,43,Divorced,Doctor,9,1941.0,Andre Delacroix,5679,0.9612,4,Q4 (highest paid in role),75.4,1,13.0,2025-12-26,3,3,4,3,Yes,
664,Hugo,Kaur,Hugo Kaur,4,Finance,Corporate Services,Finance Manager,4,Travel_Rarely,2022-05-31,,Active,0,3.59,3-5 yr,3,Female,48,Married,Master,1,787.0,Divya Novak,15402,0.1782,1,Q1 (lowest paid in role),-10.4,1,11.0,2025-12-24,3,1,4,1,No,
665,Daniel,Novak,Daniel Novak,3,HR,Corporate Services,HR Generalist,2,Travel_Rarely,2023-10-07,,Active,0,2.23,1-3 yr,2,Female,44,Single,Master,1,1744.0,Grace Sharma,5985,0.7647,4,Q4 (highest paid in role),41.3,0,11.0,2025-12-20,3,3,1,4,No,
666,Caleb,Lindqvist,Caleb Lindqvist,1,Sales,Go-To-Market,Sales Representative,1,Travel_Rarely,2017-06-08,,Active,0,8.56,5-10 yr,4,Female,34,Divorced,Bachelor,14,580.0,Yuki Nowak,2579,0.5,2,Q2,-1.8,2,18.0,2025-12-15,3,3,3,3,Yes,
669,Amara,Duarte,Amara Duarte,1,Sales,Go-To-Market,Sales Representative,1,Travel_Rarely,2022-07-08,,Active,0,3.48,3-5 yr,3,Male,21,Single,Below College,22,302.0,Diego Ramos,3447,0.9024,4,Q4 (highest paid in role),31.3,0,11.0,2025-12-30,3,3,3,3,No,
671,Jonas,Grimaldi,Jonas Grimaldi,4,Finance,Corporate Services,Finance Manager,5,Travel_Rarely,2023-05-25,,Active,0,2.6,1-3 yr,2,Male,44,Married,Master,3,140.0,Camila Osei,19513,0.8614,4,Q4 (highest paid in role),13.6,1,12.0,2025-12-22,3,4,4,4,Yes,
675,Andre,Reyes,Andre Reyes,2,Engineering,Technology,Software Engineer,1,Travel_Rarely,2023-07-17,,Active,0,2.46,1-3 yr,2,Male,22,Married,Below College,6,468.0,Mei Mehta,2773,0.4502,2,Q2,-14.4,0,20.0,2025-12-14,4,3,1,3,No,
677,Daniel,Eriksen,Daniel Eriksen,1,Sales,Go-To-Market,Sales Executive,2,Travel_Rarely,2020-02-13,,Active,0,5.88,5-10 yr,4,Male,33,Divorced,Master,8,1050.0,Tobias Haddad,7104,0.6308,3,Q3,2.6,0,12.0,2025-12-28,3,3,3,3,No,
679,Claire,Dubois,Claire Dubois,2,Engineering,Technology,Software Engineer,2,Travel_Rarely,2019-11-25,,Active,0,6.1,5-10 yr,4,Female,32,Married,Master,9,1217.0,Soren Sharma,6322,0.9828,4,Q4 (highest paid in role),95.1,1,12.0,2025-12-13,3,4,1,2,Yes,
680,Nadia,Dubois,Nadia Dubois,2,Engineering,Technology,Software Engineer,1,Travel_Frequently,2024-09-10,,Active,0,1.31,1-3 yr,2,Female,30,Divorced,Bachelor,3,1539.0,Camila Dubois,2083,0.0893,1,Q1 (lowest paid in role),-35.7,1,20.0,2025-12-26,4,3,3,3,No,
682,Amara,Aoki,Amara Aoki,1,Sales,Go-To-Market,Sales Executive,2,Travel_Rarely,2011-02-23,,Active,0,14.85,10 yr+,5,Female,53,Single,Below College,1,986.0,Marcus Silva,8381,0.7323,3,Q3,21.0,0,20.0,2025-12-23,4,1,4,4,No,
683,Claire,Ibrahim,Claire Ibrahim,2,Engineering,Technology,Software Engineer,1,Travel_Rarely,2015-01-14,,Active,0,10.96,10 yr+,5,Male,34,Married,Doctor,1,386.0,Jonas Whitfield,2691,0.4021,2,Q2,-16.9,1,12.0,2025-12-19,3,4,2,2,No,
686,Luis,Vandenberg,Luis Vandenberg,2,Engineering,Technology,QA Engineer,1,Travel_Rarely,2022-10-15,,Active,0,3.21,3-5 yr,3,Female,26,Married,Bachelor,6,661.0,Andre Nowak,2659,0.3953,2,Q2,-17.9,1,13.0,2025-12-21,3,4,3,3,Yes,
689,Tariq,Ramos,Tariq Ramos,5,Operations,Technology,Operations Director,3,Travel_Rarely,2015-12-21,,Active,0,10.03,10 yr+,5,Male,37,Married,Bachelor,3,1367.0,Isabel Duarte,9434,0.7431,3,Q3,29.3,1,15.0,2025-12-15,3,3,3,3,No,
690,Amara,Steiner,Amara Steiner,1,Sales,Go-To-Market,Sales Executive,2,Travel_Rarely,2019-09-13,,Active,0,6.3,5-10 yr,4,Female,29,Married,College,3,1391.0,Marcus Andersen,5561,0.3908,2,Q2,-19.7,1,14.0,2025-12-27,3,3,2,2,No,
691,Leila,Ferreira,Leila Ferreira,2,Engineering,Technology,Software Engineer,2,Travel_Rarely,2008-04-27,,Active,0,17.68,10 yr+,5,Male,35,Single,Master,6,1069.0,Divya Krishnan,6646,0.9897,4,Q4 (highest paid in role),105.1,0,13.0,2025-12-13,3,4,2,3,No,
692,Grace,Tanaka,Grace Tanaka,6,Customer Support,Go-To-Market,Support Representative,2,Travel_Frequently,2012-05-27,,Active,0,13.6,10 yr+,5,Male,33,Divorced,Bachelor,6,1697.0,Aarav Haddad,7725,0.6154,3,Q3,2.6,1,23.0,2025-12-23,4,4,3,1,No,
699,Viktor,Silva,Viktor Silva,5,Operations,Technology,Operations Director,2,Travel_Rarely,2022-07-24,,Active,0,3.44,3-5 yr,3,Male,36,Divorced,College,9,1026.0,Nadia Mbeki,8847,0.7083,3,Q3,21.3,1,11.0,2025-12-27,3,2,2,3,Yes,
700,Priya,Okafor,Priya Okafor,2,Engineering,Technology,Software Engineer,1,Travel_Rarely,2021-07-27,,Active,0,4.43,3-5 yr,3,Male,27,Single,Master,3,1523.0,Daniel Osei,2045,0.0619,1,Q1 (lowest paid in role),-36.9,0,13.0,2025-12-31,3,4,1,3,No,
704,Luis,Delacroix,Luis Delacroix,2,Engineering,Technology,QA Engineer,1,Non-Travel,2024-05-26,,Active,0,1.6,1-3 yr,2,Male,35,Married,Bachelor,3,1250.0,Bruno Castellanos,1281,0.0078,1,Q1 (lowest paid in role),-60.4,2,18.0,2025-12-18,3,3,3,3,No,
705,Jonas,Sharma,Jonas Sharma,2,Engineering,Technology,Software Engineer,1,Travel_Rarely,2022-03-06,,Active,0,3.82,3-5 yr,3,Male,23,Married,Bachelor,4,468.0,Mei Mehta,2819,0.4742,2,Q2,-13.0,1,16.0,2025-12-26,3,1,1,4,No,
707,Ingrid,Petrov,Ingrid Petrov,1,Sales,Go-To-Market,Sales Executive,2,Travel_Rarely,2022-11-21,,Active,0,3.11,3-5 yr,3,Male,25,Married,Bachelor,8,840.0,Viktor Steiner,4851,0.2062,1,Q1 (lowest paid in role),-29.9,1,22.0,2025-12-17,4,2,4,3,No,
709,Hugo,Ferreira,Hugo Ferreira,1,Sales,Go-To-Market,Sales Executive,2,Travel_Rarely,2018-11-17,,Active,0,7.12,5-10 yr,4,Female,38,Single,Master,7,573.0,Soren Fitzgerald,4028,0.0031,1,Q1 (lowest paid in role),-41.8,0,20.0,2025-12-30,4,4,4,3,No,
710,Samir,Kowalski,Samir Kowalski,2,Engineering,Technology,Software Engineer,1,Travel_Frequently,2015-05-01,,Active,0,10.67,10 yr+,5,Male,29,Divorced,Master,1,1655.0,Hannah Duarte,2720,0.4296,2,Q2,-16.0,1,18.0,2025-12-31,3,4,2,3,No,
712,Luis,Ramos,Luis Ramos,1,Sales,Go-To-Market,Sales Executive,2,Travel_Rarely,2023-02-12,,Active,0,2.88,1-3 yr,2,Male,48,Married,Below College,2,986.0,Marcus Silva,8120,0.7077,3,Q3,17.3,0,12.0,2025-12-27,3,2,2,3,No,
714,Lena,Lindqvist,Lena Lindqvist,1,Sales,Go-To-Market,Sales Executive,2,Travel_Frequently,2019-08-04,,Active,0,6.41,5-10 yr,4,Female,27,Divorced,Below College,3,2055.0,Oscar Bakker,4647,0.1538,1,Q1 (lowest paid in role),-32.9,2,20.0,2025-12-20,4,4,4,3,Yes,
715,Divya,Cardoso,Divya Cardoso,2,Engineering,Technology,Software Engineer,1,Travel_Rarely,2024-02-25,,Active,0,1.85,1-3 yr,2,Male,37,Single,College,10,1837.0,Diego Whitfield,4680,0.8625,4,Q4 (highest paid in role),44.4,0,17.0,2025-12-24,3,4,4,3,No,
716,Fatima,Bergman,Fatima Bergman,2,Engineering,Technology,QA Engineer,1,Travel_Rarely,2005-07-18,,Active,0,20.45,10 yr+,5,Male,50,Married,Below College,28,58.0,Isabel Hassan,3221,0.5891,3,Q3,-0.5,3,11.0,2025-12-26,3,3,4,3,Yes,
717,Tariq,Ramos,Tariq Ramos,6,Customer Support,Go-To-Market,Support Representative,3,Travel_Rarely,2017-07-30,,Active,0,8.42,5-10 yr,4,Female,34,Single,Bachelor,9,431.0,Leila Halvorsen,8621,0.6769,3,Q3,14.5,0,14.0,2025-12-24,3,2,4,4,No,
721,Anika,Jokinen,Anika Jokinen,6,Customer Support,Go-To-Market,Support Representative,2,Travel_Rarely,2005-05-26,,Active,0,20.6,10 yr+,5,Female,39,Single,Master,2,119.0,Fatima Novak,4553,0.1077,1,Q1 (lowest paid in role),-39.5,0,11.0,2025-12-24,3,3,4,3,No,
722,Ingrid,Ferreira,Ingrid Ferreira,1,Sales,Go-To-Market,Sales Executive,2,Travel_Rarely,2015-09-04,,Active,0,10.32,10 yr+,5,Male,32,Single,Bachelor,10,1050.0,Tobias Haddad,5396,0.3415,2,Q2,-22.1,0,12.0,2025-12-14,3,4,4,2,No,
724,Nadia,Cardoso,Nadia Cardoso,6,Customer Support,Go-To-Market,Support Representative,2,Travel_Rarely,2016-12-15,,Active,0,9.04,5-10 yr,4,Female,38,Single,Master,1,119.0,Fatima Novak,7625,0.6,3,Q3,1.3,0,13.0,2025-12-17,3,4,2,2,No,
725,Nina,Nakamura,Nina Nakamura,5,Operations,Technology,Operations Director,3,Travel_Rarely,2016-04-06,,Active,0,9.74,5-10 yr,4,Female,27,Married,College,1,1005.0,Zara Lindqvist,7412,0.6042,3,Q3,1.6,0,11.0,2025-12-28,3,1,3,3,No,
727,Caleb,Andersen,Caleb Andersen,2,Engineering,Technology,Engineering Director,3,Travel_Rarely,2018-12-31,,Active,0,7.0,5-10 yr,4,Female,32,Single,College,3,638.0,Kwame Cardoso,11159,0.0127,1,Q1 (lowest paid in role),-30.4,0,15.0,2025-12-26,3,4,3,3,No,
728,Camila,Ibrahim,Camila Ibrahim,1,Sales,Go-To-Market,Sales Executive,2,Travel_Rarely,2018-09-27,,Active,0,7.26,5-10 yr,4,Male,47,Single,Master,14,986.0,Marcus Silva,4960,0.2308,1,Q1 (lowest paid in role),-28.4,0,12.0,2025-12-27,3,1,4,3,No,
729,Soren,Grimaldi,Soren Grimaldi,1,Sales,Go-To-Market,Sales Executive,3,Travel_Frequently,2007-12-24,,Active,0,18.02,10 yr+,5,Male,40,Married,Master,5,1716.0,Elena Pashkov,10475,0.9231,4,Q4 (highest paid in role),51.3,1,21.0,2025-12-15,4,1,4,3,Yes,
730,Jonas,Silva,Jonas Silva,2,Engineering,Technology,Engineering Director,4,Travel_Rarely,2020-06-30,,Active,0,5.5,5-10 yr,4,Male,53,Married,Bachelor,7,162.0,Soren Pashkov,14814,0.4051,2,Q2,-7.6,0,19.0,2025-12-16,3,3,3,3,No,
731,Priya,Jokinen,Priya Jokinen,4,Finance,Corporate Services,Finance Manager,5,Travel_Rarely,2004-07-27,,Active,0,21.43,10 yr+,5,Male,41,Divorced,Master,10,1191.0,Aisha Varga,19141,0.7525,3,Q3,11.4,3,15.0,2025-12-17,3,4,2,2,No,
732,Freya,Quintero,Freya Quintero,1,Sales,Go-To-Market,Sales Executive,2,Travel_Rarely,2023-07-05,,Active,0,2.49,1-3 yr,2,Male,60,Single,Master,16,1167.0,Jonas Silva,5405,0.3446,2,Q2,-21.9,0,14.0,2025-12-22,3,1,1,3,No,
733,Mira,Bakker,Mira Bakker,5,Operations,Technology,Operations Director,3,Travel_Frequently,2016-08-09,,Active,0,9.39,5-10 yr,4,Male,27,Divorced,College,10,1005.0,Zara Lindqvist,8793,0.7014,3,Q3,20.5,2,21.0,2025-12-18,4,1,4,2,No,
734,Luis,Okafor,Luis Okafor,4,Finance,Corporate Services,Finance Manager,5,Travel_Rarely,2003-02-08,,Active,0,22.89,10 yr+,5,Male,41,Married,Bachelor,1,1191.0,Aisha Varga,19189,0.7723,4,Q4 (highest paid in role),11.7,1,12.0,2025-12-22,3,3,4,3,No,
738,Rosa,Bakker,Rosa Bakker,1,Sales,Go-To-Market,Sales Representative,1,Travel_Rarely,2023-10-02,,Active,0,2.25,1-3 yr,2,Male,50,Married,Master,8,118.0,Anika Bergman,3875,0.939,4,Q4 (highest paid in role),47.6,1,15.0,2025-12-20,3,2,4,3,No,
742,Hugo,Steiner,Hugo Steiner,2,Engineering,Technology,Engineering Director,3,Non-Travel,2017-08-04,,Active,0,8.41,5-10 yr,4,Female,36,Married,Bachelor,8,396.0,Chloe Tanaka,11713,0.0633,1,Q1 (lowest paid in role),-26.9,1,14.0,2025-12-12,3,1,1,3,No,
743,Priya,Moreau,Priya Moreau,5,Operations,Technology,Operations Director,3,Travel_Rarely,2024-08-14,,Active,0,1.38,1-3 yr,2,Female,38,Single,Bachelor,1,1367.0,Isabel Duarte,7861,0.6458,3,Q3,7.8,0,14.0,2025-12-30,3,3,3,4,Yes,
744,Sofia,Reyes,Sofia Reyes,2,Engineering,Technology,QA Engineer,1,Non-Travel,2020-03-09,,Active,0,5.81,5-10 yr,4,Male,44,Single,Bachelor,24,999.0,Jonas Mbeki,3708,0.7054,3,Q3,14.5,0,14.0,2025-12-29,3,3,1,3,No,
746,Zara,Marchetti,Zara Marchetti,1,Sales,Go-To-Market,Sales Executive,4,Travel_Frequently,2003-09-18,,Active,0,22.29,10 yr+,5,Female,47,Divorced,Bachelor,3,131.0,Zara Mehta,13770,0.9969,4,Q4 (highest paid in role),98.9,2,12.0,2025-12-17,3,3,4,2,Yes,
747,Aisha,Ramos,Aisha Ramos,1,Sales,Go-To-Market,Sales Executive,2,Travel_Rarely,2017-12-13,,Active,0,8.05,5-10 yr,4,Male,30,Divorced,Doctor,27,1319.0,Sofia Castellanos,5304,0.3046,2,Q2,-23.4,1,23.0,2025-12-20,4,4,3,2,No,
749,Rosa,Steiner,Rosa Steiner,1,Sales,Go-To-Market,Sales Representative,1,Travel_Rarely,2024-10-12,,Active,0,1.22,1-3 yr,2,Male,29,Single,Bachelor,10,1732.0,Claire Mehta,2642,0.5244,3,Q3,0.6,0,11.0,2025-12-31,3,3,3,3,No,
754,Chloe,Kowalski,Chloe Kowalski,1,Sales,Go-To-Market,Sales Executive,2,Travel_Frequently,2023-03-26,,Active,0,2.77,1-3 yr,2,Male,43,Married,Bachelor,15,1975.0,Grace Kaur,6804,0.5938,3,Q3,-1.7,1,18.0,2025-12-24,3,4,4,3,No,
757,Bruno,Rossi,Bruno Rossi,6,Customer Support,Go-To-Market,Support Representative,2,Travel_Rarely,2020-07-20,,Active,0,5.45,5-10 yr,4,Female,34,Single,College,8,1127.0,Ethan Simonsen,6142,0.3385,2,Q2,-18.4,0,11.0,2025-12-24,3,3,2,3,No,
758,Yuki,Nakamura,Yuki Nakamura,2,Engineering,Technology,QA Engineer,1,Travel_Rarely,2021-08-24,,Active,0,4.35,3-5 yr,3,Male,23,Married,Below College,9,468.0,Mei Mehta,2500,0.3217,2,Q2,-22.8,1,14.0,2025-12-19,3,1,2,4,No,
760,Omar,Okafor,Omar Okafor,3,HR,Corporate Services,HR Generalist,2,Travel_Rarely,2017-10-17,,Active,0,8.21,5-10 yr,4,Female,39,Married,Bachelor,3,1744.0,Grace Sharma,6389,0.8431,4,Q4 (highest paid in role),50.8,1,15.0,2025-12-24,3,2,3,1,No,
763,Marcus,Grimaldi,Marcus Grimaldi,2,Engineering,Technology,Software Engineer,1,Travel_Rarely,2021-08-08,,Active,0,4.4,3-5 yr,3,Female,40,Single,Below College,2,352.0,Felix Reyes,2342,0.2131,1,Q1 (lowest paid in role),-27.7,0,20.0,2025-12-17,4,4,4,2,Yes,
764,Peter,Haddad,Peter Haddad,6,Customer Support,Go-To-Market,Support Representative,2,Travel_Rarely,2018-07-27,,Active,0,7.43,5-10 yr,4,Female,27,Single,Bachelor,7,165.0,Ingrid Aoki,6811,0.4923,2,Q2,-9.5,0,19.0,2025-12-26,3,1,4,1,No,
766,Kwame,Bergman,Kwame Bergman,1,Sales,Go-To-Market,Sales Representative,1,Travel_Rarely,2023-03-17,,Active,0,2.79,1-3 yr,2,Male,29,Divorced,Bachelor,10,1732.0,Claire Mehta,2297,0.2805,2,Q2,-12.5,2,14.0,2025-12-17,3,2,4,3,No,
769,Amara,Mehta,Amara Mehta,2,Engineering,Technology,QA Engineer,2,Travel_Rarely,2023-04-24,,Active,0,2.69,1-3 yr,2,Male,53,Single,Bachelor,6,638.0,Kwame Cardoso,2450,0.2984,2,Q2,-24.3,0,17.0,2025-12-11,3,4,4,3,No,
771,Isabel,Okafor,Isabel Okafor,6,Customer Support,Go-To-Market,Support Representative,2,Non-Travel,2024-12-01,,Active,0,1.08,1-3 yr,2,Female,35,Divorced,Master,2,1127.0,Ethan Simonsen,5093,0.1692,1,Q1 (lowest paid in role),-32.4,1,11.0,2025-12-11,3,1,4,4,No,
772,Soren,Moreau,Soren Moreau,2,Engineering,Technology,QA Engineer,2,Travel_Frequently,2015-02-22,,Active,0,10.86,10 yr+,5,Male,32,Married,Master,24,1217.0,Soren Sharma,5309,0.9302,4,Q4 (highest paid in role),64.0,2,15.0,2025-12-18,3,4,1,3,No,
773,Fatima,Delacroix,Fatima Delacroix,2,Engineering,Technology,Software Engineer,1,Travel_Rarely,2024-03-08,,Active,0,1.82,1-3 yr,2,Male,38,Married,Doctor,2,1128.0,Kwame Mehta,3057,0.5808,3,Q3,-5.6,1,13.0,2025-12-17,3,3,4,1,Yes,
775,Divya,Silva,Divya Silva,5,Operations,Technology,Operations Director,2,Travel_Rarely,2025-09-30,,Active,0,0.25,0-1 yr,1,Female,34,Divorced,Doctor,8,1283.0,Aisha Aoki,5121,0.2569,2,Q2,-29.8,1,14.0,2025-12-30,3,1,2,3,No,
776,Mira,Kaur,Mira Kaur,4,Finance,Corporate Services,Finance Manager,4,Travel_Rarely,1991-10-30,,Active,0,34.17,10 yr+,5,Male,52,Married,Master,3,374.0,Aarav Lindqvist,16856,0.3663,2,Q2,-1.9,0,11.0,2025-12-25,3,1,3,4,No,
781,Rahul,Bakker,Rahul Bakker,1,Sales,Go-To-Market,Sales Executive,2,Travel_Rarely,2019-04-18,,Active,0,6.7,5-10 yr,4,Female,25,Single,Below College,26,840.0,Viktor Steiner,6180,0.4862,2,Q2,-10.7,0,23.0,2025-12-17,4,4,3,2,No,
783,Sanne,Kowalski,Sanne Kowalski,1,Sales,Go-To-Market,Sales Representative,2,Travel_Rarely,2017-08-14,,Active,0,8.38,5-10 yr,4,Male,45,Single,College,2,1975.0,Grace Kaur,6632,1.0,4,Q4 (highest paid in role),152.6,0,13.0,2025-12-15,3,3,2,3,No,
784,Caleb,Ferreira,Caleb Ferreira,2,Engineering,Technology,Software Engineer,1,Travel_Rarely,2023-11-08,,Active,0,2.15,1-3 yr,2,Male,23,Single,Below College,10,468.0,Mei Mehta,3505,0.6838,3,Q3,8.2,0,18.0,2025-12-29,3,3,1,3,No,
786,Aarav,Haddad,Aarav Haddad,1,Sales,Go-To-Market,Sales Executive,2,Travel_Rarely,2019-10-09,,Active,0,6.23,5-10 yr,4,Male,34,Single,Bachelor,2,862.0,Hugo Grimaldi,6274,0.5108,3,Q3,-9.4,0,22.0,2025-12-13,4,4,4,3,No,
789,Zara,Osei,Zara Osei,1,Sales,Go-To-Market,Sales Executive,3,Non-Travel,2015-12-08,,Active,0,10.06,10 yr+,5,Male,36,Single,Master,8,1716.0,Elena Pashkov,7587,0.6646,3,Q3,9.6,0,15.0,2025-12-19,3,1,1,3,No,
791,Kwame,Fitzgerald,Kwame Fitzgerald,2,Engineering,Technology,Software Engineer,1,Non-Travel,2021-07-16,,Active,0,4.46,3-5 yr,3,Male,52,Married,Master,19,58.0,Isabel Hassan,4258,0.7973,4,Q4 (highest paid in role),31.4,1,18.0,2025-12-26,3,4,4,3,No,
792,Ethan,Halvorsen,Ethan Halvorsen,2,Engineering,Technology,QA Engineer,1,Travel_Frequently,2023-09-15,,Active,0,2.29,1-3 yr,2,Female,26,Divorced,College,1,661.0,Andre Nowak,4364,0.8411,4,Q4 (highest paid in role),34.8,1,14.0,2025-12-20,3,4,1,3,No,
793,Leila,Nowak,Leila Nowak,6,Customer Support,Go-To-Market,Support Representative,2,Travel_Rarely,2017-11-08,,Active,0,8.15,5-10 yr,4,Female,29,Married,Bachelor,27,165.0,Ingrid Aoki,4335,0.0769,1,Q1 (lowest paid in role),-42.4,1,12.0,2025-12-20,3,3,2,2,No,
797,Bruno,Tanaka,Bruno Tanaka,2,Engineering,Technology,Software Engineer,1,Travel_Rarely,2021-01-03,,Active,0,4.99,3-5 yr,3,Female,34,Single,Master,1,386.0,Jonas Whitfield,3280,0.6151,3,Q3,1.2,0,16.0,2025-12-16,3,4,2,3,No,
799,Nina,Rossi,Nina Rossi,5,Operations,Technology,Operations Director,2,Travel_Rarely,2020-07-28,,Active,0,5.43,5-10 yr,4,Female,54,Divorced,Master,19,1005.0,Zara Lindqvist,5485,0.3542,2,Q2,-24.8,2,11.0,2025-12-20,3,1,4,3,Yes,
800,Grace,Fitzgerald,Grace Fitzgerald,1,Sales,Go-To-Market,Sales Executive,2,Travel_Frequently,2021-01-31,,Active,0,4.91,3-5 yr,3,Male,27,Married,Below College,8,2055.0,Oscar Bakker,4342,0.08,1,Q1 (lowest paid in role),-37.3,1,19.0,2025-12-22,3,4,3,3,No,
802,Rosa,Lombardi,Rosa Lombardi,2,Engineering,Technology,Software Engineer,1,Travel_Rarely,2020-10-01,,Active,0,5.25,5-10 yr,4,Female,37,Divorced,Below College,10,1837.0,Diego Whitfield,2782,0.457,2,Q2,-14.1,2,13.0,2025-12-11,3,1,4,2,Yes,
803,Viktor,Ibrahim,Viktor Ibrahim,5,Operations,Technology,Operations Director,2,Travel_Frequently,2010-01-27,,Active,0,15.93,10 yr+,5,Female,38,Single,Master,2,601.0,Amara Grimaldi,5980,0.4028,2,Q2,-18.0,0,12.0,2025-12-20,3,1,1,3,Yes,
804,Rahul,Rossi,Rahul Rossi,2,Engineering,Technology,Software Engineer,1,Travel_Rarely,2019-06-12,,Active,0,6.55,5-10 yr,4,Female,34,Single,Master,2,386.0,Jonas Whitfield,4381,0.8144,4,Q4 (highest paid in role),35.2,0,11.0,2025-12-17,3,1,3,3,No,
805,Hannah,Hassan,Hannah Hassan,1,Sales,Go-To-Market,Sales Representative,1,Travel_Rarely,2022-09-05,,Active,0,3.32,3-5 yr,3,Female,35,Married,Master,8,244.0,Divya Navarro,2572,0.4878,2,Q2,-2.1,1,16.0,2025-12-14,3,4,1,2,No,
806,Sofia,Marchetti,Sofia Marchetti,2,Engineering,Technology,QA Engineer,1,Travel_Rarely,2023-06-23,,Active,0,2.52,1-3 yr,2,Male,30,Married,Bachelor,1,1539.0,Camila Dubois,3833,0.7403,3,Q3,18.4,2,21.0,2025-12-19,4,3,4,3,No,
807,Nadia,Mehta,Nadia Mehta,6,Customer Support,Go-To-Market,Support Representative,2,Travel_Frequently,2017-02-15,,Active,0,8.87,5-10 yr,4,Female,40,Married,College,2,119.0,Fatima Novak,4244,0.0692,1,Q1 (lowest paid in role),-43.6,1,24.0,2025-12-17,4,2,3,3,No,
808,Diego,Nowak,Diego Nowak,1,Sales,Go-To-Market,Sales Executive,2,Travel_Rarely,2022-02-01,,Active,0,3.91,3-5 yr,3,Female,34,Married,College,8,862.0,Hugo Grimaldi,6500,0.5354,3,Q3,-6.1,1,17.0,2025-12-17,3,1,3,3,No,
809,Nikolai,Eriksen,Nikolai Eriksen,4,Finance,Corporate Services,Finance Manager,5,Travel_Frequently,2001-07-24,,Active,0,24.44,10 yr+,5,Male,42,Divorced,Bachelor,8,1191.0,Aisha Varga,18430,0.6337,3,Q3,7.3,1,13.0,2025-12-18,3,4,2,2,No,
812,Diego,Vandenberg,Diego Vandenberg,2,Engineering,Technology,QA Engineer,1,Non-Travel,2024-04-10,,Active,0,1.72,1-3 yr,2,Male,24,Divorced,Bachelor,9,1666.0,Soren Marchetti,2694,0.4186,2,Q2,-16.8,3,11.0,2025-12-23,3,2,3,3,No,
813,Hannah,Sharma,Hannah Sharma,2,Engineering,Technology,QA Engineer,2,Travel_Rarely,2020-10-30,,Active,0,5.17,5-10 yr,4,Female,52,Married,Master,11,638.0,Kwame Cardoso,3149,0.5504,3,Q3,-2.7,1,20.0,2025-12-30,4,3,4,3,No,
815,Chloe,Aoki,Chloe Aoki,2,Engineering,Technology,Engineering Director,4,Travel_Rarely,2021-06-18,,Active,0,4.54,3-5 yr,3,Male,50,Married,Bachelor,2,162.0,Soren Pashkov,17639,0.6456,3,Q3,10.0,0,16.0,2025-12-12,3,3,3,3,No,
817,Chloe,Nowak,Chloe Nowak,2,Engineering,Technology,Engineering Director,3,Travel_Rarely,2012-07-02,,Active,0,13.5,10 yr+,5,Male,33,Married,Bachelor,7,638.0,Kwame Cardoso,11691,0.0506,1,Q1 (lowest paid in role),-27.1,0,11.0,2025-12-17,3,3,3,4,No,
820,Marcus,Quintero,Marcus Quintero,4,Finance,Corporate Services,Finance Manager,4,Travel_Rarely,1999-06-27,,Active,0,26.51,10 yr+,5,Female,47,Married,College,2,787.0,Divya Novak,16752,0.3069,2,Q2,-2.5,1,11.0,2025-12-24,3,4,3,2,Yes,
823,Caleb,Novak,Caleb Novak,5,Operations,Technology,Operations Director,2,Travel_Rarely,2016-11-28,,Active,0,9.09,5-10 yr,4,Female,36,Married,Bachelor,1,1026.0,Nadia Mbeki,5228,0.2847,2,Q2,-28.3,1,15.0,2025-12-16,3,2,3,3,No,
824,Anika,Krishnan,Anika Krishnan,2,Engineering,Technology,Software Engineer,1,Travel_Rarely,2015-09-18,,Active,0,10.29,10 yr+,5,Male,29,Married,College,23,1655.0,Hannah Duarte,2700,0.4124,2,Q2,-16.7,1,24.0,2025-12-12,4,3,3,3,No,
826,Peter,Bakker,Peter Bakker,2,Engineering,Technology,Software Engineer,1,Travel_Rarely,2023-11-11,,Active,0,2.14,1-3 yr,2,Female,35,Single,Master,1,1422.0,Isabel Vandenberg,2506,0.3093,2,Q2,-22.7,0,13.0,2025-12-23,3,3,4,3,No,
827,Tariq,Larsen,Tariq Larsen,5,Operations,Technology,Operations Director,2,Travel_Rarely,2021-10-19,,Active,0,4.2,3-5 yr,3,Female,42,Married,College,1,2034.0,Nadia Larsen,6062,0.4236,2,Q2,-16.9,1,13.0,2025-12-21,3,4,4,3,Yes,
829,Felix,Grimaldi,Felix Grimaldi,3,HR,Corporate Services,HR Generalist,1,Travel_Rarely,2020-03-02,,Active,0,5.83,5-10 yr,4,Male,36,Married,Bachelor,13,1098.0,Jonas Novak,2143,0.0784,1,Q1 (lowest paid in role),-49.4,1,13.0,2025-12-24,3,2,3,3,No,
830,Omar,Kowalski,Omar Kowalski,5,Operations,Technology,Operations Director,2,Travel_Rarely,2011-06-18,,Active,0,14.54,10 yr+,5,Female,32,Married,Bachelor,4,1283.0,Aisha Aoki,6162,0.4514,2,Q2,-15.5,1,12.0,2025-12-14,3,3,3,3,No,
832,Amara,Bianchi,Amara Bianchi,2,Engineering,Technology,QA Engineer,2,Travel_Frequently,2024-01-10,,Active,0,1.97,1-3 yr,2,Male,40,Single,Master,16,1263.0,Caleb Eriksen,5094,0.907,4,Q4 (highest paid in role),57.4,0,14.0,2025-12-17,3,3,1,3,No,
833,Hugo,Aoki,Hugo Aoki,5,Operations,Technology,Operations Director,2,Travel_Rarely,2025-10-03,,Active,0,0.24,0-1 yr,1,Female,30,Single,Bachelor,2,1360.0,Tariq Hassan,6877,0.5625,3,Q3,-5.7,0,24.0,2025-12-11,4,4,3,2,Yes,
834,Yuki,Mehta,Yuki Mehta,2,Engineering,Technology,Software Engineer,1,Travel_Rarely,2024-06-10,,Active,0,1.56,1-3 yr,2,Female,45,Single,Bachelor,2,999.0,Jonas Mbeki,2274,0.1649,1,Q1 (lowest paid in role),-29.8,0,14.0,2025-12-21,3,3,2,3,No,
836,Viktor,Quintero,Viktor Quintero,5,Operations,Technology,Operations Director,2,Travel_Rarely,2016-01-29,,Active,0,9.92,5-10 yr,4,Male,42,Married,Bachelor,29,601.0,Amara Grimaldi,4434,0.1181,1,Q1 (lowest paid in role),-39.2,1,13.0,2025-12-31,3,2,2,2,No,
837,Rahul,Eriksen,Rahul Eriksen,6,Customer Support,Go-To-Market,Support Representative,2,Travel_Frequently,2021-01-06,,Active,0,4.98,3-5 yr,3,Male,38,Divorced,Bachelor,12,119.0,Fatima Novak,6288,0.3538,2,Q2,-16.5,1,15.0,2025-12-17,3,1,1,2,No,
838,Tobias,Nakamura,Tobias Nakamura,2,Engineering,Technology,Software Engineer,1,Travel_Frequently,2020-12-04,,Active,0,5.07,5-10 yr,4,Female,34,Single,Master,16,386.0,Jonas Whitfield,2553,0.3368,2,Q2,-21.2,0,16.0,2025-12-17,3,4,3,3,No,
843,Andre,Mehta,Andre Mehta,2,Engineering,Technology,Engineering Director,4,Travel_Rarely,2021-12-29,,Active,0,4.01,3-5 yr,3,Male,43,Married,College,14,141.0,Aarav Jokinen,17159,0.5696,3,Q3,7.0,1,24.0,2025-12-31,4,1,2,3,No,
844,Viktor,Osei,Viktor Osei,2,Engineering,Technology,Engineering Director,3,Travel_Rarely,2016-12-25,,Active,0,9.02,5-10 yr,4,Male,27,Divorced,Below College,5,638.0,Kwame Cardoso,12808,0.1519,1,Q1 (lowest paid in role),-20.1,1,16.0,2025-12-12,3,4,3,3,Yes,
845,Aisha,Bergman,Aisha Bergman,5,Operations,Technology,Operations Director,3,Travel_Rarely,2017-03-24,,Active,0,8.77,5-10 yr,4,Male,35,Single,Bachelor,7,1367.0,Isabel Duarte,10221,0.8264,4,Q4 (highest paid in role),40.1,0,21.0,2025-12-17,4,3,3,4,No,
846,Peter,Halvorsen,Peter Halvorsen,1,Sales,Go-To-Market,Sales Executive,2,Travel_Rarely,2017-09-06,,Active,0,8.32,5-10 yr,4,Female,28,Married,Master,2,174.0,Grace Dubois,4779,0.1938,1,Q1 (lowest paid in role),-31.0,0,20.0,2025-12-16,4,2,2,3,Yes,
847,Sofia,Cardoso,Sofia Cardoso,3,HR,Corporate Services,HR Generalist,1,Travel_Rarely,2022-04-14,,Active,0,3.72,3-5 yr,3,Male,34,Married,College,3,1098.0,Jonas Novak,3737,0.5882,3,Q3,-11.8,1,19.0,2025-12-23,3,4,3,1,No,
850,Caleb,Jokinen,Caleb Jokinen,2,Engineering,Technology,Software Engineer,1,Non-Travel,2025-08-05,,Active,0,0.41,0-1 yr,1,Male,27,Married,Bachelor,3,1523.0,Daniel Osei,1706,0.0275,1,Q1 (lowest paid in role),-47.3,3,11.0,2025-12-23,3,4,4,2,No,
851,Grace,Tanaka,Grace Tanaka,4,Finance,Corporate Services,Finance Manager,4,Travel_Rarely,2005-05-09,,Active,0,20.65,10 yr+,5,Female,51,Married,Master,26,374.0,Aarav Lindqvist,16307,0.2475,1,Q1 (lowest paid in role),-5.1,1,14.0,2025-12-22,3,3,1,2,No,
852,Claire,Andersen,Claire Andersen,6,Customer Support,Go-To-Market,Support Representative,2,Travel_Rarely,2020-07-30,,Active,0,5.42,5-10 yr,4,Male,44,Single,Bachelor,4,1661.0,Daniel Krishnan,5933,0.3231,2,Q2,-21.2,0,12.0,2025-12-22,3,2,4,2,No,
854,Daniel,Andersen,Daniel Andersen,2,Engineering,Technology,Software Engineer,1,Travel_Rarely,2021-02-24,,Active,0,4.85,3-5 yr,3,Male,25,Single,Below College,2,1666.0,Soren Marchetti,3424,0.6632,3,Q3,5.7,0,13.0,2025-12-12,3,1,1,2,No,
855,Nadia,Mehta,Nadia Mehta,1,Sales,Go-To-Market,Sales Executive,2,Travel_Rarely,2016-05-18,,Active,0,9.62,5-10 yr,4,Male,33,Divorced,Bachelor,1,1050.0,Tobias Haddad,4037,0.0062,1,Q1 (lowest paid in role),-41.7,1,22.0,2025-12-22,4,1,1,3,No,
856,Fatima,Reyes,Fatima Reyes,2,Engineering,Technology,Software Engineer,1,Travel_Rarely,2019-10-20,,Active,0,6.2,5-10 yr,4,Female,35,Single,Below College,27,1422.0,Isabel Vandenberg,2559,0.3402,2,Q2,-21.0,0,11.0,2025-12-23,3,1,3,2,No,
857,Viktor,Petrov,Viktor Petrov,1,Sales,Go-To-Market,Sales Executive,2,Travel_Rarely,2007-03-02,,Active,0,18.83,10 yr+,5,Male,36,Married,College,1,81.0,Sofia Cardoso,6201,0.4892,2,Q2,-10.4,1,14.0,2025-12-26,3,4,2,2,Yes,
859,Kwame,Okafor,Kwame Okafor,1,Sales,Go-To-Market,Sales Executive,2,Travel_Rarely,2020-05-13,,Active,0,5.63,5-10 yr,4,Male,32,Divorced,Master,13,1050.0,Tobias Haddad,4403,0.0923,1,Q1 (lowest paid in role),-36.4,1,11.0,2025-12-12,3,4,2,2,No,
861,Amara,Haddad,Amara Haddad,2,Engineering,Technology,Software Engineer,1,Travel_Frequently,2020-08-20,,Active,0,5.36,5-10 yr,4,Male,30,Divorced,Master,5,1539.0,Camila Dubois,3761,0.7388,3,Q3,16.1,1,12.0,2025-12-13,3,4,2,2,No,
862,Hugo,Grimaldi,Hugo Grimaldi,1,Sales,Go-To-Market,Sales Executive,3,Travel_Rarely,2020-07-01,,Active,0,5.5,5-10 yr,4,Female,53,Married,College,7,1372.0,Tobias Varga,10934,0.9569,4,Q4 (highest paid in role),57.9,1,18.0,2025-12-30,3,4,1,3,Yes,
864,Andre,Eriksen,Andre Eriksen,1,Sales,Go-To-Market,Sales Executive,3,Travel_Rarely,2020-10-04,,Active,0,5.24,5-10 yr,4,Male,45,Divorced,Bachelor,9,1716.0,Elena Pashkov,10761,0.9385,4,Q4 (highest paid in role),55.4,1,12.0,2025-12-30,3,1,4,3,Yes,
865,Hugo,Halvorsen,Hugo Halvorsen,2,Engineering,Technology,Software Engineer,2,Travel_Rarely,2020-11-12,,Active,0,5.13,5-10 yr,4,Female,32,Married,College,8,1217.0,Soren Sharma,5175,0.9278,4,Q4 (highest paid in role),59.7,1,12.0,2025-12-28,3,3,3,2,No,
867,Aarav,Navarro,Aarav Navarro,5,Operations,Technology,Operations Director,4,Travel_Frequently,2016-12-28,,Active,0,9.01,5-10 yr,4,Female,52,Married,Master,25,1373.0,Marcus Hassan,13826,0.9931,4,Q4 (highest paid in role),89.5,0,22.0,2025-12-16,4,4,3,3,No,
868,Rosa,Varga,Rosa Varga,1,Sales,Go-To-Market,Sales Executive,2,Travel_Rarely,2024-01-10,,Active,0,1.97,1-3 yr,2,Male,37,Divorced,Master,16,81.0,Sofia Cardoso,6334,0.5138,3,Q3,-8.5,2,19.0,2025-12-17,3,3,4,3,No,
869,Marcus,Halvorsen,Marcus Halvorsen,3,HR,Corporate Services,HR Generalist,1,Travel_Rarely,2020-09-17,,Active,0,5.29,5-10 yr,4,Male,28,Divorced,College,8,590.0,Rosa Fitzgerald,4936,0.6863,3,Q3,16.5,1,13.0,2025-12-23,3,4,2,3,No,
872,Felix,Pashkov,Felix Pashkov,5,Operations,Technology,Operations Director,2,Travel_Rarely,2023-09-04,,Active,0,2.32,1-3 yr,2,Male,22,Married,College,1,112.0,Ethan Bergman,4775,0.1736,1,Q1 (lowest paid in role),-34.5,2,22.0,2025-12-13,4,4,4,1,No,
874,Soren,Quintero,Soren Quintero,2,Engineering,Technology,QA Engineer,1,Travel_Rarely,2022-07-06,,Active,0,3.49,3-5 yr,3,Male,44,Married,Master,8,999.0,Jonas Mbeki,2818,0.4767,2,Q2,-12.9,1,24.0,2025-12-15,4,4,1,2,Yes,
875,Marcus,Aoki,Marcus Aoki,2,Engineering,Technology,Software Engineer,1,Travel_Frequently,2023-07-26,,Active,0,2.43,1-3 yr,2,Male,42,Single,Below College,2,1035.0,Lena Osei,2515,0.3162,2,Q2,-22.4,0,14.0,2025-12-26,3,4,2,3,Yes,
878,Luis,Kowalski,Luis Kowalski,3,HR,Corporate Services,HR Generalist,1,Travel_Rarely,2020-06-21,,Active,0,5.53,5-10 yr,4,Male,36,Married,Bachelor,8,1098.0,Jonas Novak,2342,0.2549,2,Q2,-44.7,0,21.0,2025-12-29,4,1,1,3,No,
879,Daniel,Cardoso,Daniel Cardoso,1,Sales,Go-To-Market,Sales Executive,2,Travel_Rarely,2020-12-22,,Active,0,5.02,5-10 yr,4,Male,25,Married,Below College,3,840.0,Viktor Steiner,4194,0.0431,1,Q1 (lowest paid in role),-39.4,0,18.0,2025-12-25,3,1,3,3,Yes,
880,Mira,Hassan,Mira Hassan,5,Operations,Technology,Operations Director,3,Travel_Rarely,2008-03-14,,Active,0,17.8,10 yr+,5,Female,35,Married,Bachelor,9,1367.0,Isabel Duarte,10685,0.8889,4,Q4 (highest paid in role),46.5,1,20.0,2025-12-19,4,3,4,3,Yes,
882,Andre,Duarte,Andre Duarte,2,Engineering,Technology,QA Engineer,1,Non-Travel,2022-09-16,,Active,0,3.29,3-5 yr,3,Male,32,Divorced,Bachelor,1,1472.0,Divya Lindqvist,2314,0.1977,1,Q1 (lowest paid in role),-28.5,1,12.0,2025-12-26,3,4,4,3,No,
885,Tariq,Bianchi,Tariq Bianchi,1,Sales,Go-To-Market,Sales Executive,2,Travel_Rarely,2020-01-06,,Active,0,5.98,5-10 yr,4,Male,25,Married,Below College,4,840.0,Viktor Steiner,4256,0.0554,1,Q1 (lowest paid in role),-38.5,0,12.0,2025-12-26,3,1,3,4,No,
887,Freya,Ibrahim,Freya Ibrahim,2,Engineering,Technology,Software Engineer,1,Travel_Rarely,2021-11-06,,Active,0,4.15,3-5 yr,3,Female,49,Married,Bachelor,1,58.0,Isabel Hassan,3580,0.7079,3,Q3,10.5,1,16.0,2025-12-23,3,1,3,3,No,
888,Yuki,Ferreira,Yuki Ferreira,2,Engineering,Technology,QA Engineer,1,Non-Travel,2020-01-11,,Active,0,5.97,5-10 yr,4,Male,24,Married,Below College,4,1666.0,Soren Marchetti,3162,0.5581,3,Q3,-2.3,0,17.0,2025-12-16,3,4,1,2,No,
889,Claire,Kaur,Claire Kaur,1,Sales,Go-To-Market,Sales Executive,2,Travel_Frequently,2015-11-10,,Active,0,10.14,10 yr+,5,Male,32,Married,College,5,1968.0,Andre Ortega,6524,0.5446,3,Q3,-5.8,1,14.0,2025-12-23,3,2,2,3,No,
893,Ethan,Tanaka,Ethan Tanaka,1,Sales,Go-To-Market,Sales Representative,1,Travel_Rarely,2023-02-22,,Active,0,2.86,1-3 yr,2,Male,38,Married,Bachelor,9,118.0,Anika Bergman,2899,0.7561,3,Q3,10.4,1,19.0,2025-12-16,3,2,2,3,No,
894,Daniel,Novak,Daniel Novak,2,Engineering,Technology,QA Engineer,2,Travel_Rarely,2020-10-29,,Active,0,5.17,5-10 yr,4,Female,42,Married,Bachelor,3,1263.0,Caleb Eriksen,5231,0.9225,4,Q4 (highest paid in role),61.6,1,13.0,2025-12-17,3,4,3,2,Yes,
895,Fatima,Varga,Fatima Varga,2,Engineering,Technology,Software Engineer,1,Travel_Rarely,2019-01-23,,Active,0,6.94,5-10 yr,4,Male,31,Married,Master,11,997.0,Leila Krishnan,2356,0.2234,1,Q1 (lowest paid in role),-27.3,1,19.0,2025-12-29,3,4,4,3,Yes,
897,Diego,Rossi,Diego Rossi,1,Sales,Go-To-Market,Sales Executive,4,Travel_Rarely,2023-09-27,,Active,0,2.26,1-3 yr,2,Male,53,Married,Bachelor,8,131.0,Zara Mehta,11836,0.96,4,Q4 (highest paid in role),70.9,1,14.0,2025-12-24,3,4,1,3,No,
899,Tariq,Petrov,Tariq Petrov,5,Operations,Technology,Operations Director,3,Travel_Rarely,2012-05-12,,Active,0,13.64,10 yr+,5,Male,35,Married,Bachelor,25,1367.0,Isabel Duarte,10903,0.9236,4,Q4 (highest paid in role),49.5,0,16.0,2025-12-25,3,2,4,3,No,
900,Jonas,Ortega,Jonas Ortega,1,Sales,Go-To-Market,Sales Representative,1,Travel_Frequently,2020-04-07,,Active,0,5.73,5-10 yr,4,Female,37,Married,College,21,244.0,Divya Navarro,2973,0.7927,4,Q4 (highest paid in role),13.2,1,15.0,2025-12-17,3,4,3,3,No,
901,Chloe,Mbeki,Chloe Mbeki,2,Engineering,Technology,Engineering Director,4,Travel_Rarely,2013-01-08,,Active,0,12.98,10 yr+,5,Female,53,Single,Master,23,162.0,Soren Pashkov,14275,0.3544,2,Q2,-11.0,0,18.0,2025-12-29,3,4,4,3,No,
902,Nadia,Duarte,Nadia Duarte,6,Customer Support,Go-To-Market,Support Representative,2,Travel_Frequently,2020-10-14,,Active,0,5.21,5-10 yr,4,Female,43,Married,Bachelor,1,372.0,Soren Duarte,5562,0.2462,1,Q1 (lowest paid in role),-26.1,1,13.0,2025-12-16,3,4,4,2,No,
903,Samir,Novak,Samir Novak,1,Sales,Go-To-Market,Sales Executive,2,Travel_Rarely,2018-08-02,,Active,0,7.41,5-10 yr,4,Female,47,Married,College,2,1975.0,Grace Kaur,4537,0.1108,1,Q1 (lowest paid in role),-34.5,1,22.0,2025-12-11,4,4,3,3,Yes,
904,Rahul,Moreau,Rahul Moreau,1,Sales,Go-To-Market,Sales Executive,3,Non-Travel,2015-04-03,,Active,0,10.75,10 yr+,5,Male,37,Single,College,19,1716.0,Elena Pashkov,7642,0.6769,3,Q3,10.4,0,13.0,2025-12-19,3,2,1,3,Yes,
905,Aisha,Nakamura,Aisha Nakamura,4,Finance,Corporate Services,Finance Manager,4,Non-Travel,1994-03-23,,Active,0,31.78,10 yr+,5,Male,50,Divorced,Master,2,787.0,Divya Novak,17924,0.5743,3,Q3,4.3,1,11.0,2025-12-11,3,1,1,3,No,
909,Diego,Marchetti,Diego Marchetti,3,HR,Corporate Services,HR Generalist,2,Travel_Rarely,2020-12-30,,Active,0,5.0,5-10 yr,4,Female,39,Married,Bachelor,2,1744.0,Grace Sharma,5204,0.7255,3,Q3,22.9,2,11.0,2025-12-30,3,4,4,3,No,
910,Anika,Hassan,Anika Hassan,3,HR,Corporate Services,HR Generalist,1,Travel_Rarely,2021-02-25,,Active,0,4.85,3-5 yr,3,Male,33,Divorced,College,3,2040.0,Hugo Mbeki,2277,0.2157,1,Q1 (lowest paid in role),-46.2,1,11.0,2025-12-26,3,2,4,4,Yes,
912,Yuki,Hassan,Yuki Hassan,2,Engineering,Technology,QA Engineer,1,Travel_Rarely,2021-11-10,,Active,0,4.14,3-5 yr,3,Female,29,Divorced,Below College,7,1655.0,Hannah Duarte,2532,0.3372,2,Q2,-21.8,3,14.0,2025-12-19,3,4,1,3,No,
913,Marcus,Bakker,Marcus Bakker,2,Engineering,Technology,Software Engineer,1,Travel_Rarely,2017-05-03,,Active,0,8.66,5-10 yr,4,Male,44,Married,College,9,999.0,Jonas Mbeki,2559,0.3402,2,Q2,-21.0,0,13.0,2025-12-27,3,1,2,3,Yes,
916,Andre,Haddad,Andre Haddad,1,Sales,Go-To-Market,Sales Executive,2,Travel_Rarely,2021-06-16,,Active,0,4.54,3-5 yr,3,Male,28,Single,Master,5,174.0,Grace Dubois,4908,0.2215,1,Q1 (lowest paid in role),-29.1,0,14.0,2025-12-14,3,4,1,3,No,
920,Hugo,Ibrahim,Hugo Ibrahim,5,Operations,Technology,Operations Director,2,Travel_Rarely,2024-10-18,,Active,0,1.2,1-3 yr,2,Female,43,Divorced,Bachelor,8,2034.0,Nadia Larsen,4765,0.1667,1,Q1 (lowest paid in role),-34.7,1,21.0,2025-12-12,4,2,1,4,No,
924,Hugo,Mbeki,Hugo Mbeki,6,Customer Support,Go-To-Market,Support Representative,2,Travel_Rarely,2009-09-04,,Active,0,16.32,10 yr+,5,Male,36,Married,Below College,14,119.0,Fatima Novak,6586,0.4308,2,Q2,-12.5,1,17.0,2025-12-15,3,4,3,2,Yes,
925,Priya,Lombardi,Priya Lombardi,1,Sales,Go-To-Market,Sales Representative,1,Travel_Rarely,2022-06-29,,Active,0,3.51,3-5 yr,3,Female,47,Single,Master,2,118.0,Anika Bergman,3294,0.878,4,Q4 (highest paid in role),25.4,0,18.0,2025-12-13,3,4,4,2,Yes,
930,Hugo,Mbeki,Hugo Mbeki,2,Engineering,Technology,Software Engineer,1,Travel_Rarely,2023-07-23,,Active,0,2.44,1-3 yr,2,Female,28,Divorced,Bachelor,9,575.0,Soren Bergman,2377,0.2474,1,Q1 (lowest paid in role),-26.6,1,18.0,2025-12-19,3,3,3,3,No,
933,Jonas,Kowalski,Jonas Kowalski,2,Engineering,Technology,Software Engineer,1,Travel_Rarely,2024-09-02,,Active,0,1.33,1-3 yr,2,Female,27,Single,Bachelor,4,1523.0,Daniel Osei,2318,0.1924,1,Q1 (lowest paid in role),-28.5,0,19.0,2025-12-31,3,3,2,3,No,
934,Mira,Duarte,Mira Duarte,2,Engineering,Technology,QA Engineer,1,Travel_Rarely,2024-08-07,,Active,0,1.4,1-3 yr,2,Male,34,Divorced,Bachelor,10,386.0,Jonas Whitfield,2008,0.0465,1,Q1 (lowest paid in role),-38.0,2,14.0,2025-12-13,3,2,2,3,No,
936,Divya,Krishnan,Divya Krishnan,1,Sales,Go-To-Market,Sales Executive,2,Travel_Rarely,2020-02-21,,Active,0,5.86,5-10 yr,4,Female,42,Single,College,14,1975.0,Grace Kaur,6244,0.5046,3,Q3,-9.8,0,17.0,2025-12-31,3,3,3,3,No,
939,Nikolai,Fitzgerald,Nikolai Fitzgerald,2,Engineering,Technology,Software Engineer,1,Travel_Rarely,2022-04-19,,Active,0,3.7,3-5 yr,3,Male,33,Single,Master,1,901.0,Chloe Mbeki,2799,0.4639,2,Q2,-13.6,0,11.0,2025-12-15,3,1,3,3,Yes,
940,Amara,Krishnan,Amara Krishnan,6,Customer Support,Go-To-Market,Support Representative,3,Travel_Rarely,2019-05-30,,Active,0,6.59,5-10 yr,4,Female,58,Divorced,Bachelor,5,1606.0,Aarav Eriksen,10552,0.8692,4,Q4 (highest paid in role),40.2,1,13.0,2025-12-25,3,2,3,3,Yes,
941,Omar,Duarte,Omar Duarte,1,Sales,Go-To-Market,Sales Representative,1,Travel_Rarely,2018-06-26,,Active,0,7.52,5-10 yr,4,Male,31,Married,Master,7,580.0,Yuki Nowak,2329,0.3659,2,Q2,-11.3,0,15.0,2025-12-25,3,3,2,4,No,
942,Freya,Quintero,Freya Quintero,6,Customer Support,Go-To-Market,Support Representative,2,Travel_Rarely,2015-06-03,,Active,0,10.58,10 yr+,5,Female,35,Married,Below College,21,1127.0,Ethan Simonsen,4014,0.0077,1,Q1 (lowest paid in role),-46.7,1,25.0,2025-12-27,4,4,4,1,Yes,
944,Omar,Simonsen,Omar Simonsen,2,Engineering,Technology,QA Engineer,3,Travel_Rarely,1999-10-08,,Active,0,26.23,10 yr+,5,Female,49,Married,College,8,1061.0,Claire Sharma,7403,1.0,4,Q4 (highest paid in role),128.7,1,11.0,2025-12-26,3,2,1,2,No,
945,Fatima,Haddad,Fatima Haddad,2,Engineering,Technology,Software Engineer,1,Travel_Rarely,2025-10-30,,Active,0,0.17,0-1 yr,1,Male,48,Married,Master,20,58.0,Isabel Hassan,2259,0.1615,1,Q1 (lowest paid in role),-30.3,2,17.0,2025-12-25,3,3,4,2,No,
947,Rosa,Castellanos,Rosa Castellanos,1,Sales,Go-To-Market,Sales Executive,2,Non-Travel,2016-05-11,,Active,0,9.64,5-10 yr,4,Female,31,Married,College,20,1319.0,Sofia Castellanos,6932,0.6215,3,Q3,0.1,1,13.0,2025-12-23,3,3,4,2,No,
949,Anika,Okafor,Anika Okafor,2,Engineering,Technology,Software Engineer,1,Travel_Rarely,2019-02-08,,Active,0,6.89,5-10 yr,4,Male,36,Single,Master,7,1424.0,Rahul Novak,4678,0.8591,4,Q4 (highest paid in role),44.4,0,18.0,2025-12-23,3,4,2,3,No,
950,Isabel,Grimaldi,Isabel Grimaldi,2,Engineering,Technology,Engineering Director,3,Travel_Rarely,2010-11-08,,Active,0,15.15,10 yr+,5,Female,38,Married,Bachelor,1,396.0,Chloe Tanaka,13582,0.2785,2,Q2,-15.3,1,13.0,2025-12-19,3,1,4,3,No,
951,Daniel,Hassan,Daniel Hassan,2,Engineering,Technology,QA Engineer,1,Non-Travel,2022-11-01,,Active,0,3.16,3-5 yr,3,Female,32,Married,Bachelor,1,815.0,Chloe Aoki,2332,0.2054,1,Q1 (lowest paid in role),-28.0,0,20.0,2025-12-12,4,2,3,3,No,
954,Nikolai,Jokinen,Nikolai Jokinen,1,Sales,Go-To-Market,Sales Executive,3,Travel_Rarely,2024-11-30,,Active,0,1.08,1-3 yr,2,Male,40,Divorced,Master,10,1716.0,Elena Pashkov,9705,0.8431,4,Q4 (highest paid in role),40.2,1,12.0,2025-12-26,3,2,1,2,No,
956,Rosa,Okafor,Rosa Okafor,1,Sales,Go-To-Market,Sales Executive,2,Travel_Frequently,2018-06-05,,Active,0,7.57,5-10 yr,4,Male,26,Single,Bachelor,1,2055.0,Oscar Bakker,4294,0.0646,1,Q1 (lowest paid in role),-38.0,0,12.0,2025-12-30,3,1,3,3,No,
957,Elena,Nowak,Elena Nowak,2,Engineering,Technology,QA Engineer,1,Travel_Rarely,2007-02-24,,Active,0,18.85,10 yr+,5,Male,41,Single,Bachelor,6,1035.0,Lena Osei,4721,0.876,4,Q4 (highest paid in role),45.8,0,13.0,2025-12-19,3,1,4,3,Yes,
958,Freya,Okafor,Freya Okafor,2,Engineering,Technology,QA Engineer,1,Travel_Rarely,2014-06-01,,Active,0,11.58,10 yr+,5,Male,36,Single,Master,2,1250.0,Bruno Castellanos,2519,0.3295,2,Q2,-22.2,0,21.0,2025-12-25,4,3,3,3,No,
961,Luis,Jokinen,Luis Jokinen,6,Customer Support,Go-To-Market,Support Representative,2,Travel_Rarely,2016-05-06,,Active,0,9.65,5-10 yr,4,Female,31,Married,Bachelor,12,1697.0,Aarav Haddad,5855,0.3154,2,Q2,-22.2,2,11.0,2025-12-18,3,4,4,1,Yes,
964,Freya,Haddad,Freya Haddad,2,Engineering,Technology,Software Engineer,1,Travel_Frequently,2024-12-15,,Active,0,1.04,1-3 yr,2,Male,40,Divorced,Master,9,352.0,Felix Reyes,3617,0.7148,3,Q3,11.6,1,14.0,2025-12-27,3,2,4,3,Yes,
966,Fatima,Whitfield,Fatima Whitfield,5,Operations,Technology,Operations Director,2,Travel_Rarely,2017-05-08,,Active,0,8.65,5-10 yr,4,Female,32,Married,Master,3,1283.0,Aisha Aoki,6725,0.5486,3,Q3,-7.8,1,12.0,2025-12-17,3,1,3,4,No,
969,Hugo,Delacroix,Hugo Delacroix,6,Customer Support,Go-To-Market,Support Representative,2,Travel_Rarely,2020-01-09,,Active,0,5.98,5-10 yr,4,Female,33,Single,Bachelor,1,1697.0,Aarav Haddad,6949,0.5385,3,Q3,-7.7,0,14.0,2025-12-25,3,4,2,3,No,
972,Camila,Tanaka,Camila Tanaka,2,Engineering,Technology,QA Engineer,2,Non-Travel,2016-09-07,,Active,0,9.31,5-10 yr,4,Male,45,Married,College,4,1941.0,Andre Delacroix,4447,0.8605,4,Q4 (highest paid in role),37.4,0,12.0,2025-12-21,3,2,3,2,No,
974,Aisha,Dubois,Aisha Dubois,1,Sales,Go-To-Market,Sales Representative,1,Travel_Frequently,2022-08-24,,Active,0,3.35,3-5 yr,3,Female,29,Married,Bachelor,20,1732.0,Claire Mehta,2157,0.2073,1,Q1 (lowest paid in role),-17.9,1,15.0,2025-12-31,3,4,3,3,No,
975,Omar,Mehta,Omar Mehta,1,Sales,Go-To-Market,Sales Executive,2,Travel_Rarely,2020-01-31,,Active,0,5.92,5-10 yr,4,Female,35,Married,Bachelor,18,1070.0,Samir Eriksen,4601,0.1415,1,Q1 (lowest paid in role),-33.6,0,16.0,2025-12-21,3,3,3,3,No,
976,Soren,Varga,Soren Varga,4,Finance,Corporate Services,Finance Manager,4,Travel_Rarely,2016-07-27,,Active,0,9.43,5-10 yr,4,Male,52,Married,College,1,374.0,Aarav Lindqvist,17099,0.4356,2,Q2,-0.5,1,15.0,2025-12-31,3,4,4,2,No,
981,Zara,Novak,Zara Novak,4,Finance,Corporate Services,Finance Manager,4,Travel_Rarely,2008-01-29,,Active,0,17.92,10 yr+,5,Male,53,Divorced,College,2,374.0,Aarav Lindqvist,14852,0.1485,1,Q1 (lowest paid in role),-13.6,1,13.0,2025-12-19,3,3,3,4,No,
982,Mira,Tanaka,Mira Tanaka,1,Sales,Go-To-Market,Sales Executive,3,Travel_Rarely,2017-01-17,,Active,0,8.95,5-10 yr,4,Male,30,Divorced,College,8,404.0,Nadia Kowalski,7264,0.6369,3,Q3,4.9,1,11.0,2025-12-14,3,3,3,4,No,
983,Claire,Hassan,Claire Hassan,1,Sales,Go-To-Market,Sales Executive,2,Non-Travel,2020-11-25,,Active,0,5.1,5-10 yr,4,Female,38,Single,Bachelor,10,573.0,Soren Fitzgerald,5666,0.4092,2,Q2,-18.2,0,13.0,2025-12-16,3,4,3,3,Yes,
984,Jonas,Castellanos,Jonas Castellanos,1,Sales,Go-To-Market,Sales Executive,3,Travel_Rarely,2015-03-03,,Active,0,10.83,10 yr+,5,Male,35,Divorced,Master,3,1863.0,Oscar Kowalski,7823,0.6862,3,Q3,13.0,1,13.0,2025-12-11,3,4,4,3,No,
985,Samir,Larsen,Samir Larsen,1,Sales,Go-To-Market,Sales Executive,3,Travel_Rarely,2017-04-09,,Active,0,8.73,5-10 yr,4,Male,39,Single,Doctor,2,1716.0,Elena Pashkov,7880,0.6923,3,Q3,13.8,0,18.0,2025-12-19,3,3,1,3,No,
987,Lena,Lindqvist,Lena Lindqvist,5,Operations,Technology,Operations Director,2,Travel_Frequently,2006-05-09,,Active,0,19.65,10 yr+,5,Male,47,Divorced,Master,16,1005.0,Zara Lindqvist,5067,0.2431,1,Q1 (lowest paid in role),-30.5,0,19.0,2025-12-12,3,3,3,4,Yes,
990,Kwame,Nowak,Kwame Nowak,1,Sales,Go-To-Market,Sales Executive,2,Non-Travel,2018-12-04,,Active,0,7.07,5-10 yr,4,Male,36,Divorced,Master,8,81.0,Sofia Cardoso,5079,0.2554,2,Q2,-26.6,2,13.0,2025-12-12,3,4,1,3,No,
992,Tariq,Reyes,Tariq Reyes,4,Finance,Corporate Services,Finance Manager,4,Non-Travel,2015-11-13,,Active,0,10.13,10 yr+,5,Male,33,Single,Bachelor,17,1578.0,Tariq Pashkov,17444,0.495,2,Q2,1.5,0,11.0,2025-12-23,3,3,4,3,No,
995,Lena,Pashkov,Lena Pashkov,2,Engineering,Technology,Software Engineer,1,Travel_Rarely,2022-10-14,,Active,0,3.21,3-5 yr,3,Female,33,Single,Below College,13,901.0,Chloe Mbeki,3452,0.6735,3,Q3,6.5,0,18.0,2025-12-17,3,4,2,3,No,
996,Priya,Bakker,Priya Bakker,2,Engineering,Technology,QA Engineer,1,Travel_Rarely,2020-12-30,,Active,0,5.0,5-10 yr,4,Female,45,Divorced,Master,1,999.0,Jonas Mbeki,2270,0.1705,1,Q1 (lowest paid in role),-29.9,2,14.0,2025-12-21,3,4,4,3,No,
997,Leila,Krishnan,Leila Krishnan,2,Engineering,Technology,Engineering Director,4,Travel_Rarely,2020-10-26,,Active,0,5.18,5-10 yr,4,Male,50,Divorced,College,1,162.0,Soren Pashkov,17399,0.6076,3,Q3,8.5,1,22.0,2025-12-27,4,4,4,2,No,
998,Nina,Steiner,Nina Steiner,6,Customer Support,Go-To-Market,Support Representative,2,Travel_Frequently,2019-01-20,,Active,0,6.95,5-10 yr,4,Female,33,Married,Master,1,1697.0,Aarav Haddad,5488,0.2308,1,Q1 (lowest paid in role),-27.1,1,13.0,2025-12-30,3,2,3,3,Yes,
999,Jonas,Mbeki,Jonas Mbeki,2,Engineering,Technology,Engineering Director,5,Travel_Frequently,2007-10-20,,Active,0,18.2,10 yr+,5,Male,41,Divorced,Bachelor,9,522.0,Anika Bianchi,19419,0.8734,4,Q4 (highest paid in role),21.1,1,17.0,2025-12-12,3,3,1,4,No,
1001,Claire,Bakker,Claire Bakker,2,Engineering,Technology,QA Engineer,1,Travel_Rarely,2023-07-21,,Active,0,2.45,1-3 yr,2,Female,27,Married,Master,16,1523.0,Daniel Osei,2811,0.4729,2,Q2,-13.2,1,14.0,2025-12-28,3,2,3,3,No,
1002,Ethan,Andersen,Ethan Andersen,2,Engineering,Technology,QA Engineer,2,Non-Travel,2016-12-18,,Active,0,9.03,5-10 yr,4,Male,45,Married,College,23,1941.0,Andre Delacroix,3633,0.6705,3,Q3,12.2,1,15.0,2025-12-21,3,1,4,3,Yes,
1003,Divya,Bianchi,Divya Bianchi,1,Sales,Go-To-Market,Sales Executive,2,Travel_Rarely,2016-03-16,,Active,0,9.79,5-10 yr,4,Female,47,Single,College,4,1975.0,Grace Kaur,4163,0.0338,1,Q1 (lowest paid in role),-39.9,0,17.0,2025-12-21,3,4,4,3,Yes,
1005,Zara,Lindqvist,Zara Lindqvist,5,Operations,Technology,Operations Director,4,Travel_Rarely,2013-10-01,,Active,0,12.25,10 yr+,5,Male,50,Married,Bachelor,24,1373.0,Marcus Hassan,13973,1.0,4,Q4 (highest paid in role),91.5,1,18.0,2025-12-13,3,3,4,3,Yes,
1006,Caleb,Delacroix,Caleb Delacroix,2,Engineering,Technology,Software Engineer,1,Travel_Frequently,2023-04-15,,Active,0,2.71,1-3 yr,2,Male,38,Married,Below College,10,1128.0,Kwame Mehta,2684,0.3952,2,Q2,-17.2,1,17.0,2025-12-17,3,3,3,2,No,
1007,Hugo,Duarte,Hugo Duarte,5,Operations,Technology,Operations Director,3,Travel_Rarely,2017-04-20,,Active,0,8.7,5-10 yr,4,Male,46,Divorced,College,7,867.0,Aarav Navarro,10845,0.9097,4,Q4 (highest paid in role),48.7,1,13.0,2025-12-11,3,3,4,3,No,
1009,Anika,Tanaka,Anika Tanaka,5,Operations,Technology,Operations Director,2,Travel_Rarely,2021-09-27,,Active,0,4.26,3-5 yr,3,Female,24,Divorced,Below College,17,112.0,Ethan Bergman,4377,0.1042,1,Q1 (lowest paid in role),-40.0,2,15.0,2025-12-17,3,3,4,3,No,
1011,Rahul,Quintero,Rahul Quintero,5,Operations,Technology,Operations Director,2,Travel_Frequently,2021-03-19,,Active,0,4.79,3-5 yr,3,Female,31,Married,Below College,1,1283.0,Aisha Aoki,4148,0.0139,1,Q1 (lowest paid in role),-43.1,1,12.0,2025-12-27,3,1,3,3,No,
1012,Samir,Bianchi,Samir Bianchi,2,Engineering,Technology,Software Engineer,1,Non-Travel,2025-09-05,,Active,0,0.32,0-1 yr,1,Male,18,Single,College,5,612.0,Soren Castellanos,1051,0.0034,1,Q1 (lowest paid in role),-67.6,0,15.0,2025-12-23,3,4,2,3,No,
1013,Omar,Lombardi,Omar Lombardi,5,Operations,Technology,Operations Director,3,Travel_Rarely,2015-05-25,,Active,0,10.6,10 yr+,5,Female,54,Married,Bachelor,17,867.0,Aarav Navarro,10739,0.8958,4,Q4 (highest paid in role),47.2,1,11.0,2025-12-18,3,3,3,3,No,
1014,Caleb,Duarte,Caleb Duarte,6,Customer Support,Go-To-Market,Support Representative,3,Travel_Rarely,2009-03-10,,Active,0,16.81,10 yr+,5,Female,35,Divorced,Master,25,431.0,Leila Halvorsen,10388,0.8308,4,Q4 (highest paid in role),38.0,1,11.0,2025-12-27,3,3,3,2,Yes,
1015,Anika,Steiner,Anika Steiner,2,Engineering,Technology,Engineering Director,3,Travel_Rarely,2017-08-31,,Active,0,8.33,5-10 yr,4,Female,30,Married,College,8,638.0,Kwame Cardoso,11416,0.0253,1,Q1 (lowest paid in role),-28.8,3,12.0,2025-12-24,3,1,2,2,Yes,
1018,Samir,Duarte,Samir Duarte,5,Operations,Technology,Operations Director,2,Travel_Rarely,2017-02-07,,Active,0,8.9,5-10 yr,4,Male,26,Married,College,2,1360.0,Tariq Hassan,5472,0.3403,2,Q2,-25.0,0,12.0,2025-12-26,3,4,4,3,No,
1019,Idris,Bergman,Idris Bergman,2,Engineering,Technology,QA Engineer,1,Travel_Rarely,2021-02-01,,Active,0,4.91,3-5 yr,3,Male,22,Married,Below College,8,1485.0,Ethan Quintero,2451,0.3062,2,Q2,-24.3,1,15.0,2025-12-27,3,1,2,2,No,
1022,Caleb,Eriksen,Caleb Eriksen,6,Customer Support,Go-To-Market,Support Representative,2,Travel_Rarely,2023-11-05,,Active,0,2.15,1-3 yr,2,Male,48,Single,Bachelor,6,1661.0,Daniel Krishnan,4240,0.0615,1,Q1 (lowest paid in role),-43.7,0,13.0,2025-12-16,3,3,1,3,No,
1024,Nadia,Larsen,Nadia Larsen,6,Customer Support,Go-To-Market,Support Representative,3,Travel_Rarely,2010-01-22,,Active,0,15.94,10 yr+,5,Male,48,Single,Master,4,1606.0,Aarav Eriksen,10999,0.9308,4,Q4 (highest paid in role),46.1,0,14.0,2025-12-20,3,3,3,3,No,
1025,Soren,Moreau,Soren Moreau,5,Operations,Technology,Operations Director,2,Travel_Rarely,2023-05-25,,Active,0,2.6,1-3 yr,2,Female,41,Single,College,7,601.0,Amara Grimaldi,5003,0.2222,1,Q1 (lowest paid in role),-31.4,0,14.0,2025-12-19,3,3,4,3,No,
1026,Nadia,Mbeki,Nadia Mbeki,5,Operations,Technology,Operations Director,4,Travel_Rarely,2004-01-19,,Active,0,21.95,10 yr+,5,Female,39,Married,Below College,1,1775.0,Yuki Larsen,12742,0.9375,4,Q4 (highest paid in role),74.7,1,16.0,2025-12-29,3,4,4,3,No,
1027,Sofia,Bakker,Sofia Bakker,5,Operations,Technology,Operations Director,2,Travel_Rarely,2022-12-09,,Active,0,3.06,3-5 yr,3,Female,27,Married,Master,2,1360.0,Tariq Hassan,4227,0.0417,1,Q1 (lowest paid in role),-42.1,1,18.0,2025-12-21,3,4,1,3,No,
1028,Marcus,Hassan,Marcus Hassan,2,Engineering,Technology,QA Engineer,1,Travel_Rarely,2022-07-02,,Active,0,3.5,3-5 yr,3,Male,35,Divorced,Bachelor,10,1422.0,Isabel Vandenberg,3917,0.7597,4,Q4 (highest paid in role),21.0,1,20.0,2025-12-14,4,4,2,2,No,
1029,Leila,Steiner,Leila Steiner,4,Finance,Corporate Services,Finance Manager,5,Travel_Rarely,2024-06-28,,Active,0,1.51,1-3 yr,2,Male,42,Married,College,5,1191.0,Aisha Varga,18303,0.6238,3,Q3,6.5,0,13.0,2025-12-19,3,3,4,4,No,
1030,Luis,Fitzgerald,Luis Fitzgerald,2,Engineering,Technology,QA Engineer,1,Travel_Rarely,2024-04-06,,Active,0,1.74,1-3 yr,2,Male,50,Married,Bachelor,9,58.0,Isabel Hassan,2380,0.2519,2,Q2,-26.5,0,18.0,2025-12-20,3,4,1,3,No,
1034,Hannah,Osei,Hannah Osei,6,Customer Support,Go-To-Market,Support Representative,2,Travel_Frequently,2017-08-08,,Active,0,8.4,5-10 yr,4,Male,55,Married,Master,18,431.0,Leila Halvorsen,6385,0.3923,2,Q2,-15.2,2,14.0,2025-12-16,3,2,3,3,Yes,
1035,Lena,Osei,Lena Osei,2,Engineering,Technology,Engineering Director,5,Non-Travel,2004-02-27,,Active,0,21.84,10 yr+,5,Female,41,Divorced,Below College,7,522.0,Anika Bianchi,19973,1.0,4,Q4 (highest paid in role),24.6,2,22.0,2025-12-20,4,3,2,3,No,
1036,Sofia,Kowalski,Sofia Kowalski,1,Sales,Go-To-Market,Sales Executive,2,Travel_Rarely,2024-11-24,,Active,0,1.1,1-3 yr,2,Male,38,Single,Master,3,573.0,Soren Fitzgerald,6861,0.6092,3,Q3,-0.9,0,12.0,2025-12-27,3,4,2,3,Yes,
1039,Soren,Novak,Soren Novak,1,Sales,Go-To-Market,Sales Executive,4,Travel_Rarely,2013-11-05,,Active,0,12.15,10 yr+,5,Female,44,Married,Bachelor,28,532.0,Tobias Aoki,13320,0.9815,4,Q4 (highest paid in role),92.4,1,18.0,2025-12-21,3,4,4,3,Yes,
1040,Ethan,Varga,Ethan Varga,1,Sales,Go-To-Market,Sales Executive,2,Non-Travel,2007-02-09,,Active,0,18.89,10 yr+,5,Female,50,Married,Bachelor,1,986.0,Marcus Silva,6347,0.5169,3,Q3,-8.3,1,12.0,2025-12-24,3,3,4,3,No,
1043,Divya,Fitzgerald,Divya Fitzgerald,5,Operations,Technology,Operations Director,3,Travel_Frequently,2004-03-02,,Active,0,21.83,10 yr+,5,Female,39,Single,Bachelor,22,1367.0,Isabel Duarte,10880,0.9167,4,Q4 (highest paid in role),49.1,0,13.0,2025-12-28,3,1,4,3,Yes,
1044,Rahul,Lindqvist,Rahul Lindqvist,1,Sales,Go-To-Market,Sales Representative,1,Non-Travel,2023-10-28,,Active,0,2.18,1-3 yr,2,Female,33,Single,Below College,8,580.0,Yuki Nowak,2342,0.378,2,Q2,-10.8,0,19.0,2025-12-26,3,4,2,2,No,
1045,Hannah,Larsen,Hannah Larsen,4,Finance,Corporate Services,Finance Manager,4,Travel_Rarely,2016-04-04,,Active,0,9.74,5-10 yr,4,Female,45,Married,College,11,787.0,Divya Novak,17650,0.5248,3,Q3,2.7,1,13.0,2025-12-22,3,4,4,4,No,
1046,Anika,Ferreira,Anika Ferreira,2,Engineering,Technology,QA Engineer,1,Non-Travel,2017-09-16,,Active,0,8.29,5-10 yr,4,Female,32,Single,Master,29,815.0,Chloe Aoki,4025,0.8023,4,Q4 (highest paid in role),24.3,0,12.0,2025-12-28,3,3,4,3,No,
1047,Chloe,Lindqvist,Chloe Lindqvist,1,Sales,Go-To-Market,Sales Executive,2,Travel_Rarely,2010-11-26,,Active,0,15.1,10 yr+,5,Male,34,Divorced,Master,1,862.0,Hugo Grimaldi,9725,0.8523,4,Q4 (highest paid in role),40.4,1,11.0,2025-12-13,3,4,2,2,No,
1048,Yuki,Kaur,Yuki Kaur,4,Finance,Corporate Services,Finance Manager,3,Travel_Rarely,2019-12-06,,Active,0,6.07,5-10 yr,4,Male,59,Married,College,1,1578.0,Tariq Pashkov,11904,0.0495,1,Q1 (lowest paid in role),-30.7,1,14.0,2025-12-20,3,4,2,1,Yes,
1049,Kwame,Nakamura,Kwame Nakamura,3,HR,Corporate Services,HR Generalist,1,Travel_Rarely,2019-07-10,,Active,0,6.48,5-10 yr,4,Male,45,Single,Master,24,1098.0,Jonas Novak,2177,0.1373,1,Q1 (lowest paid in role),-48.6,0,16.0,2025-12-21,3,2,2,3,No,
1050,Tobias,Haddad,Tobias Haddad,1,Sales,Go-To-Market,Sales Executive,3,Travel_Frequently,2010-09-08,,Active,0,15.31,10 yr+,5,Female,53,Married,Bachelor,2,1372.0,Tobias Varga,7525,0.6585,3,Q3,8.7,1,12.0,2025-12-16,3,2,3,3,No,
1055,Ethan,Eriksen,Ethan Eriksen,1,Sales,Go-To-Market,Sales Representative,1,Travel_Rarely,2024-01-19,,Active,0,1.95,1-3 yr,2,Female,34,Married,Master,10,580.0,Yuki Nowak,2220,0.2317,1,Q1 (lowest paid in role),-15.5,1,19.0,2025-12-13,3,3,3,3,Yes,
1056,Marcus,Bergman,Marcus Bergman,1,Sales,Go-To-Market,Sales Representative,1,Travel_Rarely,2024-10-14,,Active,0,1.21,1-3 yr,2,Male,28,Married,Below College,10,1732.0,Claire Mehta,1052,0.0,1,Q1 (lowest paid in role),-59.9,0,22.0,2025-12-22,4,2,4,3,No,
1060,Camila,Tanaka,Camila Tanaka,2,Engineering,Technology,Software Engineer,1,Travel_Frequently,2023-08-26,,Active,0,2.35,1-3 yr,2,Male,38,Married,Master,3,1128.0,Kwame Mehta,2821,0.4777,2,Q2,-12.9,1,16.0,2025-12-26,3,3,3,3,No,
1061,Claire,Sharma,Claire Sharma,2,Engineering,Technology,Engineering Director,5,Travel_Rarely,2017-07-30,,Active,0,8.42,5-10 yr,4,Male,50,Married,Master,2,1423.0,Anika Andersen,19237,0.8228,4,Q4 (highest paid in role),20.0,1,11.0,2025-12-26,3,3,2,2,Yes,
1062,Omar,Tanaka,Omar Tanaka,6,Customer Support,Go-To-Market,Support Representative,2,Travel_Rarely,2021-10-10,,Active,0,4.22,3-5 yr,3,Female,37,Single,Bachelor,3,119.0,Fatima Novak,4107,0.0385,1,Q1 (lowest paid in role),-45.4,0,15.0,2025-12-15,3,2,4,2,No,
1066,Soren,Moreau,Soren Moreau,1,Sales,Go-To-Market,Sales Executive,2,Travel_Rarely,2018-11-03,,Active,0,7.16,5-10 yr,4,Male,40,Married,Bachelor,26,2056.0,Grace Krishnan,8396,0.7385,3,Q3,21.3,1,14.0,2025-12-22,3,1,3,2,No,
1068,Elena,Jokinen,Elena Jokinen,2,Engineering,Technology,Software Engineer,1,Travel_Frequently,2020-02-19,,Active,0,5.86,5-10 yr,4,Female,26,Divorced,Below College,1,661.0,Andre Nowak,2007,0.0378,1,Q1 (lowest paid in role),-38.1,2,13.0,2025-12-15,3,3,1,3,No,
1069,Divya,Krishnan,Divya Krishnan,2,Engineering,Technology,Engineering Director,5,Travel_Rarely,2023-12-21,,Active,0,2.03,1-3 yr,2,Male,46,Divorced,Master,1,254.0,Zara Sharma,19627,0.9494,4,Q4 (highest paid in role),22.4,2,17.0,2025-12-25,3,4,4,3,No,
1070,Samir,Eriksen,Samir Eriksen,1,Sales,Go-To-Market,Sales Executive,3,Travel_Rarely,2016-11-04,,Active,0,9.16,5-10 yr,4,Female,54,Married,Master,2,1372.0,Tobias Varga,10686,0.9354,4,Q4 (highest paid in role),54.3,1,11.0,2025-12-14,3,3,3,3,No,
1071,Sanne,Pashkov,Sanne Pashkov,2,Engineering,Technology,Software Engineer,1,Travel_Frequently,2020-12-09,,Active,0,5.06,5-10 yr,4,Female,56,Married,Bachelor,9,1255.0,Claire Reyes,2942,0.5395,3,Q3,-9.2,1,19.0,2025-12-22,3,3,1,3,No,
1073,Divya,Ortega,Divya Ortega,5,Operations,Technology,Operations Director,3,Travel_Rarely,2011-05-14,,Active,0,14.63,10 yr+,5,Female,36,Single,Doctor,12,1367.0,Isabel Duarte,8858,0.7153,3,Q3,21.4,0,11.0,2025-12-22,3,4,4,2,No,
1074,Rahul,Mbeki,Rahul Mbeki,4,Finance,Corporate Services,Finance Manager,4,Non-Travel,2016-07-20,,Active,0,9.45,5-10 yr,4,Male,55,Single,Below College,2,374.0,Aarav Lindqvist,16756,0.3168,2,Q2,-2.5,0,15.0,2025-12-17,3,1,3,4,No,
1076,Samir,Halvorsen,Samir Halvorsen,1,Sales,Go-To-Market,Sales Executive,3,Travel_Rarely,2024-01-29,,Active,0,1.92,1-3 yr,2,Male,43,Divorced,Bachelor,25,1716.0,Elena Pashkov,10798,0.9446,4,Q4 (highest paid in role),55.9,1,13.0,2025-12-20,3,4,3,3,No,
1080,Rosa,Whitfield,Rosa Whitfield,2,Engineering,Technology,Software Engineer,2,Travel_Rarely,2009-02-15,,Active,0,16.87,10 yr+,5,Female,46,Divorced,Master,8,1941.0,Andre Delacroix,4615,0.8522,4,Q4 (highest paid in role),42.4,3,23.0,2025-12-27,4,1,4,3,Yes,
1083,Daniel,Moreau,Daniel Moreau,2,Engineering,Technology,QA Engineer,1,Travel_Rarely,2020-04-06,,Active,0,5.74,5-10 yr,4,Male,26,Married,College,1,661.0,Andre Nowak,3955,0.7636,4,Q4 (highest paid in role),22.2,2,16.0,2025-12-15,3,1,1,3,No,
1084,Daniel,Simonsen,Daniel Simonsen,5,Operations,Technology,Operations Director,2,Travel_Rarely,2019-03-20,,Active,0,6.78,5-10 yr,4,Male,30,Married,Bachelor,20,1360.0,Tariq Hassan,9957,0.7847,4,Q4 (highest paid in role),36.5,1,15.0,2025-12-20,3,1,3,2,No,
1085,Freya,Lindqvist,Freya Lindqvist,2,Engineering,Technology,Software Engineer,1,Travel_Rarely,2016-01-01,,Active,0,10.0,10 yr+,5,Female,41,Married,College,7,1035.0,Lena Osei,3376,0.646,3,Q3,4.2,0,13.0,2025-12-31,3,3,2,3,No,
1088,Fatima,Aoki,Fatima Aoki,6,Customer Support,Go-To-Market,Support Representative,3,Travel_Rarely,2006-06-19,,Active,0,19.53,10 yr+,5,Female,38,Married,Below College,17,431.0,Leila Halvorsen,8823,0.7,3,Q3,17.2,1,18.0,2025-12-25,3,3,3,2,No,
1092,Luis,Castellanos,Luis Castellanos,6,Customer Support,Go-To-Market,Support Representative,3,Travel_Rarely,2014-05-17,,Active,0,11.62,10 yr+,5,Male,40,Married,Master,20,431.0,Leila Halvorsen,10322,0.8231,4,Q4 (highest paid in role),37.1,1,20.0,2025-12-12,4,4,1,3,No,
1094,Luis,Andersen,Luis Andersen,2,Engineering,Technology,QA Engineer,1,Non-Travel,2022-01-16,,Active,0,3.96,3-5 yr,3,Male,27,Married,Doctor,8,1523.0,Daniel Osei,4621,0.8682,4,Q4 (highest paid in role),42.7,3,19.0,2025-12-12,3,3,1,3,No,
1096,Aisha,Steiner,Aisha Steiner,5,Operations,Technology,Operations Director,3,Travel_Frequently,2022-01-30,,Active,0,3.92,3-5 yr,3,Male,55,Married,Below College,2,867.0,Aarav Navarro,10976,0.9306,4,Q4 (highest paid in role),50.5,1,18.0,2025-12-14,3,2,4,3,No,
1097,Priya,Eriksen,Priya Eriksen,2,Engineering,Technology,Software Engineer,2,Travel_Rarely,2017-08-29,,Active,0,8.34,5-10 yr,4,Female,28,Single,Bachelor,10,1608.0,Oscar Silva,3660,0.7216,3,Q3,13.0,0,13.0,2025-12-16,3,3,3,4,No,
1099,Divya,Aoki,Divya Aoki,6,Customer Support,Go-To-Market,Support Representative,3,Travel_Rarely,2022-08-08,,Active,0,3.4,3-5 yr,3,Male,33,Divorced,Bachelor,5,431.0,Leila Halvorsen,7119,0.5615,3,Q3,-5.4,1,15.0,2025-12-20,3,4,4,3,No,
1102,Nina,Kowalski,Nina Kowalski,2,Engineering,Technology,QA Engineer,1,Travel_Rarely,2021-01-15,,Active,0,4.96,3-5 yr,3,Male,28,Divorced,College,15,575.0,Soren Bergman,2207,0.1357,1,Q1 (lowest paid in role),-31.8,1,16.0,2025-12-31,3,3,1,2,No,
1103,Jonas,Lindqvist,Jonas Lindqvist,6,Customer Support,Go-To-Market,Support Representative,2,Travel_Frequently,2019-12-30,,Active,0,6.0,5-10 yr,4,Male,34,Single,Below College,3,1697.0,Aarav Haddad,7756,0.6231,3,Q3,3.0,0,17.0,2025-12-22,3,4,1,2,No,
1105,Zara,Nakamura,Zara Nakamura,1,Sales,Go-To-Market,Sales Executive,2,Travel_Rarely,2024-04-14,,Active,0,1.71,1-3 yr,2,Female,37,Divorced,Master,10,81.0,Sofia Cardoso,6694,0.5723,3,Q3,-3.3,3,14.0,2025-12-20,3,4,4,3,Yes,
1109,Rahul,Fitzgerald,Rahul Fitzgerald,4,Finance,Corporate Services,Finance Manager,4,Travel_Rarely,2003-11-02,,Active,0,22.16,10 yr+,5,Male,42,Married,College,2,1336.0,Viktor Bianchi,17665,0.5347,3,Q3,2.8,1,17.0,2025-12-15,3,1,4,3,No,
1114,Divya,Bergman,Divya Bergman,1,Sales,Go-To-Market,Sales Executive,2,Travel_Frequently,2022-03-21,,Active,0,3.78,3-5 yr,3,Female,33,Married,Bachelor,7,1050.0,Tobias Haddad,4302,0.0677,1,Q1 (lowest paid in role),-37.9,1,17.0,2025-12-25,3,2,4,3,No,
1115,Priya,Dubois,Priya Dubois,2,Engineering,Technology,Software Engineer,1,Non-Travel,2025-07-22,,Active,0,0.44,0-1 yr,1,Male,34,Married,Master,3,386.0,Jonas Whitfield,2979,0.5567,3,Q3,-8.1,3,17.0,2025-12-13,3,4,3,3,No,
1116,Rahul,Osei,Rahul Osei,4,Finance,Corporate Services,Finance Manager,4,Non-Travel,2020-08-08,,Active,0,5.4,5-10 yr,4,Male,48,Single,Master,1,787.0,Divya Novak,16885,0.3861,2,Q2,-1.7,0,22.0,2025-12-22,4,4,1,2,No,
1117,Nikolai,Silva,Nikolai Silva,1,Sales,Go-To-Market,Sales Executive,2,Non-Travel,2010-04-23,,Active,0,15.69,10 yr+,5,Female,45,Married,Master,9,1975.0,Grace Kaur,5593,0.3969,2,Q2,-19.2,1,13.0,2025-12-24,3,3,2,3,No,
1118,Zara,Simonsen,Zara Simonsen,6,Customer Support,Go-To-Market,Support Representative,3,Travel_Rarely,2017-11-26,,Active,0,8.1,5-10 yr,4,Male,52,Single,Master,7,1606.0,Aarav Eriksen,10445,0.8385,4,Q4 (highest paid in role),38.7,0,19.0,2025-12-12,3,2,2,3,No,
1119,Diego,Mbeki,Diego Mbeki,1,Sales,Go-To-Market,Sales Executive,3,Travel_Rarely,2017-02-20,,Active,0,8.86,5-10 yr,4,Male,38,Divorced,Master,10,1716.0,Elena Pashkov,8740,0.7692,4,Q4 (highest paid in role),26.2,2,14.0,2025-12-20,3,3,3,3,Yes,
1120,Aarav,Ibrahim,Aarav Ibrahim,2,Engineering,Technology,Software Engineer,1,Travel_Rarely,2018-04-23,,Active,0,7.69,5-10 yr,4,Female,29,Divorced,Master,28,1655.0,Hannah Duarte,2514,0.3127,2,Q2,-22.4,1,22.0,2025-12-25,4,4,3,3,No,
1121,Leila,Navarro,Leila Navarro,5,Operations,Technology,Operations Director,3,Travel_Rarely,2016-02-10,,Active,0,9.89,5-10 yr,4,Female,28,Divorced,Bachelor,3,1005.0,Zara Lindqvist,7655,0.625,3,Q3,4.9,3,17.0,2025-12-20,3,2,4,2,No,
1124,Hannah,Simonsen,Hannah Simonsen,4,Finance,Corporate Services,Finance Manager,4,Travel_Rarely,2013-12-27,,Active,0,12.01,10 yr+,5,Male,46,Married,Below College,3,787.0,Divya Novak,17465,0.505,2,Q2,1.6,1,12.0,2025-12-20,3,3,1,3,No,
1125,Yuki,Grimaldi,Yuki Grimaldi,1,Sales,Go-To-Market,Sales Executive,3,Travel_Rarely,2024-03-26,,Active,0,1.77,1-3 yr,2,Male,38,Single,College,2,1716.0,Elena Pashkov,7351,0.6492,3,Q3,6.2,0,16.0,2025-12-22,3,2,4,3,No,
1126,Hannah,Castellanos,Hannah Castellanos,5,Operations,Technology,Operations Director,3,Travel_Frequently,2017-03-08,,Active,0,8.82,5-10 yr,4,Female,43,Married,Bachelor,27,1401.0,Rosa Marchetti,10820,0.9028,4,Q4 (highest paid in role),48.3,1,11.0,2025-12-20,3,1,3,3,No,
1128,Kwame,Mehta,Kwame Mehta,2,Engineering,Technology,Engineering Director,5,Travel_Rarely,2005-12-06,,Active,0,20.07,10 yr+,5,Male,40,Single,Bachelor,14,522.0,Anika Bianchi,19626,0.9367,4,Q4 (highest paid in role),22.4,0,14.0,2025-12-23,3,3,3,4,No,
1131,Sofia,Lindqvist,Sofia Lindqvist,2,Engineering,Technology,Software Engineer,1,Travel_Rarely,2023-02-07,,Active,0,2.9,1-3 yr,2,Female,21,Single,Below College,1,612.0,Soren Castellanos,2070,0.0756,1,Q1 (lowest paid in role),-36.1,0,11.0,2025-12-23,3,2,4,4,Yes,
1132,Caleb,Krishnan,Caleb Krishnan,2,Engineering,Technology,QA Engineer,2,Non-Travel,2020-09-14,,Active,0,5.3,5-10 yr,4,Male,39,Single,Bachelor,9,1263.0,Caleb Eriksen,6782,0.9961,4,Q4 (highest paid in role),109.5,0,15.0,2025-12-31,3,2,3,2,No,
1133,Kwame,Delacroix,Kwame Delacroix,5,Operations,Technology,Operations Director,2,Non-Travel,2014-06-21,,Active,0,11.53,10 yr+,5,Male,36,Single,Master,18,1026.0,Nadia Mbeki,7779,0.6389,3,Q3,6.6,0,20.0,2025-12-16,4,4,1,3,No,
1135,Caleb,Ibrahim,Caleb Ibrahim,1,Sales,Go-To-Market,Sales Representative,1,Travel_Frequently,2023-02-16,,Active,0,2.87,1-3 yr,2,Male,31,Married,Bachelor,20,580.0,Yuki Nowak,2791,0.6707,3,Q3,6.3,1,12.0,2025-12-15,3,4,3,3,No,
1136,Nina,Varga,Nina Varga,2,Engineering,Technology,Software Engineer,1,Travel_Rarely,2020-12-18,,Active,0,5.03,5-10 yr,4,Male,28,Married,Below College,2,575.0,Soren Bergman,3201,0.6048,3,Q3,-1.2,0,17.0,2025-12-29,3,2,1,1,No,
1137,Tobias,Rossi,Tobias Rossi,1,Sales,Go-To-Market,Sales Executive,2,Travel_Frequently,2020-03-05,,Active,0,5.82,5-10 yr,4,Male,35,Divorced,College,11,1070.0,Samir Eriksen,4968,0.2338,1,Q1 (lowest paid in role),-28.3,1,11.0,2025-12-24,3,4,4,3,No,
1138,Caleb,Quintero,Caleb Quintero,1,Sales,Go-To-Market,Sales Executive,4,Travel_Rarely,2016-03-24,,Active,0,9.77,5-10 yr,4,Male,49,Married,Master,8,131.0,Zara Mehta,13120,0.9692,4,Q4 (highest paid in role),89.5,1,17.0,2025-12-14,3,2,4,3,No,
1140,Felix,Marchetti,Felix Marchetti,5,Operations,Technology,Operations Director,2,Travel_Frequently,2022-06-04,,Active,0,3.58,3-5 yr,3,Male,34,Single,College,2,1283.0,Aisha Aoki,4033,0.0069,1,Q1 (lowest paid in role),-44.7,0,11.0,2025-12-20,3,3,4,2,No,
1143,Fatima,Jokinen,Fatima Jokinen,2,Engineering,Technology,Software Engineer,1,Travel_Frequently,2018-12-01,,Active,0,7.08,5-10 yr,4,Female,29,Divorced,Bachelor,10,1655.0,Hannah Duarte,3291,0.6186,3,Q3,1.6,2,14.0,2025-12-24,3,2,4,2,No,
1148,Lena,Vandenberg,Lena Vandenberg,2,Engineering,Technology,QA Engineer,2,Travel_Rarely,2024-02-09,,Active,0,1.89,1-3 yr,2,Male,42,Single,Bachelor,29,1263.0,Caleb Eriksen,4272,0.8333,4,Q4 (highest paid in role),32.0,0,19.0,2025-12-20,3,4,2,3,No,
1150,Yuki,Halvorsen,Yuki Halvorsen,5,Operations,Technology,Operations Director,2,Travel_Rarely,2015-10-06,,Active,0,10.24,10 yr+,5,Male,29,Married,Below College,8,1360.0,Tariq Hassan,5056,0.2361,1,Q1 (lowest paid in role),-30.7,1,15.0,2025-12-23,3,4,2,2,Yes,
1152,Aisha,Andersen,Aisha Andersen,3,HR,Corporate Services,HR Generalist,1,Travel_Rarely,2018-08-17,,Active,0,7.37,5-10 yr,4,Male,38,Married,Bachelor,1,1098.0,Jonas Novak,2844,0.4118,2,Q2,-32.9,1,13.0,2025-12-29,3,3,3,4,No,
1154,Lena,Moreau,Lena Moreau,2,Engineering,Technology,Software Engineer,1,Travel_Frequently,2022-01-27,,Active,0,3.93,3-5 yr,3,Male,28,Divorced,Bachelor,6,575.0,Soren Bergman,2703,0.4158,2,Q2,-16.6,1,14.0,2025-12-29,3,3,3,3,Yes,
1158,Jonas,Sharma,Jonas Sharma,2,Engineering,Technology,QA Engineer,1,Travel_Rarely,2024-10-29,,Active,0,1.17,1-3 yr,2,Male,41,Married,Master,12,1035.0,Lena Osei,4766,0.8837,4,Q4 (highest paid in role),47.2,1,11.0,2025-12-29,3,4,2,3,Yes,
1161,Bruno,Dubois,Bruno Dubois,6,Customer Support,Go-To-Market,Support Representative,2,Travel_Rarely,2019-04-30,,Active,0,6.67,5-10 yr,4,Female,37,Divorced,College,25,119.0,Fatima Novak,5731,0.2923,2,Q2,-23.9,2,13.0,2025-12-19,3,4,3,3,No,
1162,Diego,Cardoso,Diego Cardoso,2,Engineering,Technology,Software Engineer,1,Travel_Rarely,2021-03-22,,Active,0,4.78,3-5 yr,3,Male,27,Married,Bachelor,6,1523.0,Daniel Osei,2539,0.323,2,Q2,-21.6,1,13.0,2025-12-26,3,3,4,3,No,
1163,Idris,Sharma,Idris Sharma,1,Sales,Go-To-Market,Sales Executive,2,Travel_Rarely,2019-06-01,,Active,0,6.58,5-10 yr,4,Female,34,Married,Below College,9,862.0,Hugo Grimaldi,5714,0.4215,2,Q2,-17.5,0,20.0,2025-12-17,4,3,2,2,No,
1164,Kwame,Whitfield,Kwame Whitfield,3,HR,Corporate Services,HR Generalist,1,Travel_Rarely,2020-11-02,,Active,0,5.16,5-10 yr,4,Male,35,Single,Master,8,1098.0,Jonas Novak,4323,0.6471,3,Q3,2.1,0,17.0,2025-12-22,3,3,3,1,No,
1166,Fatima,Krishnan,Fatima Krishnan,2,Engineering,Technology,Engineering Director,3,Travel_Frequently,2007-04-15,,Active,0,18.71,10 yr+,5,Female,40,Single,Master,9,396.0,Chloe Tanaka,13499,0.2532,2,Q2,-15.8,0,17.0,2025-12-18,3,3,2,2,No,
1171,Anika,Reyes,Anika Reyes,1,Sales,Go-To-Market,Sales Executive,2,Travel_Rarely,2019-04-08,,Active,0,6.73,5-10 yr,4,Male,42,Single,Master,4,1975.0,Grace Kaur,5155,0.2677,2,Q2,-25.6,0,13.0,2025-12-16,3,1,2,4,No,
1172,Priya,Dubois,Priya Dubois,2,Engineering,Technology,QA Engineer,1,Travel_Rarely,2017-11-01,,Active,0,8.16,5-10 yr,4,Male,35,Married,Master,1,1422.0,Isabel Vandenberg,2258,0.1589,1,Q1 (lowest paid in role),-30.2,1,12.0,2025-12-16,3,3,4,3,No,
1173,Kwame,Andersen,Kwame Andersen,2,Engineering,Technology,QA Engineer,1,Travel_Rarely,2021-09-17,,Active,0,4.29,3-5 yr,3,Male,24,Single,Bachelor,24,1666.0,Soren Marchetti,3597,0.6628,3,Q3,11.1,0,22.0,2025-12-31,4,2,4,3,No,
1177,Tariq,Rossi,Tariq Rossi,2,Engineering,Technology,QA Engineer,1,Travel_Rarely,2017-02-21,,Active,0,8.86,5-10 yr,4,Male,26,Married,Master,3,843.0,Andre Mehta,4420,0.8488,4,Q4 (highest paid in role),36.5,1,22.0,2025-12-23,4,4,1,3,No,
1179,Mei,Ortega,Mei Ortega,1,Sales,Go-To-Market,Sales Executive,2,Travel_Rarely,2015-04-25,,Active,0,10.69,10 yr+,5,Male,30,Married,Bachelor,10,1391.0,Marcus Andersen,6578,0.5538,3,Q3,-5.0,1,18.0,2025-12-12,3,3,3,3,No,
1180,Marcus,Fitzgerald,Marcus Fitzgerald,2,Engineering,Technology,Software Engineer,2,Travel_Frequently,2024-08-13,,Active,0,1.38,1-3 yr,2,Female,40,Married,College,26,1263.0,Caleb Eriksen,4422,0.8247,4,Q4 (highest paid in role),36.5,1,13.0,2025-12-15,3,4,3,1,Yes,
1182,Marcus,Cardoso,Marcus Cardoso,5,Operations,Technology,Operations Director,3,Travel_Rarely,2018-06-03,,Active,0,7.58,5-10 yr,4,Male,35,Divorced,Bachelor,2,1367.0,Isabel Duarte,10274,0.8403,4,Q4 (highest paid in role),40.8,1,18.0,2025-12-31,3,2,3,4,No,
1184,Sofia,Reyes,Sofia Reyes,6,Customer Support,Go-To-Market,Support Representative,2,Travel_Frequently,2012-10-11,,Active,0,13.22,10 yr+,5,Male,34,Single,Bachelor,1,1697.0,Aarav Haddad,5343,0.2,1,Q1 (lowest paid in role),-29.0,0,20.0,2025-12-27,4,1,4,3,No,
1185,Andre,Ortega,Andre Ortega,2,Engineering,Technology,QA Engineer,1,Travel_Frequently,2023-09-30,,Active,0,2.25,1-3 yr,2,Male,35,Married,Master,4,1422.0,Isabel Vandenberg,2376,0.2403,1,Q1 (lowest paid in role),-26.6,1,13.0,2025-12-16,3,4,4,4,No,
1190,Samir,Eriksen,Samir Eriksen,1,Sales,Go-To-Market,Sales Representative,1,Non-Travel,2024-09-16,,Active,0,1.29,1-3 yr,2,Female,32,Divorced,Below College,2,580.0,Yuki Nowak,2827,0.7073,3,Q3,7.7,3,12.0,2025-12-18,3,1,3,3,No,
1191,Aisha,Varga,Aisha Varga,4,Finance,Corporate Services,Finance Manager,5,Travel_Rarely,2020-06-26,,Active,0,5.51,5-10 yr,4,Female,56,Divorced,Master,4,549.0,Freya Larsen,19943,0.9901,4,Q4 (highest paid in role),16.1,1,13.0,2025-12-24,3,1,4,3,No,
1192,Ingrid,Varga,Ingrid Varga,2,Engineering,Technology,QA Engineer,1,Travel_Rarely,2015-09-13,,Active,0,10.3,10 yr+,5,Female,29,Married,Below College,6,1655.0,Hannah Duarte,3131,0.5465,3,Q3,-3.3,1,13.0,2025-12-20,3,4,2,3,No,
1193,Nina,Krishnan,Nina Krishnan,2,Engineering,Technology,Software Engineer,1,Travel_Rarely,2024-09-29,,Active,0,1.25,1-3 yr,2,Male,19,Single,College,9,612.0,Soren Castellanos,2552,0.3333,2,Q2,-21.2,0,25.0,2025-12-17,4,1,3,3,No,
1195,Anika,Bakker,Anika Bakker,2,Engineering,Technology,Software Engineer,1,Travel_Rarely,2022-06-19,,Active,0,3.53,3-5 yr,3,Female,45,Married,Bachelor,7,999.0,Jonas Mbeki,4477,0.8316,4,Q4 (highest paid in role),38.2,1,19.0,2025-12-30,3,3,1,2,Yes,
1196,Tariq,Lombardi,Tariq Lombardi,5,Operations,Technology,Operations Director,2,Travel_Rarely,2011-06-01,,Active,0,14.58,10 yr+,5,Female,37,Married,Bachelor,1,601.0,Amara Grimaldi,6474,0.5069,3,Q3,-11.3,1,13.0,2025-12-19,3,4,4,2,No,
1198,Hugo,Grimaldi,Hugo Grimaldi,2,Engineering,Technology,QA Engineer,1,Travel_Rarely,2023-02-16,,Active,0,2.87,1-3 yr,2,Male,20,Single,Bachelor,3,612.0,Soren Castellanos,3033,0.5233,3,Q3,-6.3,0,12.0,2025-12-21,3,3,1,2,No,
1201,Idris,Vandenberg,Idris Vandenberg,4,Finance,Corporate Services,Finance Manager,5,Travel_Rarely,2018-02-18,,Active,0,7.87,5-10 yr,4,Female,53,Divorced,College,7,140.0,Camila Osei,18606,0.6436,3,Q3,8.3,1,18.0,2025-12-27,3,3,4,3,No,
1202,Mira,Tanaka,Mira Tanaka,2,Engineering,Technology,Software Engineer,1,Travel_Rarely,2020-03-25,,Active,0,5.77,5-10 yr,4,Female,29,Married,Below College,15,1443.0,Aisha Rossi,2168,0.1306,1,Q1 (lowest paid in role),-33.1,1,18.0,2025-12-21,3,4,2,2,Yes,
1204,Samir,Tanaka,Samir Tanaka,4,Finance,Corporate Services,Finance Manager,4,Travel_Rarely,1999-02-03,,Active,0,26.91,10 yr+,5,Female,46,Married,Bachelor,2,787.0,Divya Novak,17048,0.4158,2,Q2,-0.8,0,23.0,2025-12-26,4,1,3,3,No,
1206,Andre,Steiner,Andre Steiner,2,Engineering,Technology,Software Engineer,1,Non-Travel,2025-09-14,,Active,0,0.3,0-1 yr,1,Male,44,Single,Bachelor,17,999.0,Jonas Mbeki,2290,0.1753,1,Q1 (lowest paid in role),-29.3,0,13.0,2025-12-19,3,3,4,3,No,
1207,Hannah,Mehta,Hannah Mehta,3,HR,Corporate Services,HR Generalist,1,Travel_Rarely,2020-02-14,,Active,0,5.88,5-10 yr,4,Male,33,Married,Bachelor,2,2040.0,Hugo Mbeki,3600,0.5686,3,Q3,-15.0,1,13.0,2025-12-30,3,3,2,3,No,
1211,Claire,Okafor,Claire Okafor,1,Sales,Go-To-Market,Sales Executive,2,Travel_Rarely,2021-07-23,,Active,0,4.44,3-5 yr,3,Male,30,Divorced,Master,29,1391.0,Marcus Andersen,4115,0.0215,1,Q1 (lowest paid in role),-40.6,3,19.0,2025-12-24,3,1,3,3,No,
1212,Fatima,Lindqvist,Fatima Lindqvist,1,Sales,Go-To-Market,Sales Executive,2,Travel_Frequently,2025-06-17,,Active,0,0.54,0-1 yr,1,Male,40,Married,Master,2,2056.0,Grace Krishnan,4327,0.0769,1,Q1 (lowest paid in role),-37.5,3,12.0,2025-12-25,3,2,2,3,No,
1215,Rosa,Nakamura,Rosa Nakamura,4,Finance,Corporate Services,Finance Manager,4,Travel_Frequently,2023-03-12,,Active,0,2.81,1-3 yr,2,Female,50,Married,Bachelor,2,787.0,Divya Novak,17856,0.5446,3,Q3,3.9,1,22.0,2025-12-15,4,1,4,3,No,
1216,Anika,Grimaldi,Anika Grimaldi,2,Engineering,Technology,QA Engineer,1,Travel_Rarely,2019-06-15,,Active,0,6.55,5-10 yr,4,Male,28,Married,Master,19,575.0,Soren Bergman,3196,0.5736,3,Q3,-1.3,3,12.0,2025-12-15,3,1,4,3,No,
1217,Soren,Sharma,Soren Sharma,2,Engineering,Technology,Engineering Director,5,Travel_Rarely,2021-09-16,,Active,0,4.29,3-5 yr,3,Male,46,Married,College,15,1770.0,Lena Ferreira,19081,0.7848,4,Q4 (highest paid in role),19.0,1,11.0,2025-12-15,3,2,4,3,No,
1218,Luis,Bakker,Luis Bakker,1,Sales,Go-To-Market,Sales Executive,2,Travel_Rarely,2018-09-15,,Active,0,7.29,5-10 yr,4,Male,35,Married,Master,17,1070.0,Samir Eriksen,8966,0.7846,4,Q4 (highest paid in role),29.5,3,15.0,2025-12-28,3,1,3,3,Yes,
1220,Claire,Tanaka,Claire Tanaka,1,Sales,Go-To-Market,Sales Executive,2,Travel_Frequently,2015-07-24,,Active,0,10.44,10 yr+,5,Female,33,Married,Bachelor,25,1050.0,Tobias Haddad,4539,0.1169,1,Q1 (lowest paid in role),-34.4,1,12.0,2025-12-26,3,3,2,2,No,
1221,Diego,Aoki,Diego Aoki,2,Engineering,Technology,QA Engineer,1,Travel_Rarely,2018-09-05,,Active,0,7.32,5-10 yr,4,Male,36,Divorced,Master,6,1250.0,Bruno Castellanos,2741,0.4341,2,Q2,-15.3,1,14.0,2025-12-17,3,3,3,3,No,
1224,Daniel,Moreau,Daniel Moreau,2,Engineering,Technology,QA Engineer,2,Travel_Rarely,2015-03-05,,Active,0,10.83,10 yr+,5,Male,30,Divorced,Master,7,1608.0,Oscar Silva,3491,0.6512,3,Q3,7.8,3,13.0,2025-12-16,3,3,3,2,No,
1225,Grace,Jokinen,Grace Jokinen,2,Engineering,Technology,Software Engineer,2,Travel_Rarely,2005-01-19,,Active,0,20.95,10 yr+,5,Male,44,Single,Master,29,1941.0,Andre Delacroix,4541,0.8454,4,Q4 (highest paid in role),40.2,0,25.0,2025-12-12,4,4,4,3,No,
1226,Kwame,Nakamura,Kwame Nakamura,1,Sales,Go-To-Market,Sales Representative,1,Travel_Rarely,2023-12-19,,Active,0,2.03,1-3 yr,2,Male,20,Single,Bachelor,21,302.0,Diego Ramos,2678,0.561,3,Q3,2.0,0,17.0,2025-12-24,3,4,3,3,No,
1228,Ethan,Larsen,Ethan Larsen,5,Operations,Technology,Operations Director,2,Travel_Rarely,2019-06-03,,Active,0,6.58,5-10 yr,4,Male,46,Divorced,Master,2,2034.0,Nadia Larsen,7379,0.5903,3,Q3,1.1,1,11.0,2025-12-14,3,4,4,2,No,
1231,Andre,Halvorsen,Andre Halvorsen,3,HR,Corporate Services,HR Generalist,2,Non-Travel,2021-09-02,,Active,0,4.33,3-5 yr,3,Male,42,Married,Doctor,2,1744.0,Grace Sharma,6272,0.8039,4,Q4 (highest paid in role),48.1,1,16.0,2025-12-28,3,1,4,4,No,
1233,Elena,Pashkov,Elena Pashkov,1,Sales,Go-To-Market,Sales Executive,2,Travel_Rarely,2014-08-01,,Active,0,11.42,10 yr+,5,Male,60,Divorced,Master,7,1167.0,Jonas Silva,5220,0.2831,2,Q2,-24.6,1,18.0,2025-12-11,3,4,2,3,Yes,
1234,Kwame,Vandenberg,Kwame Vandenberg,2,Engineering,Technology,QA Engineer,1,Travel_Frequently,2023-10-05,,Active,0,2.24,1-3 yr,2,Female,32,Married,Bachelor,13,815.0,Chloe Aoki,2743,0.4419,2,Q2,-15.3,1,20.0,2025-12-16,4,2,3,3,No,
1235,Tariq,Simonsen,Tariq Simonsen,2,Engineering,Technology,Software Engineer,2,Travel_Frequently,2017-10-10,,Active,0,8.22,5-10 yr,4,Female,32,Single,College,2,1789.0,Kwame Eriksen,4998,0.9107,4,Q4 (highest paid in role),54.3,0,14.0,2025-12-25,3,3,4,3,Yes,
1237,Zara,Varga,Zara Varga,5,Operations,Technology,Operations Director,3,Travel_Rarely,2018-11-20,,Active,0,7.11,5-10 yr,4,Female,36,Divorced,Bachelor,1,1367.0,Isabel Duarte,10252,0.8333,4,Q4 (highest paid in role),40.5,1,21.0,2025-12-19,4,1,3,3,Yes,
1238,Viktor,Kowalski,Viktor Kowalski,2,Engineering,Technology,Software Engineer,1,Travel_Rarely,2011-06-25,,Active,0,14.52,10 yr+,5,Male,33,Married,Bachelor,9,901.0,Chloe Mbeki,2781,0.4536,2,Q2,-14.2,1,13.0,2025-12-14,3,4,1,3,No,
1239,Hannah,Vandenberg,Hannah Vandenberg,1,Sales,Go-To-Market,Sales Executive,2,Travel_Rarely,2020-12-02,,Active,0,5.08,5-10 yr,4,Female,40,Divorced,Bachelor,10,2056.0,Grace Krishnan,6852,0.6062,3,Q3,-1.0,1,12.0,2025-12-15,3,2,2,4,No,
1240,Nina,Jokinen,Nina Jokinen,1,Sales,Go-To-Market,Sales Executive,2,Travel_Rarely,2021-05-04,,Active,0,4.66,3-5 yr,3,Male,25,Single,Master,10,840.0,Viktor Steiner,4950,0.2277,1,Q1 (lowest paid in role),-28.5,0,14.0,2025-12-25,3,4,3,3,No,
1241,Leila,Bianchi,Leila Bianchi,2,Engineering,Technology,Software Engineer,1,Travel_Rarely,2014-03-27,,Active,0,11.76,10 yr+,5,Male,30,Married,Bachelor,1,1539.0,Camila Dubois,3579,0.7045,3,Q3,10.5,1,21.0,2025-12-25,4,2,4,3,Yes,
1242,Diego,Castellanos,Diego Castellanos,2,Engineering,Technology,Engineering Director,3,Travel_Frequently,2024-01-30,,Active,0,1.92,1-3 yr,2,Female,42,Married,Doctor,26,396.0,Chloe Tanaka,13191,0.1646,1,Q1 (lowest paid in role),-17.7,0,17.0,2025-12-16,3,1,1,3,Yes,
1243,Tariq,Jokinen,Tariq Jokinen,1,Sales,Go-To-Market,Sales Executive,3,Non-Travel,2012-02-06,,Active,0,13.9,10 yr+,5,Female,35,Married,College,8,1863.0,Oscar Kowalski,10377,0.9046,4,Q4 (highest paid in role),49.9,1,11.0,2025-12-15,3,4,3,2,Yes,
1244,Samir,Reyes,Samir Reyes,2,Engineering,Technology,Software Engineer,1,Travel_Rarely,2016-12-17,,Active,0,9.04,5-10 yr,4,Male,27,Married,Bachelor,14,520.0,Idris Lindqvist,2235,0.1546,1,Q1 (lowest paid in role),-31.0,2,14.0,2025-12-27,3,1,1,2,Yes,
1245,Grace,Silva,Grace Silva,5,Operations,Technology,Operations Director,3,Travel_Frequently,2020-03-10,,Active,0,5.81,5-10 yr,4,Female,54,Divorced,Master,1,867.0,Aarav Navarro,10502,0.8611,4,Q4 (highest paid in role),44.0,1,17.0,2025-12-11,3,3,4,1,No,
1246,Mira,Osei,Mira Osei,2,Engineering,Technology,Software Engineer,1,Travel_Rarely,2015-06-16,,Active,0,10.54,10 yr+,5,Female,44,Married,Below College,2,999.0,Jonas Mbeki,2011,0.0412,1,Q1 (lowest paid in role),-37.9,1,13.0,2025-12-16,3,4,1,3,No,
1249,Jonas,Silva,Jonas Silva,2,Engineering,Technology,Software Engineer,1,Travel_Rarely,2022-06-09,,Active,0,3.56,3-5 yr,3,Female,29,Divorced,Bachelor,1,1443.0,Aisha Rossi,3760,0.732,3,Q3,16.1,3,15.0,2025-12-15,3,4,1,3,No,
1250,Bruno,Castellanos,Bruno Castellanos,2,Engineering,Technology,Engineering Director,4,Travel_Rarely,2015-03-06,,Active,0,10.82,10 yr+,5,Male,54,Married,Bachelor,3,162.0,Soren Pashkov,17779,0.6582,3,Q3,10.9,0,14.0,2025-12-11,3,4,4,3,No,
1251,Idris,Moreau,Idris Moreau,6,Customer Support,Go-To-Market,Support Representative,2,Travel_Rarely,2019-12-16,,Active,0,6.04,5-10 yr,4,Male,31,Married,College,11,165.0,Ingrid Aoki,6833,0.5154,3,Q3,-9.2,0,12.0,2025-12-11,3,1,3,2,Yes,
1252,Kwame,Reyes,Kwame Reyes,6,Customer Support,Go-To-Market,Support Representative,2,Travel_Rarely,2015-12-16,,Active,0,10.04,10 yr+,5,Female,31,Single,Bachelor,24,165.0,Ingrid Aoki,6812,0.5077,3,Q3,-9.5,0,19.0,2025-12-31,3,1,3,3,No,
1254,Mei,Krishnan,Mei Krishnan,1,Sales,Go-To-Market,Sales Executive,2,Travel_Rarely,2019-08-20,,Active,0,6.37,5-10 yr,4,Female,59,Single,Bachelor,3,1167.0,Jonas Silva,5171,0.2738,2,Q2,-25.3,0,17.0,2025-12-25,3,4,3,3,No,
1255,Claire,Reyes,Claire Reyes,2,Engineering,Technology,Engineering Director,5,Travel_Rarely,2017-12-18,,Active,0,8.04,5-10 yr,4,Male,43,Married,Bachelor,3,1770.0,Lena Ferreira,19740,0.9873,4,Q4 (highest paid in role),23.1,1,14.0,2025-12-24,3,4,3,3,No,
1256,Soren,Fitzgerald,Soren Fitzgerald,4,Finance,Corporate Services,Finance Manager,5,Travel_Rarely,2024-01-31,,Active,0,1.92,1-3 yr,2,Male,49,Married,College,4,140.0,Camila Osei,18711,0.6535,3,Q3,8.9,1,13.0,2025-12-19,3,3,1,4,No,
1257,Omar,Whitfield,Omar Whitfield,2,Engineering,Technology,Software Engineer,1,Travel_Frequently,2014-07-08,,Active,0,11.48,10 yr+,5,Male,36,Married,Bachelor,3,1250.0,Bruno Castellanos,3692,0.7251,3,Q3,14.0,0,12.0,2025-12-15,3,2,3,2,No,
1258,Freya,Osei,Freya Osei,2,Engineering,Technology,QA Engineer,1,Travel_Rarely,2024-01-25,,Active,0,1.93,1-3 yr,2,Male,48,Single,College,2,58.0,Isabel Hassan,2559,0.345,2,Q2,-20.9,0,11.0,2025-12-27,3,2,4,2,No,
1259,Yuki,Navarro,Yuki Navarro,2,Engineering,Technology,Software Engineer,1,Travel_Rarely,2020-02-14,,Active,0,5.88,5-10 yr,4,Male,27,Divorced,College,4,520.0,Idris Lindqvist,2517,0.3196,2,Q2,-22.3,3,11.0,2025-12-22,3,3,1,3,No,
1260,Andre,Vandenberg,Andre Vandenberg,6,Customer Support,Go-To-Market,Support Representative,2,Travel_Rarely,2019-12-18,,Active,0,6.04,5-10 yr,4,Male,29,Divorced,Bachelor,7,165.0,Ingrid Aoki,6623,0.4385,2,Q2,-12.0,2,11.0,2025-12-12,3,4,3,3,Yes,
1263,Caleb,Eriksen,Caleb Eriksen,2,Engineering,Technology,Engineering Director,5,Travel_Rarely,2024-10-01,,Active,0,1.25,1-3 yr,2,Male,48,Single,Bachelor,1,254.0,Zara Sharma,18265,0.6962,3,Q3,13.9,0,12.0,2025-12-31,3,4,4,4,No,
1264,Luis,Andersen,Luis Andersen,2,Engineering,Technology,Engineering Director,4,Travel_Rarely,2018-06-11,,Active,0,7.56,5-10 yr,4,Female,29,Divorced,Bachelor,1,385.0,Hannah Lindqvist,16124,0.443,2,Q2,0.6,2,14.0,2025-12-11,3,4,4,2,No,
1265,Rahul,Whitfield,Rahul Whitfield,2,Engineering,Technology,Software Engineer,1,Travel_Rarely,2024-06-24,,Active,0,1.52,1-3 yr,2,Female,34,Married,Bachelor,20,386.0,Jonas Whitfield,2585,0.354,2,Q2,-20.2,0,17.0,2025-12-31,3,3,3,2,No,
1267,Samir,Kowalski,Samir Kowalski,4,Finance,Corporate Services,Finance Manager,5,Travel_Rarely,2003-05-18,,Active,0,22.62,10 yr+,5,Male,44,Married,Bachelor,5,140.0,Camila Osei,18213,0.6139,3,Q3,6.0,1,11.0,2025-12-18,3,2,2,3,No,
1268,Marcus,Ibrahim,Marcus Ibrahim,1,Sales,Go-To-Market,Sales Executive,3,Travel_Rarely,2016-03-14,,Active,0,9.8,5-10 yr,4,Male,33,Divorced,Doctor,10,1863.0,Oscar Kowalski,8380,0.7292,3,Q3,21.0,2,14.0,2025-12-16,3,3,4,3,Yes,
1269,Jonas,Mbeki,Jonas Mbeki,2,Engineering,Technology,Software Engineer,1,Travel_Rarely,2024-03-14,,Active,0,1.8,1-3 yr,2,Female,19,Single,Bachelor,25,612.0,Soren Castellanos,2994,0.5601,3,Q3,-7.6,0,12.0,2025-12-19,3,4,2,3,Yes,
1270,Marcus,Fitzgerald,Marcus Fitzgerald,2,Engineering,Technology,Software Engineer,1,Travel_Rarely,2024-09-05,,Active,0,1.32,1-3 yr,2,Male,23,Married,College,1,468.0,Mei Mehta,1223,0.0069,1,Q1 (lowest paid in role),-62.3,1,22.0,2025-12-20,4,3,4,3,No,
1275,Zara,Ramos,Zara Ramos,2,Engineering,Technology,Software Engineer,1,Travel_Rarely,2017-06-18,,Active,0,8.54,5-10 yr,4,Male,26,Single,College,4,843.0,Andre Mehta,2875,0.4948,2,Q2,-11.3,0,20.0,2025-12-18,4,4,3,2,Yes,
1278,Luis,Jokinen,Luis Jokinen,6,Customer Support,Go-To-Market,Support Representative,4,Non-Travel,1992-12-24,,Active,0,33.02,10 yr+,5,Male,55,Divorced,Below College,8,762.0,Felix Okafor,13577,0.9769,4,Q4 (highest paid in role),80.3,1,15.0,2025-12-20,3,2,4,3,Yes,
1280,Ethan,Okafor,Ethan Okafor,4,Finance,Corporate Services,Finance Manager,5,Travel_Rarely,2014-05-29,,Active,0,11.59,10 yr+,5,Female,46,Married,College,4,140.0,Camila Osei,18789,0.6634,3,Q3,9.4,1,14.0,2025-12-14,3,2,4,3,No,
1281,Hannah,Whitfield,Hannah Whitfield,1,Sales,Go-To-Market,Sales Executive,2,Travel_Rarely,2022-10-19,,Active,0,3.2,3-5 yr,3,Female,34,Single,Bachelor,2,862.0,Hugo Grimaldi,4538,0.1138,1,Q1 (lowest paid in role),-34.5,0,12.0,2025-12-23,3,1,3,3,Yes,
1282,Sofia,Dubois,Sofia Dubois,4,Finance,Corporate Services,Finance Manager,5,Travel_Frequently,1996-09-07,,Active,0,29.31,10 yr+,5,Male,51,Divorced,Bachelor,9,140.0,Camila Osei,19847,0.9604,4,Q4 (highest paid in role),15.5,1,24.0,2025-12-22,4,2,4,2,Yes,
1283,Aisha,Aoki,Aisha Aoki,5,Operations,Technology,Operations Director,3,Travel_Rarely,2016-12-01,,Active,0,9.08,5-10 yr,4,Male,59,Single,Master,18,1775.0,Yuki Larsen,10512,0.8681,4,Q4 (highest paid in role),44.1,0,12.0,2025-12-27,3,4,4,2,No,
1285,Bruno,Castellanos,Bruno Castellanos,2,Engineering,Technology,QA Engineer,2,Travel_Frequently,2014-07-26,,Active,0,11.43,10 yr+,5,Female,34,Divorced,Bachelor,19,1069.0,Divya Krishnan,4444,0.8566,4,Q4 (highest paid in role),37.3,2,13.0,2025-12-12,3,2,3,4,No,
1286,Soren,Ortega,Soren Ortega,2,Engineering,Technology,QA Engineer,1,Travel_Frequently,2021-10-13,,Active,0,4.22,3-5 yr,3,Male,28,Single,Master,1,575.0,Soren Bergman,2154,0.1202,1,Q1 (lowest paid in role),-33.5,0,11.0,2025-12-15,3,3,4,2,Yes,
1288,Amara,Pashkov,Amara Pashkov,4,Finance,Corporate Services,Finance Manager,5,Travel_Rarely,2000-01-31,,Active,0,25.92,10 yr+,5,Male,44,Divorced,College,4,140.0,Camila Osei,19190,0.7822,4,Q4 (highest paid in role),11.7,2,14.0,2025-12-11,3,1,3,2,No,
1289,Isabel,Mehta,Isabel Mehta,3,HR,Corporate Services,HR Generalist,2,Travel_Frequently,2015-09-12,,Active,0,10.3,10 yr+,5,Male,34,Married,Bachelor,11,1744.0,Grace Sharma,4490,0.6667,3,Q3,6.0,2,11.0,2025-12-30,3,2,3,4,No,
1291,Hugo,Simonsen,Hugo Simonsen,2,Engineering,Technology,Software Engineer,1,Travel_Rarely,2022-07-06,,Active,0,3.49,3-5 yr,3,Male,35,Married,Below College,6,1422.0,Isabel Vandenberg,3506,0.6873,3,Q3,8.2,0,14.0,2025-12-11,3,3,3,3,Yes,
1292,Fatima,Nowak,Fatima Nowak,2,Engineering,Technology,Software Engineer,2,Travel_Rarely,2024-01-05,,Active,0,1.99,1-3 yr,2,Female,42,Married,Master,7,1263.0,Caleb Eriksen,2372,0.2405,1,Q1 (lowest paid in role),-26.8,0,16.0,2025-12-28,3,2,2,3,Yes,
1293,Ethan,Varga,Ethan Varga,1,Sales,Go-To-Market,Sales Executive,3,Travel_Rarely,2004-03-27,,Active,0,21.76,10 yr+,5,Female,43,Single,Master,4,1716.0,Elena Pashkov,10231,0.8862,4,Q4 (highest paid in role),47.8,0,14.0,2025-12-22,3,4,4,4,No,
1294,Marcus,Whitfield,Marcus Whitfield,5,Operations,Technology,Operations Director,2,Travel_Rarely,2009-09-22,,Active,0,16.27,10 yr+,5,Female,36,Single,Master,2,1026.0,Nadia Mbeki,5410,0.3333,2,Q2,-25.8,0,11.0,2025-12-22,3,2,3,3,Yes,
1296,Nikolai,Krishnan,Nikolai Krishnan,2,Engineering,Technology,QA Engineer,1,Travel_Frequently,2023-10-23,,Active,0,2.19,1-3 yr,2,Male,28,Married,Bachelor,2,575.0,Soren Bergman,3867,0.7481,3,Q3,19.5,1,12.0,2025-12-17,3,4,4,3,Yes,
1297,Mei,Varga,Mei Varga,2,Engineering,Technology,QA Engineer,1,Travel_Frequently,2018-06-24,,Active,0,7.52,5-10 yr,4,Female,51,Single,College,6,58.0,Isabel Hassan,2838,0.4884,2,Q2,-12.3,0,14.0,2025-12-20,3,3,2,2,No,
1298,Nina,Tanaka,Nina Tanaka,5,Operations,Technology,Operations Director,2,Non-Travel,2017-12-07,,Active,0,8.07,5-10 yr,4,Female,30,Single,College,9,1360.0,Tariq Hassan,4695,0.1528,1,Q1 (lowest paid in role),-35.6,0,18.0,2025-12-23,3,3,3,3,Yes,
1301,Hannah,Ramos,Hannah Ramos,2,Engineering,Technology,Software Engineer,1,Travel_Rarely,2022-01-13,,Active,0,3.96,3-5 yr,3,Male,28,Single,Bachelor,1,575.0,Soren Bergman,2080,0.0859,1,Q1 (lowest paid in role),-35.8,0,11.0,2025-12-28,3,1,4,2,No,
1303,Rahul,Kaur,Rahul Kaur,2,Engineering,Technology,Software Engineer,1,Travel_Rarely,2023-07-25,,Active,0,2.44,1-3 yr,2,Female,25,Single,Bachelor,1,1666.0,Soren Marchetti,2096,0.0962,1,Q1 (lowest paid in role),-35.3,0,18.0,2025-12-14,3,2,4,2,No,
1304,Daniel,Ramos,Daniel Ramos,1,Sales,Go-To-Market,Sales Executive,2,Travel_Rarely,2015-08-01,,Active,0,10.42,10 yr+,5,Male,32,Married,Bachelor,8,1968.0,Andre Ortega,6209,0.4923,2,Q2,-10.3,2,15.0,2025-12-31,3,4,3,4,No,
1306,Kwame,Marchetti,Kwame Marchetti,4,Finance,Corporate Services,Finance Manager,5,Travel_Frequently,2025-07-13,,Active,0,0.47,0-1 yr,1,Female,45,Single,Bachelor,25,140.0,Camila Osei,18061,0.5941,3,Q3,5.1,0,22.0,2025-12-16,4,2,2,3,No,
1307,Samir,Lindqvist,Samir Lindqvist,4,Finance,Corporate Services,Finance Manager,4,Travel_Rarely,2006-02-09,,Active,0,19.89,10 yr+,5,Female,39,Divorced,Master,13,1578.0,Tariq Pashkov,17123,0.4455,2,Q2,-0.3,2,13.0,2025-12-20,3,2,3,3,Yes,
1308,Nina,Okafor,Nina Okafor,2,Engineering,Technology,Software Engineer,1,Travel_Rarely,2023-05-19,,Active,0,2.62,1-3 yr,2,Male,58,Divorced,Master,23,1255.0,Claire Reyes,2372,0.2405,1,Q1 (lowest paid in role),-26.8,2,12.0,2025-12-13,3,3,1,3,No,
1311,Ethan,Marchetti,Ethan Marchetti,2,Engineering,Technology,QA Engineer,2,Travel_Rarely,2016-08-10,,Active,0,9.39,5-10 yr,4,Female,30,Married,Bachelor,6,1608.0,Oscar Silva,4627,0.8721,4,Q4 (highest paid in role),42.9,1,12.0,2025-12-18,3,4,1,3,No,
1312,Omar,Nowak,Omar Nowak,6,Customer Support,Go-To-Market,Support Representative,3,Travel_Rarely,2018-07-26,,Active,0,7.43,5-10 yr,4,Female,36,Married,Master,10,431.0,Leila Halvorsen,7094,0.5538,3,Q3,-5.8,0,12.0,2025-12-18,3,3,4,3,No,
1314,Oscar,Kaur,Oscar Kaur,3,HR,Corporate Services,HR Generalist,1,Travel_Rarely,2018-03-16,,Active,0,7.79,5-10 yr,4,Female,46,Single,College,1,1098.0,Jonas Novak,3423,0.5294,3,Q3,-19.2,0,12.0,2025-12-14,3,1,4,4,No,
1315,Samir,Sharma,Samir Sharma,2,Engineering,Technology,QA Engineer,2,Non-Travel,2016-01-30,,Active,0,9.92,5-10 yr,4,Female,28,Married,Bachelor,1,1608.0,Oscar Silva,6674,0.9922,4,Q4 (highest paid in role),106.2,3,11.0,2025-12-14,3,4,3,3,No,
1317,Aarav,Duarte,Aarav Duarte,2,Engineering,Technology,Engineering Director,4,Travel_Rarely,2022-12-10,,Active,0,3.06,3-5 yr,3,Female,50,Married,Bachelor,28,80.0,Mira Silva,16880,0.5443,3,Q3,5.3,0,11.0,2025-12-22,3,1,4,3,Yes,
1321,Mei,Castellanos,Mei Castellanos,4,Finance,Corporate Services,Finance Manager,3,Travel_Rarely,2016-12-10,,Active,0,9.06,5-10 yr,4,Female,30,Married,Master,17,1973.0,Yuki Kaur,11916,0.0594,1,Q1 (lowest paid in role),-30.6,2,23.0,2025-12-13,4,1,2,3,Yes,
1322,Diego,Reyes,Diego Reyes,5,Operations,Technology,Operations Director,2,Travel_Rarely,2017-03-20,,Active,0,8.78,5-10 yr,4,Male,39,Single,College,18,601.0,Amara Grimaldi,4534,0.1389,1,Q1 (lowest paid in role),-37.8,0,11.0,2025-12-28,3,3,1,3,No,
1324,Fatima,Kaur,Fatima Kaur,1,Sales,Go-To-Market,Sales Executive,3,Non-Travel,2015-06-21,,Active,0,10.53,10 yr+,5,Female,31,Divorced,Master,2,1039.0,Soren Novak,9852,0.8585,4,Q4 (highest paid in role),42.3,1,19.0,2025-12-31,3,3,4,2,Yes,
1329,Tariq,Nakamura,Tariq Nakamura,1,Sales,Go-To-Market,Sales Executive,2,Non-Travel,2006-04-19,,Active,0,19.7,10 yr+,5,Male,41,Single,College,10,2056.0,Grace Krishnan,6151,0.48,2,Q2,-11.2,0,13.0,2025-12-17,3,2,3,3,No,
1334,Nina,Andersen,Nina Andersen,4,Finance,Corporate Services,Finance Manager,4,Non-Travel,2005-07-15,,Active,0,20.46,10 yr+,5,Male,42,Married,Below College,2,1336.0,Viktor Bianchi,17861,0.5545,3,Q3,4.0,0,13.0,2025-12-13,3,3,3,2,Yes,
1336,Viktor,Bianchi,Viktor Bianchi,4,Finance,Corporate Services,Finance Manager,5,Travel_Rarely,2006-11-21,,Active,0,19.11,10 yr+,5,Female,55,Married,College,2,549.0,Freya Larsen,19187,0.7624,4,Q4 (highest paid in role),11.7,1,14.0,2025-12-31,3,3,4,3,No,
1338,Samir,Duarte,Samir Duarte,4,Finance,Corporate Services,Finance Manager,5,Travel_Rarely,2018-07-11,,Active,0,7.47,5-10 yr,4,Male,56,Single,Master,8,549.0,Freya Larsen,19717,0.9307,4,Q4 (highest paid in role),14.8,0,14.0,2025-12-16,3,2,4,3,No,
1340,Tariq,Delacroix,Tariq Delacroix,2,Engineering,Technology,Software Engineer,1,Non-Travel,2021-09-07,,Active,0,4.31,3-5 yr,3,Male,40,Divorced,College,16,352.0,Felix Reyes,3544,0.6976,3,Q3,9.4,1,16.0,2025-12-12,3,3,3,3,No,
1344,Chloe,Mehta,Chloe Mehta,6,Customer Support,Go-To-Market,Support Representative,3,Travel_Rarely,2016-08-19,,Active,0,9.37,5-10 yr,4,Male,34,Divorced,Bachelor,9,431.0,Leila Halvorsen,8500,0.6615,3,Q3,12.9,1,11.0,2025-12-30,3,4,4,2,No,
1346,Kwame,Rossi,Kwame Rossi,2,Engineering,Technology,Software Engineer,2,Travel_Rarely,2016-09-17,,Active,0,9.29,5-10 yr,4,Male,40,Single,Bachelor,2,1263.0,Caleb Eriksen,4661,0.8557,4,Q4 (highest paid in role),43.9,0,13.0,2025-12-25,3,4,3,3,No,
1349,Nikolai,Castellanos,Nikolai Castellanos,1,Sales,Go-To-Market,Sales Executive,2,Travel_Frequently,2016-09-08,,Active,0,9.31,5-10 yr,4,Female,41,Divorced,Bachelor,1,2056.0,Grace Krishnan,4103,0.0154,1,Q1 (lowest paid in role),-40.7,1,17.0,2025-12-19,3,1,3,3,No,
1350,Soren,Pashkov,Soren Pashkov,2,Engineering,Technology,Software Engineer,2,Travel_Frequently,2016-08-17,,Active,0,9.37,5-10 yr,4,Male,35,Single,Master,4,1069.0,Divya Krishnan,4249,0.7904,4,Q4 (highest paid in role),31.1,0,11.0,2025-12-18,3,3,3,3,Yes,
1352,Mira,Kowalski,Mira Kowalski,4,Finance,Corporate Services,Finance Manager,4,Travel_Rarely,1992-12-13,,Active,0,33.05,10 yr+,5,Male,51,Divorced,Bachelor,5,787.0,Divya Novak,14026,0.1188,1,Q1 (lowest paid in role),-18.4,1,11.0,2025-12-29,3,2,3,3,Yes,
1355,Jonas,Haddad,Jonas Haddad,1,Sales,Go-To-Market,Sales Executive,2,Travel_Rarely,2018-06-10,,Active,0,7.56,5-10 yr,4,Female,38,Divorced,College,2,573.0,Soren Fitzgerald,6893,0.6123,3,Q3,-0.5,1,15.0,2025-12-20,3,1,2,3,No,
1356,Amara,Marchetti,Amara Marchetti,1,Sales,Go-To-Market,Sales Executive,2,Travel_Rarely,2015-08-05,,Active,0,10.41,10 yr+,5,Female,34,Single,College,15,862.0,Hugo Grimaldi,6125,0.4708,2,Q2,-11.5,0,12.0,2025-12-12,3,1,3,4,No,
1358,Camila,Castellanos,Camila Castellanos,2,Engineering,Technology,QA Engineer,1,Travel_Rarely,2022-12-28,,Active,0,3.01,3-5 yr,3,Male,25,Married,Below College,19,1666.0,Soren Marchetti,3669,0.6783,3,Q3,13.3,3,11.0,2025-12-29,3,4,4,2,No,
1361,Yuki,Grimaldi,Yuki Grimaldi,2,Engineering,Technology,QA Engineer,1,Travel_Rarely,2021-12-02,,Active,0,4.08,3-5 yr,3,Male,40,Married,Master,1,1128.0,Kwame Mehta,2387,0.2597,2,Q2,-26.3,1,22.0,2025-12-17,4,2,2,3,No,
1362,Aisha,Tanaka,Aisha Tanaka,1,Sales,Go-To-Market,Sales Executive,2,Travel_Frequently,2010-06-30,,Active,0,15.5,10 yr+,5,Female,36,Married,Bachelor,7,81.0,Sofia Cardoso,4639,0.1477,1,Q1 (lowest paid in role),-33.0,1,16.0,2025-12-30,3,1,1,2,No,
1363,Samir,Pashkov,Samir Pashkov,5,Operations,Technology,Operations Director,3,Travel_Rarely,2015-10-21,,Active,0,10.2,10 yr+,5,Male,48,Single,Bachelor,4,867.0,Aarav Navarro,7898,0.6528,3,Q3,8.3,0,11.0,2025-12-27,3,4,4,3,No,
1364,Caleb,Dubois,Caleb Dubois,1,Sales,Go-To-Market,Sales Representative,1,Travel_Rarely,2024-11-06,,Active,0,1.15,1-3 yr,2,Female,27,Married,Bachelor,11,1732.0,Claire Mehta,2534,0.4756,2,Q2,-3.5,1,14.0,2025-12-23,3,4,3,3,No,
1367,Isabel,Duarte,Isabel Duarte,5,Operations,Technology,Operations Director,4,Travel_Rarely,2020-10-02,,Active,0,5.25,5-10 yr,4,Female,51,Single,College,11,1373.0,Marcus Hassan,13142,0.9514,4,Q4 (highest paid in role),80.1,0,16.0,2025-12-15,3,2,4,2,No,
1368,Nina,Novak,Nina Novak,2,Engineering,Technology,QA Engineer,1,Non-Travel,2025-10-12,,Active,0,0.22,0-1 yr,1,Female,18,Single,Bachelor,1,612.0,Soren Castellanos,1611,0.031,1,Q1 (lowest paid in role),-50.2,0,15.0,2025-12-31,3,4,4,4,No,
1369,Mei,Fitzgerald,Mei Fitzgerald,2,Engineering,Technology,QA Engineer,2,Travel_Rarely,2016-02-27,,Active,0,9.84,5-10 yr,4,Female,35,Married,Bachelor,1,1069.0,Divya Krishnan,5363,0.938,4,Q4 (highest paid in role),65.7,1,12.0,2025-12-19,3,4,4,3,No,
1371,Idris,Pashkov,Idris Pashkov,1,Sales,Go-To-Market,Sales Executive,2,Travel_Frequently,2019-03-31,,Active,0,6.75,5-10 yr,4,Male,27,Single,Below College,2,2055.0,Oscar Bakker,5071,0.2523,2,Q2,-26.8,0,20.0,2025-12-30,4,4,4,3,No,
1373,Marcus,Hassan,Marcus Hassan,5,Operations,Technology,Operations Director,4,Travel_Rarely,2006-02-26,,Active,0,19.84,10 yr+,5,Male,56,Married,Bachelor,23,1032.0,Idris Mehta,13402,0.9722,4,Q4 (highest paid in role),83.7,1,12.0,2025-12-18,3,2,4,3,Yes,
1374,Bruno,Bianchi,Bruno Bianchi,2,Engineering,Technology,Software Engineer,1,Non-Travel,2020-06-23,,Active,0,5.52,5-10 yr,4,Female,34,Divorced,Below College,26,386.0,Jonas Whitfield,2029,0.0515,1,Q1 (lowest paid in role),-37.4,3,20.0,2025-12-16,4,3,1,3,No,
1375,Lena,Moreau,Lena Moreau,6,Customer Support,Go-To-Market,Support Representative,2,Travel_Rarely,2013-06-24,,Active,0,12.52,10 yr+,5,Female,40,Divorced,Below College,2,119.0,Fatima Novak,6377,0.3769,2,Q2,-15.3,3,20.0,2025-12-20,4,3,2,3,No,
1377,Freya,Vandenberg,Freya Vandenberg,2,Engineering,Technology,QA Engineer,2,Travel_Rarely,2017-10-09,,Active,0,8.23,5-10 yr,4,Male,34,Married,Bachelor,29,1069.0,Divya Krishnan,5429,0.9496,4,Q4 (highest paid in role),67.7,2,13.0,2025-12-27,3,3,2,3,No,
1382,Viktor,Larsen,Viktor Larsen,2,Engineering,Technology,Software Engineer,1,Travel_Frequently,2021-05-31,,Active,0,4.59,3-5 yr,3,Male,38,Divorced,Bachelor,7,1128.0,Kwame Mehta,2610,0.3608,2,Q2,-19.4,3,11.0,2025-12-22,3,3,4,3,No,
1383,Elena,Petrov,Elena Petrov,6,Customer Support,Go-To-Market,Support Representative,2,Travel_Rarely,2011-07-06,,Active,0,14.49,10 yr+,5,Female,34,Single,Master,2,1697.0,Aarav Haddad,6687,0.4692,2,Q2,-11.2,0,11.0,2025-12-23,3,4,3,4,No,
1387,Viktor,Mbeki,Viktor Mbeki,1,Sales,Go-To-Market,Sales Executive,2,Travel_Rarely,2020-06-03,,Active,0,5.58,5-10 yr,4,Male,28,Married,Bachelor,26,174.0,Grace Dubois,4724,0.1785,1,Q1 (lowest paid in role),-31.8,1,11.0,2025-12-14,3,1,3,3,No,
1390,Soren,Bianchi,Soren Bianchi,1,Sales,Go-To-Market,Sales Executive,2,Travel_Rarely,2020-03-31,,Active,0,5.75,5-10 yr,4,Male,39,Married,Master,21,2056.0,Grace Krishnan,6120,0.4677,2,Q2,-11.6,2,12.0,2025-12-14,3,4,1,4,Yes,
1391,Marcus,Andersen,Marcus Andersen,1,Sales,Go-To-Market,Sales Executive,3,Travel_Frequently,2021-12-31,,Active,0,4.0,3-5 yr,3,Male,51,Married,Bachelor,2,897.0,Diego Rossi,10596,0.9262,4,Q4 (highest paid in role),53.0,0,11.0,2025-12-23,3,2,2,3,No,
1392,Daniel,Nakamura,Daniel Nakamura,2,Engineering,Technology,Software Engineer,2,Travel_Frequently,2019-03-02,,Active,0,6.83,5-10 yr,4,Female,41,Divorced,Bachelor,22,1263.0,Caleb Eriksen,5467,0.945,4,Q4 (highest paid in role),68.7,2,14.0,2025-12-29,3,4,4,2,Yes,
1394,Samir,Bakker,Samir Bakker,2,Engineering,Technology,Software Engineer,1,Travel_Rarely,2019-08-04,,Active,0,6.41,5-10 yr,4,Male,37,Married,Below College,4,1424.0,Rahul Novak,2996,0.5636,3,Q3,-7.5,0,15.0,2025-12-15,3,3,3,3,Yes,
1395,Tariq,Bergman,Tariq Bergman,1,Sales,Go-To-Market,Sales Executive,2,Travel_Frequently,2020-10-25,,Active,0,5.18,5-10 yr,4,Male,33,Married,Below College,5,1050.0,Tobias Haddad,9998,0.88,4,Q4 (highest paid in role),44.4,0,13.0,2025-12-22,3,4,2,4,No,
1396,Chloe,Simonsen,Chloe Simonsen,1,Sales,Go-To-Market,Sales Executive,2,Travel_Rarely,2022-10-05,,Active,0,3.24,3-5 yr,3,Male,32,Married,Below College,2,1968.0,Andre Ortega,4078,0.0123,1,Q1 (lowest paid in role),-41.1,3,13.0,2025-12-11,3,2,3,2,Yes,
1397,Claire,Delacroix,Claire Delacroix,6,Customer Support,Go-To-Market,Support Representative,3,Non-Travel,2019-11-18,,Active,0,6.12,5-10 yr,4,Male,39,Married,College,25,431.0,Leila Halvorsen,10920,0.9077,4,Q4 (highest paid in role),45.0,1,21.0,2025-12-13,4,3,3,3,No,
1399,Aarav,Larsen,Aarav Larsen,1,Sales,Go-To-Market,Sales Executive,2,Travel_Rarely,2022-03-29,,Active,0,3.76,3-5 yr,3,Male,25,Married,Below College,18,840.0,Viktor Steiner,6232,0.5015,2,Q2,-10.0,0,11.0,2025-12-16,3,3,1,2,No,
1401,Rosa,Marchetti,Rosa Marchetti,5,Operations,Technology,Operations Director,4,Travel_Frequently,2020-12-13,,Active,0,5.05,5-10 yr,4,Female,52,Married,College,28,1373.0,Marcus Hassan,13247,0.9653,4,Q4 (highest paid in role),81.6,1,11.0,2025-12-16,3,3,4,2,Yes,
1402,Nadia,Silva,Nadia Silva,2,Engineering,Technology,Software Engineer,2,Travel_Rarely,2005-04-12,,Active,0,20.72,10 yr+,5,Female,43,Single,Bachelor,6,1941.0,Andre Delacroix,4081,0.7766,4,Q4 (highest paid in role),26.0,0,14.0,2025-12-13,3,3,1,1,Yes,
1403,Priya,Fitzgerald,Priya Fitzgerald,1,Sales,Go-To-Market,Sales Executive,2,Travel_Rarely,2019-07-10,,Active,0,6.48,5-10 yr,4,Female,27,Married,Bachelor,10,2055.0,Oscar Bakker,5769,0.4369,2,Q2,-16.7,0,11.0,2025-12-12,3,4,4,3,Yes,
1407,Claire,Duarte,Claire Duarte,2,Engineering,Technology,Software Engineer,1,Travel_Rarely,2021-07-05,,Active,0,4.49,3-5 yr,3,Male,26,Single,Below College,2,843.0,Andre Mehta,3904,0.7526,4,Q4 (highest paid in role),20.5,0,12.0,2025-12-22,3,4,1,3,No,
1408,Felix,Nakamura,Felix Nakamura,4,Finance,Corporate Services,Finance Manager,4,Travel_Rarely,2005-08-22,,Active,0,20.36,10 yr+,5,Female,42,Married,Bachelor,10,1336.0,Viktor Bianchi,16799,0.3366,2,Q2,-2.2,1,14.0,2025-12-30,3,1,3,3,No,
1409,Nadia,Haddad,Nadia Haddad,2,Engineering,Technology,QA Engineer,1,Travel_Rarely,2020-04-20,,Active,0,5.7,5-10 yr,4,Female,52,Married,Master,8,58.0,Isabel Hassan,2950,0.5116,3,Q3,-8.9,0,13.0,2025-12-24,3,1,3,1,No,
1411,Amara,Kaur,Amara Kaur,2,Engineering,Technology,QA Engineer,1,Travel_Rarely,2022-03-06,,Active,0,3.82,3-5 yr,3,Female,37,Single,Bachelor,11,1424.0,Rahul Novak,3629,0.6667,3,Q3,12.1,0,18.0,2025-12-27,3,3,1,3,No,
1412,Fatima,Okafor,Fatima Okafor,5,Operations,Technology,Operations Director,3,Travel_Frequently,2023-02-14,,Active,0,2.88,1-3 yr,2,Male,35,Single,College,18,1367.0,Isabel Duarte,9362,0.7292,3,Q3,28.3,0,11.0,2025-12-25,3,4,3,3,No,
1415,Sofia,Rossi,Sofia Rossi,2,Engineering,Technology,QA Engineer,1,Travel_Rarely,2022-12-18,,Active,0,3.04,3-5 yr,3,Male,25,Married,Bachelor,1,1666.0,Soren Marchetti,3229,0.593,3,Q3,-0.3,1,11.0,2025-12-21,3,4,1,2,No,
1417,Daniel,Moreau,Daniel Moreau,2,Engineering,Technology,QA Engineer,1,Travel_Rarely,2018-11-29,,Active,0,7.09,5-10 yr,4,Male,26,Single,Bachelor,7,843.0,Andre Mehta,3578,0.6589,3,Q3,10.5,0,12.0,2025-12-27,3,1,3,3,No,
1419,Hugo,Bergman,Hugo Bergman,3,HR,Corporate Services,HR Generalist,3,Travel_Rarely,2015-09-03,,Active,0,10.33,10 yr+,5,Male,29,Single,Bachelor,17,1744.0,Grace Sharma,7988,0.902,4,Q4 (highest paid in role),88.6,0,13.0,2025-12-25,3,1,2,2,No,
1422,Isabel,Vandenberg,Isabel Vandenberg,2,Engineering,Technology,Engineering Director,4,Travel_Rarely,2005-06-25,,Active,0,20.52,10 yr+,5,Female,54,Single,Bachelor,1,162.0,Soren Pashkov,17328,0.5949,3,Q3,8.1,0,19.0,2025-12-19,3,4,4,2,No,
1423,Anika,Andersen,Anika Andersen,2,Engineering,Technology,Engineering Director,5,Travel_Rarely,2016-07-07,,Active,0,9.48,5-10 yr,4,Female,58,Married,Bachelor,1,825.0,Sofia Sharma,19701,0.9747,4,Q4 (highest paid in role),22.9,1,21.0,2025-12-21,4,1,4,3,Yes,
1424,Rahul,Novak,Rahul Novak,2,Engineering,Technology,Engineering Director,4,Travel_Rarely,2018-05-29,,Active,0,7.59,5-10 yr,4,Male,55,Divorced,Master,1,522.0,Anika Bianchi,14732,0.3924,2,Q2,-8.1,2,13.0,2025-12-22,3,4,2,4,No,
1425,Isabel,Duarte,Isabel Duarte,1,Sales,Go-To-Market,Sales Executive,2,Travel_Rarely,2020-09-03,,Active,0,5.33,5-10 yr,4,Female,36,Single,Master,3,81.0,Sofia Cardoso,9278,0.8123,4,Q4 (highest paid in role),34.0,0,16.0,2025-12-15,3,2,1,3,Yes,
1428,Ingrid,Vandenberg,Ingrid Vandenberg,1,Sales,Go-To-Market,Sales Executive,2,Travel_Rarely,2022-05-07,,Active,0,3.65,3-5 yr,3,Female,30,Divorced,Master,7,1391.0,Marcus Andersen,4779,0.1938,1,Q1 (lowest paid in role),-31.0,2,14.0,2025-12-23,3,1,4,3,No,
1430,Idris,Novak,Idris Novak,2,Engineering,Technology,Engineering Director,4,Travel_Rarely,2022-08-16,,Active,0,3.38,3-5 yr,3,Female,31,Single,Doctor,8,385.0,Hannah Lindqvist,16422,0.4937,2,Q2,2.4,0,11.0,2025-12-28,3,2,1,4,No,
1431,Ethan,Mbeki,Ethan Mbeki,2,Engineering,Technology,Software Engineer,1,Travel_Frequently,2021-04-27,,Active,0,4.68,3-5 yr,3,Male,34,Divorced,Master,1,386.0,Jonas Whitfield,2996,0.5636,3,Q3,-7.5,2,14.0,2025-12-26,3,1,4,3,No,
1434,Mira,Pashkov,Mira Pashkov,2,Engineering,Technology,QA Engineer,1,Travel_Rarely,2020-08-09,,Active,0,5.39,5-10 yr,4,Male,27,Married,Below College,11,520.0,Idris Lindqvist,2099,0.1008,1,Q1 (lowest paid in role),-35.2,0,14.0,2025-12-20,3,1,2,4,No,
1435,Nadia,Ferreira,Nadia Ferreira,2,Engineering,Technology,QA Engineer,2,Travel_Rarely,2015-02-12,,Active,0,10.88,10 yr+,5,Male,36,Single,Master,4,447.0,Tobias Moreau,5810,0.969,4,Q4 (highest paid in role),79.5,0,16.0,2025-12-14,3,4,1,2,No,
1436,Anika,Jokinen,Anika Jokinen,1,Sales,Go-To-Market,Sales Executive,2,Travel_Rarely,2022-11-25,,Active,0,3.1,3-5 yr,3,Female,36,Married,Master,16,81.0,Sofia Cardoso,5647,0.4062,2,Q2,-18.4,2,13.0,2025-12-19,3,1,3,2,No,
1438,Caleb,Bianchi,Caleb Bianchi,2,Engineering,Technology,Software Engineer,1,Travel_Rarely,2019-01-27,,Active,0,6.93,5-10 yr,4,Male,47,Married,Bachelor,1,58.0,Isabel Hassan,3420,0.6564,3,Q3,5.6,1,12.0,2025-12-12,3,4,1,2,No,
1440,Nina,Cardoso,Nina Cardoso,2,Engineering,Technology,QA Engineer,1,Non-Travel,2019-01-22,,Active,0,6.94,5-10 yr,4,Male,37,Single,College,5,1424.0,Rahul Novak,3500,0.655,3,Q3,8.1,0,14.0,2025-12-14,3,3,3,1,No,
1441,Mei,Aoki,Mei Aoki,2,Engineering,Technology,Software Engineer,1,Travel_Rarely,2022-09-27,,Active,0,3.26,3-5 yr,3,Female,56,Married,College,1,1255.0,Claire Reyes,2066,0.0722,1,Q1 (lowest paid in role),-36.2,1,22.0,2025-12-18,4,1,1,4,No,
1443,Aisha,Rossi,Aisha Rossi,2,Engineering,Technology,Engineering Director,4,Travel_Rarely,2005-08-12,,Active,0,20.39,10 yr+,5,Female,47,Married,Master,2,80.0,Mira Silva,17169,0.5823,3,Q3,7.1,2,19.0,2025-12-25,3,3,1,4,No,
1445,Fatima,Haddad,Fatima Haddad,1,Sales,Go-To-Market,Sales Executive,2,Travel_Rarely,2020-02-24,,Active,0,5.85,5-10 yr,4,Female,24,Married,Below College,4,118.0,Anika Bergman,4162,0.0308,1,Q1 (lowest paid in role),-39.9,2,12.0,2025-12-19,3,3,4,3,Yes,
1446,Peter,Simonsen,Peter Simonsen,1,Sales,Go-To-Market,Sales Executive,2,Travel_Rarely,2021-07-28,,Active,0,4.43,3-5 yr,3,Male,32,Married,Doctor,7,1968.0,Andre Ortega,9204,0.8,4,Q4 (highest paid in role),32.9,1,12.0,2025-12-12,3,4,4,2,No,
1447,Aisha,Lombardi,Aisha Lombardi,2,Engineering,Technology,QA Engineer,1,Travel_Rarely,2020-01-12,,Active,0,5.97,5-10 yr,4,Female,34,Married,Bachelor,1,386.0,Jonas Whitfield,3294,0.5969,3,Q3,1.8,1,17.0,2025-12-26,3,2,4,2,No,
1448,Mira,Moreau,Mira Moreau,2,Engineering,Technology,Software Engineer,1,Travel_Rarely,2021-05-05,,Active,0,4.66,3-5 yr,3,Male,41,Married,Doctor,5,352.0,Felix Reyes,2127,0.11,1,Q1 (lowest paid in role),-34.4,0,12.0,2025-12-16,3,3,2,2,Yes,
1449,Nadia,Nowak,Nadia Nowak,2,Engineering,Technology,QA Engineer,2,Non-Travel,2017-05-30,,Active,0,8.59,5-10 yr,4,Male,40,Divorced,Master,9,1263.0,Caleb Eriksen,3975,0.7713,4,Q4 (highest paid in role),22.8,2,11.0,2025-12-15,3,3,3,4,No,
1453,Aarav,Silva,Aarav Silva,1,Sales,Go-To-Market,Sales Executive,3,Travel_Rarely,2012-06-19,,Active,0,13.53,10 yr+,5,Male,31,Divorced,College,8,1039.0,Soren Novak,10793,0.9415,4,Q4 (highest paid in role),55.9,1,18.0,2025-12-19,3,4,1,3,No,
1460,Hannah,Rossi,Hannah Rossi,6,Customer Support,Go-To-Market,Support Representative,3,Travel_Rarely,2018-11-03,,Active,0,7.16,5-10 yr,4,Male,45,Divorced,Bachelor,20,1606.0,Aarav Eriksen,10851,0.8923,4,Q4 (highest paid in role),44.1,1,18.0,2025-12-12,3,1,2,3,Yes,
1461,Zara,Moreau,Zara Moreau,3,HR,Corporate Services,HR Generalist,1,Travel_Rarely,2022-03-06,,Active,0,3.82,3-5 yr,3,Female,31,Single,College,8,2040.0,Hugo Mbeki,2109,0.0588,1,Q1 (lowest paid in role),-50.2,0,18.0,2025-12-13,3,2,4,3,No,
1465,Luis,Navarro,Luis Navarro,5,Operations,Technology,Operations Director,3,Travel_Rarely,2022-09-10,,Active,0,3.31,3-5 yr,3,Male,45,Married,Bachelor,29,867.0,Aarav Navarro,9380,0.7361,3,Q3,28.6,2,18.0,2025-12-26,3,4,2,4,Yes,
1466,Aarav,Jokinen,Aarav Jokinen,1,Sales,Go-To-Market,Sales Executive,2,Travel_Rarely,2023-03-04,,Active,0,2.83,1-3 yr,2,Male,48,Divorced,Bachelor,7,986.0,Marcus Silva,5486,0.3785,2,Q2,-20.8,3,11.0,2025-12-20,3,1,3,3,No,
1468,Kwame,Hassan,Kwame Hassan,2,Engineering,Technology,Engineering Director,3,Non-Travel,2016-08-29,,Active,0,9.34,5-10 yr,4,Male,40,Divorced,Below College,8,396.0,Chloe Tanaka,13757,0.3418,2,Q2,-14.2,1,11.0,2025-12-28,3,2,4,3,No,
1469,Felix,Bakker,Felix Bakker,1,Sales,Go-To-Market,Sales Executive,2,Travel_Rarely,2020-12-17,,Active,0,5.04,5-10 yr,4,Male,28,Single,Bachelor,5,174.0,Grace Dubois,8463,0.7477,3,Q3,22.2,0,18.0,2025-12-25,3,1,4,3,No,
1471,Isabel,Quintero,Isabel Quintero,2,Engineering,Technology,QA Engineer,1,Non-Travel,2020-06-14,,Active,0,5.55,5-10 yr,4,Male,44,Single,Bachelor,5,999.0,Jonas Mbeki,3162,0.5581,3,Q3,-2.3,0,14.0,2025-12-22,3,3,3,3,No,
1472,Divya,Lindqvist,Divya Lindqvist,2,Engineering,Technology,Engineering Director,4,Travel_Rarely,2016-02-16,,Active,0,9.87,5-10 yr,4,Male,53,Single,Bachelor,2,162.0,Soren Pashkov,16598,0.5063,3,Q3,3.5,0,12.0,2025-12-27,3,2,4,2,No,
1473,Ingrid,Mbeki,Ingrid Mbeki,6,Customer Support,Go-To-Market,Support Representative,2,Travel_Rarely,2022-12-22,,Active,0,3.03,3-5 yr,3,Male,49,Married,Master,5,1661.0,Daniel Krishnan,6651,0.4462,2,Q2,-11.7,1,14.0,2025-12-30,3,3,1,2,No,
1474,Chloe,Sharma,Chloe Sharma,2,Engineering,Technology,Software Engineer,1,Travel_Rarely,2022-02-07,,Active,0,3.9,3-5 yr,3,Male,40,Divorced,Bachelor,2,1128.0,Kwame Mehta,2345,0.2199,1,Q1 (lowest paid in role),-27.6,1,14.0,2025-12-14,3,3,3,4,No,
1475,Oscar,Mehta,Oscar Mehta,2,Engineering,Technology,Software Engineer,1,Travel_Rarely,2020-03-06,,Active,0,5.82,5-10 yr,4,Male,44,Single,Bachelor,20,999.0,Jonas Mbeki,3420,0.6564,3,Q3,5.6,0,13.0,2025-12-27,3,2,4,2,No,
1477,Amara,Lombardi,Amara Lombardi,1,Sales,Go-To-Market,Sales Executive,2,Travel_Frequently,2021-12-19,,Active,0,4.03,3-5 yr,3,Male,33,Married,Bachelor,7,1050.0,Tobias Haddad,4373,0.0831,1,Q1 (lowest paid in role),-36.8,2,14.0,2025-12-27,3,1,4,3,No,
1478,Aisha,Osei,Aisha Osei,1,Sales,Go-To-Market,Sales Executive,2,Travel_Rarely,2012-09-21,,Active,0,13.28,10 yr+,5,Male,34,Single,Bachelor,3,862.0,Hugo Grimaldi,4759,0.1877,1,Q1 (lowest paid in role),-31.3,0,18.0,2025-12-30,3,1,4,3,No,
1479,Yuki,Krishnan,Yuki Krishnan,1,Sales,Go-To-Market,Sales Executive,2,Travel_Rarely,2023-03-26,,Active,0,2.77,1-3 yr,2,Male,30,Married,Below College,16,1391.0,Marcus Andersen,5301,0.3015,2,Q2,-23.4,2,15.0,2025-12-11,3,3,4,2,No,
1480,Jonas,Jokinen,Jonas Jokinen,2,Engineering,Technology,QA Engineer,1,Travel_Frequently,2013-05-19,,Active,0,12.62,10 yr+,5,Female,42,Single,College,9,1035.0,Lena Osei,3673,0.6822,3,Q3,13.5,0,13.0,2025-12-13,3,4,1,3,No,
1481,Isabel,Kaur,Isabel Kaur,1,Sales,Go-To-Market,Sales Executive,2,Travel_Frequently,2024-04-09,,Active,0,1.73,1-3 yr,2,Female,44,Married,Doctor,1,1975.0,Grace Kaur,4768,0.1908,1,Q1 (lowest paid in role),-31.1,1,12.0,2025-12-31,3,3,1,2,No,
1482,Nadia,Eriksen,Nadia Eriksen,2,Engineering,Technology,Software Engineer,1,Non-Travel,2024-11-15,,Active,0,1.13,1-3 yr,2,Male,30,Divorced,Bachelor,7,1539.0,Camila Dubois,1274,0.0172,1,Q1 (lowest paid in role),-60.7,2,13.0,2025-12-13,3,3,3,2,No,
1483,Diego,Fitzgerald,Diego Fitzgerald,2,Engineering,Technology,Software Engineer,2,Travel_Rarely,2013-02-11,,Active,0,12.88,10 yr+,5,Male,57,Married,College,1,638.0,Kwame Cardoso,4900,0.8935,4,Q4 (highest paid in role),51.2,1,24.0,2025-12-11,4,3,2,2,No,
1484,Felix,Ibrahim,Felix Ibrahim,6,Customer Support,Go-To-Market,Support Representative,3,Travel_Rarely,2017-01-02,,Active,0,8.99,5-10 yr,4,Male,49,Divorced,Master,7,1606.0,Aarav Eriksen,10466,0.8462,4,Q4 (highest paid in role),39.0,2,14.0,2025-12-29,3,2,3,3,No,
1485,Ethan,Quintero,Ethan Quintero,2,Engineering,Technology,Engineering Director,4,Travel_Frequently,2011-01-06,,Active,0,14.98,10 yr+,5,Male,34,Divorced,Bachelor,15,141.0,Aarav Jokinen,17007,0.557,3,Q3,6.1,2,14.0,2025-12-22,3,1,2,2,No,
1492,Elena,Reyes,Elena Reyes,1,Sales,Go-To-Market,Sales Representative,1,Travel_Rarely,2024-06-30,,Active,0,1.5,1-3 yr,2,Male,35,Married,Below College,7,244.0,Divya Navarro,2404,0.4268,2,Q2,-8.5,1,13.0,2025-12-18,3,3,4,3,No,
1495,Samir,Hassan,Samir Hassan,1,Sales,Go-To-Market,Sales Representative,1,Non-Travel,2024-09-03,,Active,0,1.33,1-3 yr,2,Female,24,Married,College,13,1869.0,Aisha Silva,2033,0.1341,1,Q1 (lowest paid in role),-22.6,1,13.0,2025-12-16,3,2,4,3,No,
1496,Chloe,Fitzgerald,Chloe Fitzgerald,5,Operations,Technology,Operations Director,3,Travel_Frequently,2023-10-12,,Active,0,2.22,1-3 yr,2,Male,44,Single,Below College,2,1401.0,Rosa Marchetti,10209,0.8194,4,Q4 (highest paid in role),39.9,0,18.0,2025-12-25,3,3,2,2,Yes,
1497,Fatima,Ferreira,Fatima Ferreira,1,Sales,Go-To-Market,Sales Executive,2,Travel_Rarely,2015-05-04,,Active,0,10.66,10 yr+,5,Male,29,Divorced,Bachelor,19,174.0,Grace Dubois,8620,0.7538,4,Q4 (highest paid in role),24.5,2,14.0,2025-12-27,3,3,3,3,No,
1499,Rahul,Bakker,Rahul Bakker,3,HR,Corporate Services,HR Generalist,1,Travel_Rarely,2020-09-16,,Active,0,5.29,5-10 yr,4,Male,30,Divorced,Bachelor,1,2040.0,Hugo Mbeki,2064,0.0196,1,Q1 (lowest paid in role),-51.3,1,21.0,2025-12-17,4,3,3,4,No,
1501,Samir,Delacroix,Samir Delacroix,6,Customer Support,Go-To-Market,Support Representative,2,Travel_Rarely,2022-10-24,,Active,0,3.19,3-5 yr,3,Male,55,Married,Master,4,431.0,Leila Halvorsen,4035,0.0154,1,Q1 (lowest paid in role),-46.4,0,16.0,2025-12-19,3,3,4,3,Yes,
1502,Amara,Steiner,Amara Steiner,2,Engineering,Technology,QA Engineer,1,Travel_Rarely,2020-10-15,,Active,0,5.21,5-10 yr,4,Female,33,Married,Master,4,901.0,Chloe Mbeki,3838,0.7442,3,Q3,18.6,0,11.0,2025-12-31,3,2,1,3,No,
1503,Samir,Bakker,Samir Bakker,1,Sales,Go-To-Market,Sales Executive,2,Travel_Rarely,2020-04-08,,Active,0,5.73,5-10 yr,4,Female,47,Married,Bachelor,14,1975.0,Grace Kaur,4591,0.1354,1,Q1 (lowest paid in role),-33.7,1,17.0,2025-12-20,3,3,3,2,Yes,
1506,Mei,Dubois,Mei Dubois,2,Engineering,Technology,Software Engineer,1,Travel_Rarely,2024-06-24,,Active,0,1.52,1-3 yr,2,Male,28,Divorced,Bachelor,1,1719.0,Amara Sharma,1563,0.0241,1,Q1 (lowest paid in role),-51.8,1,14.0,2025-12-29,3,3,1,1,No,
1507,Andre,Sharma,Andre Sharma,1,Sales,Go-To-Market,Sales Executive,2,Travel_Frequently,2021-04-19,,Active,0,4.7,3-5 yr,3,Male,28,Single,Bachelor,7,174.0,Grace Dubois,4898,0.2123,1,Q1 (lowest paid in role),-29.3,0,14.0,2025-12-31,3,1,3,3,No,
1509,Isabel,Castellanos,Isabel Castellanos,2,Engineering,Technology,QA Engineer,2,Travel_Rarely,2022-09-04,,Active,0,3.32,3-5 yr,3,Female,49,Married,College,3,1941.0,Andre Delacroix,4789,0.8876,4,Q4 (highest paid in role),47.9,1,25.0,2025-12-11,4,1,3,3,No,
1513,Sanne,Cardoso,Sanne Cardoso,2,Engineering,Technology,QA Engineer,1,Travel_Frequently,2022-07-15,,Active,0,3.46,3-5 yr,3,Female,29,Married,Below College,2,1443.0,Aisha Rossi,3180,0.5698,3,Q3,-1.8,3,13.0,2025-12-24,3,2,4,3,No,
1514,Viktor,Rossi,Viktor Rossi,5,Operations,Technology,Operations Director,2,Travel_Rarely,2017-12-07,,Active,0,8.07,5-10 yr,4,Male,28,Married,Below College,29,1360.0,Tariq Hassan,6549,0.5278,3,Q3,-10.2,2,14.0,2025-12-11,3,2,3,2,No,
1515,Leila,Cardoso,Leila Cardoso,6,Customer Support,Go-To-Market,Support Representative,2,Travel_Rarely,2025-08-24,,Active,0,0.35,0-1 yr,1,Male,33,Single,Doctor,8,1697.0,Aarav Haddad,6388,0.4,2,Q2,-15.2,0,17.0,2025-12-20,3,3,4,3,Yes,
1516,Oscar,Okafor,Oscar Okafor,4,Finance,Corporate Services,Finance Manager,3,Travel_Rarely,2020-06-10,,Active,0,5.56,5-10 yr,4,Male,32,Single,Bachelor,10,1973.0,Yuki Kaur,11244,0.0,1,Q1 (lowest paid in role),-34.6,0,25.0,2025-12-21,4,4,3,4,No,
1520,Aisha,Okafor,Aisha Okafor,4,Finance,Corporate Services,Finance Manager,4,Travel_Frequently,2011-11-08,,Active,0,14.15,10 yr+,5,Female,54,Divorced,Master,11,374.0,Aarav Lindqvist,16032,0.2178,1,Q1 (lowest paid in role),-6.7,1,20.0,2025-12-13,4,4,2,3,No,
1523,Daniel,Osei,Daniel Osei,2,Engineering,Technology,Engineering Director,4,Travel_Rarely,2005-11-15,,Active,0,20.13,10 yr+,5,Male,44,Married,Bachelor,28,80.0,Mira Silva,16328,0.4684,2,Q2,1.8,1,13.0,2025-12-15,3,1,4,4,No,
1525,Luis,Bianchi,Luis Bianchi,5,Operations,Technology,Operations Director,3,Travel_Rarely,2023-10-31,,Active,0,2.17,1-3 yr,2,Female,39,Single,Bachelor,6,1367.0,Isabel Duarte,8376,0.6806,3,Q3,14.8,0,18.0,2025-12-24,3,2,2,3,No,
1527,Soren,Silva,Soren Silva,4,Finance,Corporate Services,Finance Manager,4,Travel_Rarely,2012-04-25,,Active,0,13.68,10 yr+,5,Female,46,Married,Bachelor,3,787.0,Divya Novak,16606,0.2871,2,Q2,-3.4,1,12.0,2025-12-14,3,2,3,4,No,
1529,Kwame,Sharma,Kwame Sharma,6,Customer Support,Go-To-Market,Support Representative,3,Travel_Rarely,2014-10-06,,Active,0,11.24,10 yr+,5,Female,35,Single,Bachelor,16,431.0,Leila Halvorsen,8606,0.6692,3,Q3,14.3,0,19.0,2025-12-17,3,2,4,1,No,
1533,Rahul,Varga,Rahul Varga,2,Engineering,Technology,QA Engineer,2,Travel_Rarely,2021-03-18,,Active,0,4.79,3-5 yr,3,Male,23,Single,Below College,20,1608.0,Oscar Silva,2272,0.1744,1,Q1 (lowest paid in role),-29.8,0,14.0,2025-12-14,3,3,1,3,No,
1535,Omar,Nakamura,Omar Nakamura,1,Sales,Go-To-Market,Sales Executive,3,Travel_Rarely,2015-05-26,,Active,0,10.6,10 yr+,5,Male,34,Married,Bachelor,1,1863.0,Oscar Kowalski,7083,0.6277,3,Q3,2.3,0,14.0,2025-12-11,3,3,4,3,Yes,
1539,Camila,Dubois,Camila Dubois,2,Engineering,Technology,Engineering Director,4,Travel_Frequently,1993-10-26,,Active,0,32.18,10 yr+,5,Male,50,Single,Doctor,22,80.0,Mira Silva,14411,0.3797,2,Q2,-10.1,0,13.0,2025-12-28,3,4,3,3,Yes,
1541,Tobias,Aoki,Tobias Aoki,1,Sales,Go-To-Market,Sales Representative,1,Travel_Rarely,2014-09-15,,Active,0,11.29,10 yr+,5,Male,34,Married,College,7,580.0,Yuki Nowak,2308,0.3171,2,Q2,-12.1,1,25.0,2025-12-24,4,3,2,3,Yes,
1542,Elena,Andersen,Elena Andersen,2,Engineering,Technology,QA Engineer,1,Travel_Rarely,2024-12-04,,Active,0,1.07,1-3 yr,2,Male,42,Married,Bachelor,2,1035.0,Lena Osei,4841,0.8953,4,Q4 (highest paid in role),49.5,1,14.0,2025-12-24,3,2,3,3,No,
1543,Sanne,Moreau,Sanne Moreau,2,Engineering,Technology,Software Engineer,2,Travel_Rarely,2015-07-14,,Active,0,10.47,10 yr+,5,Male,37,Married,Bachelor,13,447.0,Tobias Moreau,4285,0.8041,4,Q4 (highest paid in role),32.3,0,17.0,2025-12-24,3,4,1,3,No,
1544,Nikolai,Castellanos,Nikolai Castellanos,6,Customer Support,Go-To-Market,Support Representative,2,Travel_Rarely,2018-10-01,,Active,0,7.25,5-10 yr,4,Female,29,Married,Below College,8,165.0,Ingrid Aoki,9715,0.7462,3,Q3,29.0,1,13.0,2025-12-15,3,1,3,3,No,
1545,Nikolai,Andersen,Nikolai Andersen,5,Operations,Technology,Operations Director,2,Travel_Rarely,2020-04-03,,Active,0,5.74,5-10 yr,4,Male,33,Single,Bachelor,25,1283.0,Aisha Aoki,4320,0.0764,1,Q1 (lowest paid in role),-40.8,0,13.0,2025-12-20,3,2,4,3,No,
1546,Lena,Mbeki,Lena Mbeki,2,Engineering,Technology,Software Engineer,1,Travel_Rarely,2020-05-10,,Active,0,5.64,5-10 yr,4,Male,45,Married,Bachelor,28,999.0,Jonas Mbeki,2132,0.1134,1,Q1 (lowest paid in role),-34.2,1,20.0,2025-12-16,4,4,4,3,No,
1547,Kwame,Fitzgerald,Kwame Fitzgerald,6,Customer Support,Go-To-Market,Support Representative,3,Travel_Frequently,2005-03-11,,Active,0,20.81,10 yr+,5,Male,42,Married,Bachelor,2,431.0,Leila Halvorsen,10124,0.8,4,Q4 (highest paid in role),34.5,1,14.0,2025-12-20,3,4,4,1,Yes,
1548,Felix,Bergman,Felix Bergman,1,Sales,Go-To-Market,Sales Executive,2,Travel_Rarely,2017-03-26,,Active,0,8.77,5-10 yr,4,Male,40,Married,College,9,2056.0,Grace Krishnan,5473,0.3662,2,Q2,-21.0,0,12.0,2025-12-19,3,1,1,4,No,
1549,Aisha,Larsen,Aisha Larsen,2,Engineering,Technology,QA Engineer,2,Travel_Rarely,2010-07-06,,Active,0,15.49,10 yr+,5,Male,33,Married,Master,28,1217.0,Soren Sharma,5207,0.9147,4,Q4 (highest paid in role),60.9,1,12.0,2025-12-20,3,3,2,3,Yes,
1550,Aisha,Petrov,Aisha Petrov,4,Finance,Corporate Services,Finance Manager,4,Travel_Rarely,2004-06-16,,Active,0,21.54,10 yr+,5,Male,40,Single,College,6,1336.0,Viktor Bianchi,16437,0.2574,2,Q2,-4.3,0,21.0,2025-12-17,4,4,3,3,Yes,
1551,Idris,Osei,Idris Osei,2,Engineering,Technology,QA Engineer,1,Travel_Rarely,2024-11-02,,Active,0,1.16,1-3 yr,2,Male,24,Divorced,College,21,468.0,Mei Mehta,2296,0.1899,1,Q1 (lowest paid in role),-29.1,3,14.0,2025-12-23,3,1,3,3,No,
1552,Nikolai,Nowak,Nikolai Nowak,6,Customer Support,Go-To-Market,Support Representative,2,Non-Travel,2023-12-25,,Active,0,2.02,1-3 yr,2,Male,40,Divorced,College,8,119.0,Fatima Novak,4069,0.0231,1,Q1 (lowest paid in role),-46.0,0,18.0,2025-12-20,3,4,4,3,Yes,
1553,Tariq,Ramos,Tariq Ramos,6,Customer Support,Go-To-Market,Support Representative,3,Travel_Rarely,2015-11-19,,Active,0,10.12,10 yr+,5,Male,45,Divorced,Master,1,1606.0,Aarav Eriksen,7441,0.5692,3,Q3,-1.2,3,12.0,2025-12-30,3,2,1,3,No,
1554,Omar,Steiner,Omar Steiner,1,Sales,Go-To-Market,Sales Representative,1,Travel_Rarely,2020-09-19,,Active,0,5.28,5-10 yr,4,Female,35,Married,Master,28,244.0,Divya Navarro,2430,0.4512,2,Q2,-7.5,2,23.0,2025-12-16,4,3,2,3,No,
1555,Samir,Pashkov,Samir Pashkov,2,Engineering,Technology,Software Engineer,2,Travel_Rarely,2018-01-19,,Active,0,7.95,5-10 yr,4,Female,32,Married,College,5,1789.0,Kwame Eriksen,5878,0.9725,4,Q4 (highest paid in role),81.4,1,12.0,2025-12-27,3,2,4,3,No,
1556,Oscar,Delacroix,Oscar Delacroix,1,Sales,Go-To-Market,Sales Representative,1,Travel_Rarely,2022-05-16,,Active,0,3.63,3-5 yr,3,Male,36,Single,Master,2,244.0,Divya Navarro,2644,0.5366,3,Q3,0.7,0,21.0,2025-12-25,4,4,3,2,Yes,
1557,Yuki,Quintero,Yuki Quintero,1,Sales,Go-To-Market,Sales Executive,2,Travel_Rarely,2017-12-22,,Active,0,8.02,5-10 yr,4,Female,48,Divorced,Master,16,986.0,Marcus Silva,6439,0.5323,3,Q3,-7.0,1,14.0,2025-12-14,3,3,3,3,No,
1558,Soren,Dubois,Soren Dubois,2,Engineering,Technology,Software Engineer,1,Travel_Rarely,2024-02-03,,Active,0,1.91,1-3 yr,2,Male,29,Married,Bachelor,9,1443.0,Aisha Rossi,2451,0.2818,2,Q2,-24.4,2,18.0,2025-12-18,3,3,3,2,No,
1560,Jonas,Kaur,Jonas Kaur,1,Sales,Go-To-Market,Sales Executive,2,Travel_Rarely,2023-12-28,,Active,0,2.01,1-3 yr,2,Male,33,Married,Master,8,1050.0,Tobias Haddad,6392,0.5262,3,Q3,-7.7,1,13.0,2025-12-30,3,1,1,1,No,
1563,Rosa,Cardoso,Rosa Cardoso,3,HR,Corporate Services,HR Generalist,2,Travel_Frequently,2019-05-29,,Active,0,6.59,5-10 yr,4,Male,38,Married,Master,10,1744.0,Grace Sharma,6077,0.7843,4,Q4 (highest paid in role),43.5,0,11.0,2025-12-29,3,3,3,3,No,
1564,Grace,Kowalski,Grace Kowalski,2,Engineering,Technology,QA Engineer,1,Travel_Rarely,2022-10-22,,Active,0,3.19,3-5 yr,3,Male,35,Single,Bachelor,1,1422.0,Isabel Vandenberg,2450,0.2984,2,Q2,-24.3,0,19.0,2025-12-15,3,1,4,3,No,
1568,Nadia,Grimaldi,Nadia Grimaldi,1,Sales,Go-To-Market,Sales Executive,3,Travel_Rarely,2021-05-11,,Active,0,4.64,3-5 yr,3,Male,30,Married,Master,29,404.0,Nadia Kowalski,9250,0.8092,4,Q4 (highest paid in role),33.6,1,12.0,2025-12-13,3,2,3,3,No,
1574,Aarav,Steiner,Aarav Steiner,2,Engineering,Technology,Software Engineer,2,Non-Travel,2019-01-23,,Active,0,6.94,5-10 yr,4,Male,32,Married,Master,1,1789.0,Kwame Eriksen,4087,0.7835,4,Q4 (highest paid in role),26.1,1,14.0,2025-12-16,3,1,4,2,No,
1576,Fatima,Castellanos,Fatima Castellanos,2,Engineering,Technology,Software Engineer,1,Travel_Rarely,2017-05-18,,Active,0,8.62,5-10 yr,4,Female,48,Married,Master,15,58.0,Isabel Hassan,2367,0.2337,1,Q1 (lowest paid in role),-26.9,1,12.0,2025-12-19,3,1,3,2,No,
1577,Hugo,Nakamura,Hugo Nakamura,2,Engineering,Technology,Software Engineer,1,Travel_Rarely,2024-02-17,,Active,0,1.87,1-3 yr,2,Male,34,Single,Master,7,730.0,Jonas Silva,2972,0.5498,3,Q3,-8.3,0,13.0,2025-12-13,3,4,1,1,No,
1578,Tariq,Pashkov,Tariq Pashkov,4,Finance,Corporate Services,Finance Manager,5,Travel_Rarely,1989-05-25,,Active,0,36.6,10 yr+,5,Male,55,Married,Doctor,26,549.0,Freya Larsen,19586,0.8911,4,Q4 (highest paid in role),14.0,1,21.0,2025-12-11,4,4,3,3,No,
1580,Idris,Dubois,Idris Dubois,2,Engineering,Technology,Software Engineer,2,Travel_Rarely,2023-08-03,,Active,0,2.41,1-3 yr,2,Male,34,Married,Master,1,1069.0,Divya Krishnan,5484,0.9553,4,Q4 (highest paid in role),69.3,1,17.0,2025-12-19,3,4,2,2,No,
1581,Nina,Mbeki,Nina Mbeki,2,Engineering,Technology,Software Engineer,1,Travel_Rarely,2024-02-16,,Active,0,1.87,1-3 yr,2,Female,26,Married,Bachelor,3,843.0,Andre Mehta,2061,0.0687,1,Q1 (lowest paid in role),-36.4,0,21.0,2025-12-18,4,4,1,3,No,
1582,Viktor,Mehta,Viktor Mehta,1,Sales,Go-To-Market,Sales Executive,2,Travel_Rarely,2016-01-11,,Active,0,9.97,5-10 yr,4,Male,38,Married,Bachelor,14,81.0,Sofia Cardoso,9924,0.8708,4,Q4 (highest paid in role),43.3,1,11.0,2025-12-14,3,2,3,3,No,
1583,Felix,Fitzgerald,Felix Fitzgerald,1,Sales,Go-To-Market,Sales Executive,2,Travel_Rarely,2022-02-10,,Active,0,3.89,3-5 yr,3,Female,38,Single,Bachelor,16,81.0,Sofia Cardoso,4198,0.0462,1,Q1 (lowest paid in role),-39.4,0,12.0,2025-12-30,3,2,2,4,No,
1585,Anika,Rossi,Anika Rossi,1,Sales,Go-To-Market,Sales Executive,2,Travel_Rarely,2024-04-15,,Active,0,1.71,1-3 yr,2,Female,36,Single,Master,1,81.0,Sofia Cardoso,6815,0.5969,3,Q3,-1.6,0,13.0,2025-12-31,3,3,2,3,No,
1586,Elena,Varga,Elena Varga,2,Engineering,Technology,QA Engineer,1,Travel_Rarely,2015-02-18,,Active,0,10.87,10 yr+,5,Male,29,Single,Below College,3,1443.0,Aisha Rossi,4723,0.8798,4,Q4 (highest paid in role),45.9,0,18.0,2025-12-29,3,1,2,3,Yes,
1587,Grace,Eriksen,Grace Eriksen,6,Customer Support,Go-To-Market,Support Representative,2,Travel_Rarely,2020-02-24,,Active,0,5.85,5-10 yr,4,Female,35,Single,Master,10,1127.0,Ethan Simonsen,6142,0.3385,2,Q2,-18.4,0,16.0,2025-12-25,3,3,1,3,Yes,
1588,Oscar,Andersen,Oscar Andersen,1,Sales,Go-To-Market,Sales Executive,3,Travel_Rarely,2018-01-03,,Active,0,7.99,5-10 yr,4,Male,39,Married,Bachelor,6,1716.0,Elena Pashkov,8237,0.72,3,Q3,19.0,1,11.0,2025-12-29,3,3,4,3,No,
1590,Mira,Nakamura,Mira Nakamura,6,Customer Support,Go-To-Market,Support Representative,2,Travel_Frequently,2019-03-22,,Active,0,6.78,5-10 yr,4,Male,29,Divorced,Below College,2,165.0,Ingrid Aoki,8853,0.7077,3,Q3,17.6,1,19.0,2025-12-26,3,4,1,4,No,
1591,Marcus,Cardoso,Marcus Cardoso,4,Finance,Corporate Services,Finance Manager,5,Travel_Rarely,2024-03-05,,Active,0,1.82,1-3 yr,2,Male,50,Married,Bachelor,9,140.0,Camila Osei,19331,0.8317,4,Q4 (highest paid in role),12.5,1,16.0,2025-12-24,3,3,3,3,Yes,
1592,Fatima,Whitfield,Fatima Whitfield,2,Engineering,Technology,Software Engineer,1,Travel_Rarely,2023-06-10,,Active,0,2.56,1-3 yr,2,Male,23,Married,Bachelor,10,468.0,Mei Mehta,2073,0.0825,1,Q1 (lowest paid in role),-36.0,1,16.0,2025-12-29,3,3,4,3,No,
1594,Nadia,Hassan,Nadia Hassan,2,Engineering,Technology,QA Engineer,2,Travel_Frequently,2022-02-02,,Active,0,3.91,3-5 yr,3,Male,36,Married,Master,6,447.0,Tobias Moreau,5562,0.9535,4,Q4 (highest paid in role),71.8,1,13.0,2025-12-19,3,1,1,3,Yes,
1595,Claire,Aoki,Claire Aoki,4,Finance,Corporate Services,Finance Manager,5,Travel_Rarely,2024-02-15,,Active,0,1.88,1-3 yr,2,Male,42,Single,College,9,1191.0,Aisha Varga,19613,0.901,4,Q4 (highest paid in role),14.2,0,22.0,2025-12-14,4,4,4,3,No,
1596,Mei,Nakamura,Mei Nakamura,2,Engineering,Technology,QA Engineer,2,Travel_Rarely,2015-06-24,,Active,0,10.52,10 yr+,5,Male,35,Married,Bachelor,28,1069.0,Divya Krishnan,3407,0.6163,3,Q3,5.2,2,17.0,2025-12-17,3,3,2,2,No,
1597,Hannah,Grimaldi,Hannah Grimaldi,6,Customer Support,Go-To-Market,Support Representative,2,Travel_Frequently,2017-04-18,,Active,0,8.7,5-10 yr,4,Male,34,Married,Master,10,1697.0,Aarav Haddad,5063,0.1615,1,Q1 (lowest paid in role),-32.8,1,14.0,2025-12-20,3,3,4,2,No,
1598,Zara,Tanaka,Zara Tanaka,1,Sales,Go-To-Market,Sales Executive,2,Travel_Rarely,2020-09-30,,Active,0,5.25,5-10 yr,4,Female,40,Married,College,14,2056.0,Grace Krishnan,4639,0.1477,1,Q1 (lowest paid in role),-33.0,1,15.0,2025-12-23,3,1,4,3,No,
1599,Anika,Kaur,Anika Kaur,2,Engineering,Technology,QA Engineer,1,Travel_Rarely,2019-03-11,,Active,0,6.81,5-10 yr,4,Male,43,Divorced,Bachelor,27,1035.0,Lena Osei,4876,0.8992,4,Q4 (highest paid in role),50.6,1,12.0,2025-12-15,3,2,4,3,No,
1601,Caleb,Ramos,Caleb Ramos,2,Engineering,Technology,QA Engineer,1,Travel_Rarely,2024-02-24,,Active,0,1.85,1-3 yr,2,Male,35,Married,College,7,1422.0,Isabel Vandenberg,2690,0.4109,2,Q2,-16.9,1,18.0,2025-12-14,3,4,3,2,No,
1602,Soren,Navarro,Soren Navarro,4,Finance,Corporate Services,Finance Manager,4,Travel_Rarely,1999-09-16,,Active,0,26.29,10 yr+,5,Male,46,Single,Master,1,787.0,Divya Novak,17567,0.5149,3,Q3,2.2,0,15.0,2025-12-30,3,1,4,1,No,
1605,Tobias,Whitfield,Tobias Whitfield,2,Engineering,Technology,Software Engineer,1,Non-Travel,2021-05-25,,Active,0,4.6,3-5 yr,3,Female,22,Married,College,26,1485.0,Ethan Quintero,2814,0.4708,2,Q2,-13.1,0,14.0,2025-12-16,3,3,2,2,Yes,
1606,Aarav,Eriksen,Aarav Eriksen,6,Customer Support,Go-To-Market,Support Representative,4,Travel_Frequently,1995-06-06,,Active,0,30.57,10 yr+,5,Male,50,Married,Doctor,20,1278.0,Luis Jokinen,11245,0.9462,4,Q4 (highest paid in role),49.4,1,15.0,2025-12-20,3,3,2,3,Yes,
1607,Idris,Navarro,Idris Navarro,2,Engineering,Technology,Software Engineer,1,Travel_Rarely,2022-11-14,,Active,0,3.13,3-5 yr,3,Female,32,Married,Master,5,815.0,Chloe Aoki,3312,0.6289,3,Q3,2.2,2,17.0,2025-12-16,3,4,2,3,No,
1608,Oscar,Silva,Oscar Silva,2,Engineering,Technology,Engineering Director,5,Travel_Rarely,2003-06-14,,Active,0,22.55,10 yr+,5,Female,44,Divorced,Bachelor,7,1770.0,Lena Ferreira,19049,0.7722,4,Q4 (highest paid in role),18.8,1,14.0,2025-12-11,3,4,2,2,Yes,
1609,Fatima,Quintero,Fatima Quintero,2,Engineering,Technology,Software Engineer,1,Travel_Rarely,2019-05-27,,Active,0,6.6,5-10 yr,4,Male,30,Married,Bachelor,7,1539.0,Camila Dubois,2141,0.1237,1,Q1 (lowest paid in role),-33.9,1,12.0,2025-12-19,3,2,2,2,No,
1611,Diego,Sharma,Diego Sharma,2,Engineering,Technology,QA Engineer,2,Travel_Rarely,2015-02-02,,Active,0,10.91,10 yr+,5,Female,45,Single,Doctor,5,1941.0,Andre Delacroix,5769,0.9651,4,Q4 (highest paid in role),78.2,0,14.0,2025-12-11,3,1,3,3,Yes,
1612,Chloe,Nowak,Chloe Nowak,1,Sales,Go-To-Market,Sales Executive,2,Non-Travel,2015-04-25,,Active,0,10.69,10 yr+,5,Male,45,Married,Bachelor,26,1975.0,Grace Kaur,4385,0.0862,1,Q1 (lowest paid in role),-36.7,1,15.0,2025-12-17,3,1,1,3,No,
1613,Elena,Rossi,Elena Rossi,1,Sales,Go-To-Market,Sales Executive,2,Travel_Frequently,2020-01-03,,Active,0,5.99,5-10 yr,4,Male,31,Single,Master,2,1319.0,Sofia Castellanos,5332,0.3169,2,Q2,-23.0,0,13.0,2025-12-23,3,1,4,3,No,
1614,Rahul,Petrov,Rahul Petrov,5,Operations,Technology,Operations Director,2,Travel_Rarely,2022-05-27,,Active,0,3.6,3-5 yr,3,Female,36,Married,Master,12,1026.0,Nadia Mbeki,4663,0.1458,1,Q1 (lowest paid in role),-36.1,2,12.0,2025-12-15,3,3,3,3,Yes,
1615,Lena,Bergman,Lena Bergman,5,Operations,Technology,Operations Director,2,Travel_Frequently,2016-10-20,,Active,0,9.2,5-10 yr,4,Male,34,Divorced,Master,10,1283.0,Aisha Aoki,4724,0.1597,1,Q1 (lowest paid in role),-35.2,1,13.0,2025-12-23,3,4,3,3,No,
1617,Ethan,Moreau,Ethan Moreau,2,Engineering,Technology,QA Engineer,1,Travel_Rarely,2016-08-12,,Active,0,9.39,5-10 yr,4,Female,49,Married,Master,25,58.0,Isabel Hassan,3211,0.5814,3,Q3,-0.8,1,14.0,2025-12-20,3,1,3,2,No,
1618,Grace,Dubois,Grace Dubois,5,Operations,Technology,Operations Director,2,Travel_Rarely,2018-09-23,,Active,0,7.27,5-10 yr,4,Male,39,Married,Doctor,10,601.0,Amara Grimaldi,5377,0.3264,2,Q2,-26.3,3,13.0,2025-12-28,3,1,2,3,No,
1619,Leila,Jokinen,Leila Jokinen,2,Engineering,Technology,QA Engineer,1,Travel_Rarely,2018-11-02,,Active,0,7.16,5-10 yr,4,Male,27,Divorced,Bachelor,19,520.0,Idris Lindqvist,4066,0.814,4,Q4 (highest paid in role),25.6,2,11.0,2025-12-17,3,1,4,3,No,
1621,Freya,Haddad,Freya Haddad,2,Engineering,Technology,Software Engineer,2,Travel_Rarely,2009-02-20,,Active,0,16.86,10 yr+,5,Male,35,Married,Doctor,18,1069.0,Divya Krishnan,5208,0.9313,4,Q4 (highest paid in role),60.7,0,11.0,2025-12-16,3,1,2,3,No,
1622,Jonas,Bergman,Jonas Bergman,5,Operations,Technology,Operations Director,2,Travel_Rarely,2020-07-19,,Active,0,5.45,5-10 yr,4,Female,28,Divorced,Bachelor,27,1360.0,Tariq Hassan,4877,0.2014,1,Q1 (lowest paid in role),-33.1,1,21.0,2025-12-31,4,1,2,2,No,
1623,Sofia,Whitfield,Sofia Whitfield,2,Engineering,Technology,Software Engineer,1,Travel_Rarely,2023-07-28,,Active,0,2.43,1-3 yr,2,Male,21,Single,Below College,5,612.0,Soren Castellanos,3117,0.5979,3,Q3,-3.8,0,18.0,2025-12-29,3,4,3,3,No,
1625,Nadia,Cardoso,Nadia Cardoso,4,Finance,Corporate Services,Finance Manager,5,Travel_Rarely,2020-01-20,,Active,0,5.95,5-10 yr,4,Female,47,Married,Master,26,140.0,Camila Osei,19658,0.9208,4,Q4 (highest paid in role),14.4,1,11.0,2025-12-17,3,3,4,3,No,
1627,Zara,Pashkov,Zara Pashkov,2,Engineering,Technology,QA Engineer,2,Travel_Rarely,2015-02-24,,Active,0,10.85,10 yr+,5,Male,39,Divorced,College,3,1263.0,Caleb Eriksen,3069,0.5388,3,Q3,-5.2,1,15.0,2025-12-24,3,3,3,3,No,
1628,Grace,Nowak,Grace Nowak,5,Operations,Technology,Operations Director,3,Travel_Rarely,2007-01-06,,Active,0,18.98,10 yr+,5,Female,40,Married,Bachelor,15,1401.0,Rosa Marchetti,10435,0.8542,4,Q4 (highest paid in role),43.0,2,13.0,2025-12-21,3,3,1,3,No,
1630,Sofia,Petrov,Sofia Petrov,6,Customer Support,Go-To-Market,Support Representative,2,Non-Travel,2011-05-21,,Active,0,14.61,10 yr+,5,Female,35,Married,Master,8,1127.0,Ethan Simonsen,4148,0.0462,1,Q1 (lowest paid in role),-44.9,1,12.0,2025-12-26,3,3,3,3,No,
1631,Luis,Mbeki,Luis Mbeki,5,Operations,Technology,Operations Director,2,Travel_Rarely,2021-06-12,,Active,0,4.55,3-5 yr,3,Male,37,Married,Bachelor,19,1026.0,Nadia Mbeki,5768,0.3681,2,Q2,-20.9,3,17.0,2025-12-27,3,3,3,2,No,
1633,Freya,Halvorsen,Freya Halvorsen,5,Operations,Technology,Operations Director,2,Travel_Frequently,2016-03-06,,Active,0,9.82,5-10 yr,4,Female,39,Single,Bachelor,4,601.0,Amara Grimaldi,5042,0.2292,1,Q1 (lowest paid in role),-30.9,0,13.0,2025-12-19,3,3,1,1,No,
1635,Hugo,Pashkov,Hugo Pashkov,5,Operations,Technology,Operations Director,2,Travel_Rarely,2015-10-29,,Active,0,10.17,10 yr+,5,Female,45,Divorced,College,2,2034.0,Nadia Larsen,5770,0.375,2,Q2,-20.9,2,19.0,2025-12-23,3,4,4,3,No,
1638,Divya,Cardoso,Divya Cardoso,5,Operations,Technology,Operations Director,3,Travel_Rarely,2020-07-19,,Active,0,5.45,5-10 yr,4,Female,38,Married,College,2,1367.0,Isabel Duarte,7756,0.6319,3,Q3,6.3,1,19.0,2025-12-16,3,3,4,4,Yes,
1640,Oscar,Nowak,Oscar Nowak,2,Engineering,Technology,Software Engineer,1,Travel_Rarely,2017-06-25,,Active,0,8.52,5-10 yr,4,Female,37,Married,Bachelor,10,1424.0,Rahul Novak,3936,0.7698,4,Q4 (highest paid in role),21.5,1,11.0,2025-12-29,3,2,2,1,No,
1641,Mira,Pashkov,Mira Pashkov,5,Operations,Technology,Operations Director,3,Travel_Rarely,2021-11-16,,Active,0,4.12,3-5 yr,3,Female,40,Single,Bachelor,16,1401.0,Rosa Marchetti,7945,0.6597,3,Q3,8.9,0,15.0,2025-12-21,3,4,3,2,Yes,
1642,Elena,Aoki,Elena Aoki,3,HR,Corporate Services,HR Generalist,2,Travel_Frequently,2015-07-10,,Active,0,10.48,10 yr+,5,Male,44,Married,Doctor,1,1744.0,Grace Sharma,5743,0.7451,3,Q3,35.6,0,11.0,2025-12-12,3,4,1,3,Yes,
1644,Bruno,Nakamura,Bruno Nakamura,4,Finance,Corporate Services,Finance Manager,4,Travel_Frequently,2023-01-27,,Active,0,2.93,1-3 yr,2,Male,48,Married,Doctor,4,787.0,Divya Novak,15202,0.1584,1,Q1 (lowest paid in role),-11.5,1,25.0,2025-12-27,4,4,3,3,No,
1646,Marcus,Haddad,Marcus Haddad,2,Engineering,Technology,Software Engineer,1,Travel_Frequently,2019-10-23,,Active,0,6.19,5-10 yr,4,Female,24,Single,Below College,2,468.0,Mei Mehta,3760,0.732,3,Q3,16.1,0,13.0,2025-12-29,3,4,1,3,Yes,
1647,Rahul,Ramos,Rahul Ramos,2,Engineering,Technology,Software Engineer,1,Travel_Rarely,2022-02-06,,Active,0,3.9,3-5 yr,3,Female,27,Married,Bachelor,8,520.0,Idris Lindqvist,3517,0.6907,3,Q3,8.6,0,17.0,2025-12-13,3,3,2,3,No,
1648,Ingrid,Dubois,Ingrid Dubois,2,Engineering,Technology,Software Engineer,1,Travel_Frequently,2021-06-06,,Active,0,4.57,3-5 yr,3,Male,27,Single,Bachelor,2,520.0,Idris Lindqvist,2580,0.3505,2,Q2,-20.4,0,13.0,2025-12-21,3,4,4,2,No,
1650,Divya,Marchetti,Divya Marchetti,1,Sales,Go-To-Market,Sales Executive,2,Travel_Rarely,2020-02-19,,Active,0,5.86,5-10 yr,4,Male,29,Single,Bachelor,10,174.0,Grace Dubois,5869,0.4492,2,Q2,-15.2,0,11.0,2025-12-28,3,3,3,3,No,
1651,Lena,Duarte,Lena Duarte,6,Customer Support,Go-To-Market,Support Representative,3,Travel_Rarely,2022-05-28,,Active,0,3.59,3-5 yr,3,Female,36,Married,Master,5,431.0,Leila Halvorsen,8008,0.6462,3,Q3,6.4,2,12.0,2025-12-16,3,1,2,3,No,
1653,Chloe,Osei,Chloe Osei,5,Operations,Technology,Operations Director,2,Travel_Frequently,2018-12-01,,Active,0,7.08,5-10 yr,4,Male,25,Divorced,Below College,2,1360.0,Tariq Hassan,5206,0.2778,2,Q2,-28.6,2,17.0,2025-12-27,3,3,4,3,No,
1654,Chloe,Lindqvist,Chloe Lindqvist,5,Operations,Technology,Operations Director,2,Travel_Rarely,2020-07-08,,Active,0,5.48,5-10 yr,4,Male,39,Married,Bachelor,12,601.0,Amara Grimaldi,5295,0.3125,2,Q2,-27.4,0,21.0,2025-12-15,4,2,4,3,No,
1655,Hannah,Duarte,Hannah Duarte,2,Engineering,Technology,Engineering Director,4,Travel_Rarely,2021-03-06,,Active,0,4.82,3-5 yr,3,Female,49,Married,Master,22,80.0,Mira Silva,16413,0.481,2,Q2,2.4,2,16.0,2025-12-28,3,2,1,3,No,
1656,Nadia,Silva,Nadia Silva,2,Engineering,Technology,Engineering Director,3,Travel_Rarely,2011-02-01,,Active,0,14.91,10 yr+,5,Female,50,Divorced,Doctor,17,385.0,Hannah Lindqvist,13269,0.2025,1,Q1 (lowest paid in role),-17.2,3,15.0,2025-12-19,3,1,4,3,No,
1657,Soren,Simonsen,Soren Simonsen,1,Sales,Go-To-Market,Sales Representative,1,Travel_Rarely,2023-12-16,,Active,0,2.04,1-3 yr,2,Female,20,Single,Bachelor,2,302.0,Diego Ramos,2783,0.6341,3,Q3,6.0,0,19.0,2025-12-24,3,3,3,3,No,
1658,Isabel,Sharma,Isabel Sharma,2,Engineering,Technology,Software Engineer,2,Travel_Rarely,2014-11-18,,Active,0,11.12,10 yr+,5,Female,34,Divorced,Bachelor,3,1069.0,Divya Krishnan,5433,0.9416,4,Q4 (highest paid in role),67.7,1,12.0,2025-12-17,3,2,4,3,No,
1659,Aarav,Pashkov,Aarav Pashkov,2,Engineering,Technology,QA Engineer,1,Travel_Rarely,2021-03-02,,Active,0,4.83,3-5 yr,3,Male,36,Single,Bachelor,7,1250.0,Bruno Castellanos,2013,0.0543,1,Q1 (lowest paid in role),-37.8,0,11.0,2025-12-29,3,2,1,3,No,
1661,Daniel,Krishnan,Daniel Krishnan,6,Customer Support,Go-To-Market,Support Representative,4,Travel_Rarely,2010-06-12,,Active,0,15.55,10 yr+,5,Female,49,Married,Below College,6,1278.0,Luis Jokinen,13966,1.0,4,Q4 (highest paid in role),85.5,1,19.0,2025-12-31,3,3,3,3,Yes,
1662,Soren,Cardoso,Soren Cardoso,5,Operations,Technology,Operations Director,2,Non-Travel,2022-05-17,,Active,0,3.62,3-5 yr,3,Female,36,Married,Master,1,1026.0,Nadia Mbeki,4374,0.0972,1,Q1 (lowest paid in role),-40.0,0,15.0,2025-12-11,3,3,4,3,No,
1664,Idris,Rossi,Idris Rossi,6,Customer Support,Go-To-Market,Support Representative,2,Travel_Rarely,2020-03-24,,Active,0,5.77,5-10 yr,4,Male,36,Divorced,College,3,119.0,Fatima Novak,6842,0.5231,3,Q3,-9.1,1,20.0,2025-12-18,4,1,4,3,No,
1665,Hugo,Grimaldi,Hugo Grimaldi,4,Finance,Corporate Services,Finance Manager,4,Travel_Rarely,2015-09-07,,Active,0,10.32,10 yr+,5,Female,54,Married,Doctor,22,374.0,Aarav Lindqvist,17426,0.4851,2,Q2,1.4,1,25.0,2025-12-22,4,3,2,3,No,
1666,Soren,Marchetti,Soren Marchetti,2,Engineering,Technology,Engineering Director,4,Travel_Rarely,2011-11-08,,Active,0,14.15,10 yr+,5,Male,43,Married,College,15,141.0,Aarav Jokinen,17603,0.6329,3,Q3,9.8,1,24.0,2025-12-20,4,3,3,3,No,
1668,Peter,Grimaldi,Peter Grimaldi,2,Engineering,Technology,Software Engineer,2,Travel_Frequently,2012-07-28,,Active,0,13.43,10 yr+,5,Male,38,Married,Bachelor,1,447.0,Tobias Moreau,4735,0.866,4,Q4 (highest paid in role),46.1,2,15.0,2025-12-17,3,4,4,4,No,
1669,Rahul,Ortega,Rahul Ortega,1,Sales,Go-To-Market,Sales Executive,2,Travel_Rarely,2015-10-03,,Active,0,10.25,10 yr+,5,Male,29,Divorced,Bachelor,5,174.0,Grace Dubois,4187,0.0369,1,Q1 (lowest paid in role),-39.5,1,13.0,2025-12-12,3,2,1,2,Yes,
1670,Nikolai,Cardoso,Nikolai Cardoso,1,Sales,Go-To-Market,Sales Executive,2,Travel_Rarely,2019-10-25,,Active,0,6.18,5-10 yr,4,Male,33,Divorced,Master,2,1050.0,Tobias Haddad,5505,0.3846,2,Q2,-20.5,2,14.0,2025-12-14,3,4,4,3,No,
1671,Claire,Nowak,Claire Nowak,2,Engineering,Technology,Software Engineer,2,Travel_Rarely,2016-03-27,,Active,0,9.76,5-10 yr,4,Male,32,Divorced,Bachelor,2,1789.0,Kwame Eriksen,5470,0.9519,4,Q4 (highest paid in role),68.8,2,13.0,2025-12-25,3,2,4,2,No,
1673,Chloe,Pashkov,Chloe Pashkov,1,Sales,Go-To-Market,Sales Executive,2,Travel_Rarely,2015-02-19,,Active,0,10.86,10 yr+,5,Female,31,Married,Master,5,1319.0,Sofia Castellanos,5476,0.3723,2,Q2,-20.9,2,11.0,2025-12-25,3,4,1,3,No,
1674,Grace,Krishnan,Grace Krishnan,2,Engineering,Technology,QA Engineer,1,Travel_Rarely,2023-03-17,,Active,0,2.79,1-3 yr,2,Female,49,Divorced,Bachelor,16,58.0,Isabel Hassan,2587,0.3682,2,Q2,-20.1,1,16.0,2025-12-26,3,1,4,2,Yes,
1675,Elena,Whitfield,Elena Whitfield,2,Engineering,Technology,QA Engineer,1,Travel_Frequently,2021-11-04,,Active,0,4.16,3-5 yr,3,Female,38,Single,Bachelor,2,1128.0,Kwame Mehta,2440,0.2946,2,Q2,-24.6,0,22.0,2025-12-20,4,2,4,3,No,
1676,Grace,Novak,Grace Novak,4,Finance,Corporate Services,Finance Manager,4,Travel_Rarely,2022-12-23,,Active,0,3.02,3-5 yr,3,Female,47,Divorced,Master,2,787.0,Divya Novak,15972,0.198,1,Q1 (lowest paid in role),-7.0,3,14.0,2025-12-18,3,2,2,3,No,
1677,Felix,Kowalski,Felix Kowalski,4,Finance,Corporate Services,Finance Manager,4,Travel_Rarely,2017-09-30,,Active,0,8.25,5-10 yr,4,Male,49,Single,Bachelor,1,787.0,Divya Novak,15379,0.1683,1,Q1 (lowest paid in role),-10.5,0,14.0,2025-12-19,3,3,3,3,No,
1678,Marcus,Tanaka,Marcus Tanaka,1,Sales,Go-To-Market,Sales Executive,3,Travel_Rarely,2023-03-13,,Active,0,2.8,1-3 yr,2,Male,41,Single,College,23,1716.0,Elena Pashkov,7082,0.6246,3,Q3,2.3,0,16.0,2025-12-12,3,3,4,3,Yes,
1680,Oscar,Kowalski,Oscar Kowalski,1,Sales,Go-To-Market,Sales Representative,1,Travel_Rarely,2023-04-27,,Active,0,2.68,1-3 yr,2,Male,20,Single,Below College,9,302.0,Diego Ramos,2728,0.6098,3,Q3,3.9,0,11.0,2025-12-12,3,1,4,3,No,
1681,Idris,Halvorsen,Idris Halvorsen,1,Sales,Go-To-Market,Sales Executive,2,Non-Travel,2019-12-21,,Active,0,6.03,5-10 yr,4,Female,33,Divorced,Bachelor,16,1050.0,Tobias Haddad,5368,0.3292,2,Q2,-22.5,1,25.0,2025-12-14,4,4,3,3,Yes,
1682,Mira,Kowalski,Mira Kowalski,6,Customer Support,Go-To-Market,Support Representative,2,Travel_Rarely,2022-05-18,,Active,0,3.62,3-5 yr,3,Male,36,Married,Master,26,119.0,Fatima Novak,5347,0.2077,1,Q1 (lowest paid in role),-29.0,2,14.0,2025-12-25,3,3,1,2,No,
1683,Mira,Pashkov,Mira Pashkov,3,HR,Corporate Services,HR Generalist,1,Travel_Rarely,2023-08-14,,Active,0,2.38,1-3 yr,2,Female,44,Divorced,Bachelor,1,1098.0,Jonas Novak,3195,0.5098,3,Q3,-24.6,3,18.0,2025-12-28,3,4,3,3,Yes,
1687,Sanne,Bergman,Sanne Bergman,2,Engineering,Technology,QA Engineer,1,Travel_Rarely,2025-03-18,,Active,0,0.79,0-1 yr,1,Female,38,Married,College,4,1128.0,Kwame Mehta,3306,0.6047,3,Q3,2.1,1,19.0,2025-12-24,3,3,4,2,No,
1689,Andre,Lombardi,Andre Lombardi,6,Customer Support,Go-To-Market,Support Representative,3,Travel_Rarely,2021-09-02,,Active,0,4.33,3-5 yr,3,Male,53,Married,Master,24,1606.0,Aarav Eriksen,7005,0.5462,3,Q3,-7.0,0,15.0,2025-12-19,3,4,2,3,No,
1693,Nadia,Quintero,Nadia Quintero,2,Engineering,Technology,QA Engineer,1,Non-Travel,2018-12-09,,Active,0,7.06,5-10 yr,4,Male,26,Single,Bachelor,7,843.0,Andre Mehta,2570,0.3566,2,Q2,-20.6,0,20.0,2025-12-27,4,4,4,3,No,
1694,Andre,Bakker,Andre Bakker,2,Engineering,Technology,Software Engineer,1,Travel_Rarely,2021-09-10,,Active,0,4.31,3-5 yr,3,Male,55,Divorced,Bachelor,22,1255.0,Claire Reyes,3537,0.6942,3,Q3,9.2,1,12.0,2025-12-20,3,2,1,3,No,
1696,Fatima,Varga,Fatima Varga,2,Engineering,Technology,QA Engineer,2,Travel_Rarely,2010-11-28,,Active,0,15.09,10 yr+,5,Male,34,Married,College,5,1069.0,Divya Krishnan,3986,0.7868,4,Q4 (highest paid in role),23.1,1,14.0,2025-12-26,3,4,2,4,No,
1697,Aarav,Haddad,Aarav Haddad,6,Customer Support,Go-To-Market,Support Representative,3,Travel_Rarely,2024-10-02,,Active,0,1.25,1-3 yr,2,Male,60,Divorced,Master,1,258.0,Tobias Simonsen,10883,0.9,4,Q4 (highest paid in role),44.6,1,20.0,2025-12-23,4,4,3,4,No,
1698,Tobias,Bergman,Tobias Bergman,2,Engineering,Technology,QA Engineer,1,Travel_Rarely,2011-03-05,,Active,0,14.83,10 yr+,5,Male,33,Married,Bachelor,21,901.0,Chloe Mbeki,2028,0.062,1,Q1 (lowest paid in role),-37.4,3,18.0,2025-12-12,3,2,2,3,No,
1700,Divya,Halvorsen,Divya Halvorsen,1,Sales,Go-To-Market,Sales Executive,2,Travel_Frequently,2019-09-13,,Active,0,6.3,5-10 yr,4,Male,37,Divorced,Master,1,81.0,Sofia Cardoso,9525,0.8215,4,Q4 (highest paid in role),37.6,2,14.0,2025-12-27,3,4,3,2,No,
1701,Viktor,Vandenberg,Viktor Vandenberg,2,Engineering,Technology,Software Engineer,1,Travel_Rarely,2015-11-04,,Active,0,10.16,10 yr+,5,Female,34,Married,Bachelor,19,730.0,Jonas Silva,2929,0.5223,3,Q3,-9.6,0,12.0,2025-12-28,3,4,2,3,No,
1703,Bruno,Larsen,Bruno Larsen,6,Customer Support,Go-To-Market,Support Representative,3,Travel_Rarely,2017-01-06,,Active,0,8.98,5-10 yr,4,Female,44,Married,Bachelor,2,1606.0,Aarav Eriksen,7879,0.6308,3,Q3,4.7,1,19.0,2025-12-31,3,4,3,3,Yes,
1704,Hannah,Ferreira,Hannah Ferreira,2,Engineering,Technology,Software Engineer,1,Travel_Frequently,2020-11-14,,Active,0,5.13,5-10 yr,4,Male,35,Single,Master,2,1422.0,Isabel Vandenberg,4930,0.8969,4,Q4 (highest paid in role),52.2,0,14.0,2025-12-31,3,4,1,4,Yes,
1706,Rahul,Cardoso,Rahul Cardoso,1,Sales,Go-To-Market,Sales Executive,2,Travel_Rarely,2015-03-19,,Active,0,10.79,10 yr+,5,Male,43,Married,Bachelor,2,1975.0,Grace Kaur,7847,0.6892,3,Q3,13.3,1,17.0,2025-12-27,3,4,4,3,Yes,
1707,Ethan,Marchetti,Ethan Marchetti,2,Engineering,Technology,Software Engineer,1,Travel_Rarely,2020-02-14,,Active,0,5.88,5-10 yr,4,Male,24,Married,Bachelor,9,468.0,Mei Mehta,4401,0.8213,4,Q4 (highest paid in role),35.8,1,16.0,2025-12-11,3,3,3,3,No,
1708,Tariq,Ramos,Tariq Ramos,1,Sales,Go-To-Market,Sales Executive,3,Travel_Rarely,2015-03-29,,Active,0,10.76,10 yr+,5,Male,41,Single,Bachelor,6,1716.0,Elena Pashkov,9241,0.8062,4,Q4 (highest paid in role),33.5,0,12.0,2025-12-16,3,3,4,3,No,
1709,Hannah,Marchetti,Hannah Marchetti,2,Engineering,Technology,QA Engineer,1,Travel_Rarely,2020-02-04,,Active,0,5.91,5-10 yr,4,Female,29,Married,Master,9,1443.0,Aisha Rossi,2974,0.5194,3,Q3,-8.1,1,17.0,2025-12-22,3,3,4,3,No,
1710,Sanne,Mbeki,Sanne Mbeki,1,Sales,Go-To-Market,Sales Representative,2,Travel_Rarely,2012-04-12,,Active,0,13.72,10 yr+,5,Female,36,Single,Master,2,81.0,Sofia Cardoso,4502,0.9756,4,Q4 (highest paid in role),71.4,0,15.0,2025-12-30,3,4,3,2,No,
1712,Andre,Eriksen,Andre Eriksen,6,Customer Support,Go-To-Market,Support Representative,3,Non-Travel,2002-10-01,,Active,0,23.25,10 yr+,5,Male,45,Married,Below College,1,1606.0,Aarav Eriksen,10748,0.8846,4,Q4 (highest paid in role),42.8,1,23.0,2025-12-17,4,3,3,2,No,
1718,Amara,Osei,Amara Osei,2,Engineering,Technology,QA Engineer,1,Travel_Rarely,2022-02-15,,Active,0,3.87,3-5 yr,3,Male,26,Married,Master,17,1666.0,Soren Marchetti,2305,0.1938,1,Q1 (lowest paid in role),-28.8,3,15.0,2025-12-16,3,3,4,4,No,
1719,Amara,Sharma,Amara Sharma,2,Engineering,Technology,Engineering Director,4,Travel_Rarely,2004-09-08,,Active,0,21.31,10 yr+,5,Female,45,Single,College,28,80.0,Mira Silva,16704,0.5316,3,Q3,4.2,0,11.0,2025-12-26,3,2,4,3,No,
1720,Isabel,Andersen,Isabel Andersen,2,Engineering,Technology,Software Engineer,1,Travel_Frequently,2020-12-10,,Active,0,5.06,5-10 yr,4,Male,32,Married,Bachelor,10,815.0,Chloe Aoki,3433,0.6667,3,Q3,6.0,1,13.0,2025-12-31,3,3,1,2,No,
1721,Caleb,Varga,Caleb Varga,2,Engineering,Technology,QA Engineer,1,Travel_Rarely,2020-06-13,,Active,0,5.55,5-10 yr,4,Male,31,Married,Master,2,997.0,Leila Krishnan,3477,0.6395,3,Q3,7.4,1,14.0,2025-12-24,3,3,2,4,No,
1722,Yuki,Dubois,Yuki Dubois,3,HR,Corporate Services,HR Generalist,2,Non-Travel,2022-06-27,,Active,0,3.51,3-5 yr,3,Male,41,Married,Bachelor,4,1744.0,Grace Sharma,6430,0.8824,4,Q4 (highest paid in role),51.8,1,19.0,2025-12-19,3,2,3,3,No,
1724,Nadia,Novak,Nadia Novak,5,Operations,Technology,Operations Director,2,Travel_Rarely,2024-01-13,,Active,0,1.97,1-3 yr,2,Female,40,Married,College,8,601.0,Amara Grimaldi,6516,0.5208,3,Q3,-10.7,1,16.0,2025-12-15,3,1,2,3,Yes,
1725,Nikolai,Kowalski,Nikolai Kowalski,2,Engineering,Technology,QA Engineer,1,Travel_Rarely,2019-04-19,,Active,0,6.7,5-10 yr,4,Male,24,Divorced,Below College,29,468.0,Mei Mehta,3907,0.7558,4,Q4 (highest paid in role),20.7,3,13.0,2025-12-11,3,1,2,4,No,
1727,Bruno,Ibrahim,Bruno Ibrahim,6,Customer Support,Go-To-Market,Support Representative,2,Travel_Rarely,2015-11-12,,Active,0,10.14,10 yr+,5,Male,46,Single,Master,13,1661.0,Daniel Krishnan,5562,0.2462,2,Q2,-26.1,0,14.0,2025-12-25,3,2,3,3,No,
1728,Lena,Varga,Lena Varga,5,Operations,Technology,Operations Director,2,Travel_Rarely,2018-09-04,,Active,0,7.32,5-10 yr,4,Male,35,Married,Master,27,1026.0,Nadia Mbeki,6883,0.5694,3,Q3,-5.6,1,16.0,2025-12-16,3,3,4,3,No,
1729,Lena,Okafor,Lena Okafor,2,Engineering,Technology,Software Engineer,1,Travel_Rarely,2015-06-25,,Active,0,10.52,10 yr+,5,Male,30,Married,Below College,16,1539.0,Camila Dubois,2862,0.4914,2,Q2,-11.7,1,12.0,2025-12-24,3,4,2,2,No,
1731,Idris,Bergman,Idris Bergman,1,Sales,Go-To-Market,Sales Executive,2,Non-Travel,2024-08-26,,Active,0,1.35,1-3 yr,2,Male,47,Married,Master,2,1975.0,Grace Kaur,4978,0.24,1,Q1 (lowest paid in role),-28.1,1,11.0,2025-12-11,3,2,3,1,No,
1732,Claire,Mehta,Claire Mehta,1,Sales,Go-To-Market,Sales Executive,3,Travel_Rarely,2015-10-28,,Active,0,10.18,10 yr+,5,Male,46,Divorced,Bachelor,2,746.0,Zara Marchetti,10368,0.9015,4,Q4 (highest paid in role),49.7,1,12.0,2025-12-28,3,4,3,2,Yes,
1735,Mira,Ferreira,Mira Ferreira,2,Engineering,Technology,QA Engineer,1,Travel_Rarely,2022-10-24,,Active,0,3.19,3-5 yr,3,Female,23,Single,Below College,4,468.0,Mei Mehta,3295,0.6008,3,Q3,1.8,0,13.0,2025-12-17,3,2,3,1,No,
1736,Mei,Silva,Mei Silva,5,Operations,Technology,Operations Director,2,Travel_Frequently,2020-06-16,,Active,0,5.54,5-10 yr,4,Female,31,Single,Below College,24,1283.0,Aisha Aoki,5238,0.2917,2,Q2,-28.2,0,20.0,2025-12-11,4,4,4,2,No,
1737,Bruno,Cardoso,Bruno Cardoso,2,Engineering,Technology,QA Engineer,2,Non-Travel,2016-08-01,,Active,0,9.42,5-10 yr,4,Male,39,Married,Bachelor,1,1867.0,Caleb Reyes,6472,0.9884,4,Q4 (highest paid in role),99.9,1,15.0,2025-12-13,3,4,4,3,Yes,
1739,Anika,Ramos,Anika Ramos,1,Sales,Go-To-Market,Sales Executive,3,Travel_Rarely,2021-12-23,,Active,0,4.02,3-5 yr,3,Male,32,Married,Bachelor,19,1039.0,Soren Novak,9610,0.8308,4,Q4 (highest paid in role),38.8,1,13.0,2025-12-27,3,3,4,1,No,
1740,Anika,Jokinen,Anika Jokinen,4,Finance,Corporate Services,Finance Manager,5,Travel_Rarely,2004-01-28,,Active,0,21.92,10 yr+,5,Male,40,Single,Master,7,1338.0,Samir Duarte,19833,0.9406,4,Q4 (highest paid in role),15.4,0,14.0,2025-12-13,3,2,2,2,No,
1744,Grace,Sharma,Grace Sharma,3,HR,Corporate Services,HR Generalist,3,Travel_Rarely,2020-11-03,,Active,0,5.16,5-10 yr,4,Female,45,Married,Bachelor,4,698.0,Anika Vandenberg,9756,0.9412,4,Q4 (highest paid in role),130.3,2,21.0,2025-12-26,4,3,3,4,No,
1745,Sofia,Lombardi,Sofia Lombardi,2,Engineering,Technology,Software Engineer,1,Travel_Frequently,2016-05-30,,Active,0,9.59,5-10 yr,4,Female,30,Single,Master,2,1539.0,Camila Dubois,4968,0.9072,4,Q4 (highest paid in role),53.3,0,16.0,2025-12-16,3,1,4,3,No,
1746,Bruno,Ramos,Bruno Ramos,3,HR,Corporate Services,HR Generalist,1,Travel_Frequently,2023-08-20,,Active,0,2.37,1-3 yr,2,Male,24,Married,Bachelor,10,590.0,Rosa Fitzgerald,2145,0.098,1,Q1 (lowest paid in role),-49.4,1,14.0,2025-12-19,3,4,1,3,No,
1749,Soren,Mehta,Soren Mehta,1,Sales,Go-To-Market,Sales Executive,2,Travel_Rarely,2020-01-03,,Active,0,5.99,5-10 yr,4,Male,31,Married,Bachelor,5,1319.0,Sofia Castellanos,8346,0.7262,3,Q3,20.5,1,19.0,2025-12-11,3,3,1,3,No,
1751,Mei,Okafor,Mei Okafor,2,Engineering,Technology,Software Engineer,1,Travel_Rarely,2019-12-08,,Active,0,6.06,5-10 yr,4,Female,27,Single,Bachelor,8,520.0,Idris Lindqvist,3445,0.6701,3,Q3,6.3,0,11.0,2025-12-27,3,4,3,2,No,
1753,Sofia,Vandenberg,Sofia Vandenberg,6,Customer Support,Go-To-Market,Support Representative,2,Travel_Frequently,2022-02-14,,Active,0,3.88,3-5 yr,3,Male,29,Single,Bachelor,1,165.0,Ingrid Aoki,6294,0.3615,2,Q2,-16.4,0,12.0,2025-12-16,3,3,4,4,Yes,
1754,Diego,Grimaldi,Diego Grimaldi,1,Sales,Go-To-Market,Sales Executive,3,Travel_Rarely,2018-06-16,,Active,0,7.54,5-10 yr,4,Male,30,Divorced,College,15,404.0,Nadia Kowalski,7140,0.6338,3,Q3,3.1,1,11.0,2025-12-30,3,1,3,3,No,
1755,Hannah,Rossi,Hannah Rossi,2,Engineering,Technology,Software Engineer,1,Travel_Rarely,2020-11-16,,Active,0,5.12,5-10 yr,4,Male,34,Married,Master,2,730.0,Jonas Silva,2932,0.5258,3,Q3,-9.5,3,14.0,2025-12-25,3,4,4,3,Yes,
1756,Diego,Mbeki,Diego Mbeki,1,Sales,Go-To-Market,Sales Executive,2,Non-Travel,2014-08-29,,Active,0,11.34,10 yr+,5,Female,33,Single,Bachelor,2,1050.0,Tobias Haddad,5147,0.2615,2,Q2,-25.7,0,15.0,2025-12-13,3,2,4,2,No,
1757,Zara,Castellanos,Zara Castellanos,1,Sales,Go-To-Market,Sales Executive,2,Travel_Rarely,2020-09-11,,Active,0,5.3,5-10 yr,4,Female,49,Single,Master,11,986.0,Marcus Silva,4507,0.1077,1,Q1 (lowest paid in role),-34.9,0,12.0,2025-12-31,3,4,4,4,No,
1760,Ethan,Reyes,Ethan Reyes,2,Engineering,Technology,QA Engineer,1,Travel_Frequently,2019-01-29,,Active,0,6.92,5-10 yr,4,Female,38,Married,College,2,1837.0,Diego Whitfield,2468,0.314,2,Q2,-23.8,1,14.0,2025-12-30,3,2,3,2,No,
1762,Oscar,Aoki,Oscar Aoki,2,Engineering,Technology,Software Engineer,1,Travel_Rarely,2024-11-21,,Active,0,1.11,1-3 yr,2,Female,29,Divorced,Bachelor,4,1443.0,Aisha Rossi,2109,0.1031,1,Q1 (lowest paid in role),-34.9,1,13.0,2025-12-12,3,1,4,3,No,
1763,Chloe,Kowalski,Chloe Kowalski,6,Customer Support,Go-To-Market,Support Representative,2,Travel_Rarely,2018-01-27,,Active,0,7.93,5-10 yr,4,Male,30,Married,Bachelor,16,165.0,Ingrid Aoki,5294,0.1923,1,Q1 (lowest paid in role),-29.7,1,16.0,2025-12-21,3,3,3,3,No,
1764,Bruno,Steiner,Bruno Steiner,2,Engineering,Technology,Software Engineer,1,Non-Travel,2018-02-23,,Active,0,7.85,5-10 yr,4,Male,32,Single,Master,5,815.0,Chloe Aoki,2718,0.4261,2,Q2,-16.1,0,14.0,2025-12-27,3,2,2,3,No,
1766,Idris,Jokinen,Idris Jokinen,6,Customer Support,Go-To-Market,Support Representative,2,Travel_Rarely,2024-11-15,,Active,0,1.13,1-3 yr,2,Male,38,Married,Bachelor,18,119.0,Fatima Novak,5811,0.3077,2,Q2,-22.8,1,16.0,2025-12-22,3,4,2,3,Yes,
1768,Idris,Delacroix,Idris Delacroix,2,Engineering,Technology,QA Engineer,1,Travel_Rarely,2020-03-14,,Active,0,5.8,5-10 yr,4,Male,42,Divorced,Bachelor,12,1035.0,Lena Osei,2766,0.4496,2,Q2,-14.6,3,22.0,2025-12-31,4,2,2,2,No,
1770,Lena,Ferreira,Lena Ferreira,2,Engineering,Technology,Engineering Director,5,Travel_Rarely,2024-08-22,,Active,0,1.36,1-3 yr,2,Male,55,Married,Bachelor,2,825.0,Sofia Sharma,19038,0.7595,4,Q4 (highest paid in role),18.7,3,12.0,2025-12-28,3,1,3,3,No,
1771,Tariq,Silva,Tariq Silva,2,Engineering,Technology,Software Engineer,2,Non-Travel,2016-04-14,,Active,0,9.71,5-10 yr,4,Male,33,Divorced,Bachelor,4,1217.0,Soren Sharma,3055,0.5773,3,Q3,-5.7,2,15.0,2025-12-26,3,2,4,2,No,
1772,Rahul,Larsen,Rahul Larsen,2,Engineering,Technology,QA Engineer,1,Travel_Rarely,2020-11-02,,Active,0,5.16,5-10 yr,4,Male,41,Divorced,Master,9,352.0,Felix Reyes,2289,0.1822,1,Q1 (lowest paid in role),-29.3,2,20.0,2025-12-29,4,1,3,3,No,
1774,Oscar,Fitzgerald,Oscar Fitzgerald,1,Sales,Go-To-Market,Sales Executive,2,Non-Travel,2010-09-23,,Active,0,15.27,10 yr+,5,Male,34,Divorced,Bachelor,10,862.0,Hugo Grimaldi,4001,0.0,1,Q1 (lowest paid in role),-42.2,1,14.0,2025-12-29,3,3,4,3,Yes,
1775,Yuki,Larsen,Yuki Larsen,5,Operations,Technology,Operations Director,4,Non-Travel,2022-07-16,,Active,0,3.46,3-5 yr,3,Female,53,Married,Master,1,1032.0,Idris Mehta,12965,0.9444,4,Q4 (highest paid in role),77.7,3,20.0,2025-12-24,4,3,1,2,Yes,
1778,Diego,Simonsen,Diego Simonsen,3,HR,Corporate Services,HR Generalist,1,Travel_Rarely,2016-05-24,,Active,0,9.6,5-10 yr,4,Male,43,Single,Bachelor,2,1098.0,Jonas Novak,3539,0.549,3,Q3,-16.4,0,13.0,2025-12-16,3,4,2,3,No,
1779,Leila,Jokinen,Leila Jokinen,1,Sales,Go-To-Market,Sales Executive,2,Travel_Rarely,2023-03-02,,Active,0,2.83,1-3 yr,2,Female,34,Single,College,3,862.0,Hugo Grimaldi,6029,0.4615,2,Q2,-12.9,0,12.0,2025-12-13,3,4,4,3,No,
1782,Mei,Tanaka,Mei Tanaka,2,Engineering,Technology,QA Engineer,1,Travel_Rarely,2020-05-27,,Active,0,5.6,5-10 yr,4,Female,38,Married,College,6,1837.0,Diego Whitfield,3702,0.7016,3,Q3,14.4,1,11.0,2025-12-18,3,3,4,3,No,
1784,Omar,Marchetti,Omar Marchetti,1,Sales,Go-To-Market,Sales Executive,2,Travel_Rarely,2013-06-12,,Active,0,12.55,10 yr+,5,Female,31,Married,Master,29,1319.0,Sofia Castellanos,5468,0.3631,2,Q2,-21.0,2,14.0,2025-12-15,3,4,1,3,No,
1786,Hannah,Delacroix,Hannah Delacroix,4,Finance,Corporate Services,Finance Manager,3,Travel_Rarely,2023-01-03,,Active,0,2.99,1-3 yr,2,Female,51,Married,Bachelor,3,1578.0,Tariq Pashkov,13116,0.0891,1,Q1 (lowest paid in role),-23.7,0,11.0,2025-12-12,3,3,1,3,No,
1787,Leila,Ramos,Leila Ramos,1,Sales,Go-To-Market,Sales Executive,2,Travel_Rarely,2020-06-20,,Active,0,5.53,5-10 yr,4,Male,37,Married,College,9,81.0,Sofia Cardoso,4189,0.04,1,Q1 (lowest paid in role),-39.5,2,14.0,2025-12-22,3,2,2,3,No,
1789,Kwame,Eriksen,Kwame Eriksen,2,Engineering,Technology,Engineering Director,5,Travel_Rarely,2023-07-12,,Active,0,2.47,1-3 yr,2,Male,46,Divorced,Master,2,1770.0,Lena Ferreira,19328,0.8481,4,Q4 (highest paid in role),20.5,1,17.0,2025-12-13,3,4,3,3,Yes,
1790,Zara,Bianchi,Zara Bianchi,6,Customer Support,Go-To-Market,Support Representative,3,Travel_Rarely,2013-11-17,,Active,0,12.12,10 yr+,5,Male,36,Married,Bachelor,10,431.0,Leila Halvorsen,8321,0.6538,3,Q3,10.5,1,13.0,2025-12-30,3,1,4,3,Yes,
1794,Nikolai,Duarte,Nikolai Duarte,3,HR,Corporate Services,HR Generalist,2,Travel_Rarely,2015-06-17,,Active,0,10.54,10 yr+,5,Male,37,Divorced,College,8,1744.0,Grace Sharma,4071,0.6275,3,Q3,-3.9,0,13.0,2025-12-31,3,2,3,2,No,
1798,Aarav,Jokinen,Aarav Jokinen,2,Engineering,Technology,Software Engineer,1,Travel_Rarely,2015-06-26,,Active,0,10.52,10 yr+,5,Male,33,Married,Master,8,901.0,Chloe Mbeki,3143,0.6014,3,Q3,-3.0,1,19.0,2025-12-26,3,1,4,3,No,
1799,Jonas,Okafor,Jonas Okafor,2,Engineering,Technology,Software Engineer,1,Travel_Rarely,2020-09-29,,Active,0,5.25,5-10 yr,4,Male,28,Married,Bachelor,1,1719.0,Amara Sharma,2044,0.0584,1,Q1 (lowest paid in role),-36.9,1,11.0,2025-12-14,3,4,3,4,No,
1800,Divya,Delacroix,Divya Delacroix,2,Engineering,Technology,Engineering Director,3,Travel_Rarely,2021-02-20,,Active,0,4.86,3-5 yr,3,Male,39,Single,Below College,10,396.0,Chloe Tanaka,13464,0.2405,1,Q1 (lowest paid in role),-16.0,0,21.0,2025-12-14,4,3,3,3,No,
1801,Jonas,Castellanos,Jonas Castellanos,1,Sales,Go-To-Market,Sales Executive,2,Non-Travel,2023-03-21,,Active,0,2.78,1-3 yr,2,Male,46,Single,College,26,1975.0,Grace Kaur,7991,0.6985,3,Q3,15.4,0,15.0,2025-12-25,3,2,2,3,No,
1802,Luis,Moreau,Luis Moreau,2,Engineering,Technology,QA Engineer,1,Travel_Rarely,2021-01-29,,Active,0,4.92,3-5 yr,3,Female,40,Married,College,2,1128.0,Kwame Mehta,3377,0.6124,3,Q3,4.3,1,17.0,2025-12-29,3,1,3,2,No,
1803,Felix,Sharma,Felix Sharma,6,Customer Support,Go-To-Market,Support Representative,2,Travel_Rarely,2025-11-02,,Active,0,0.16,0-1 yr,1,Male,42,Married,Bachelor,13,372.0,Soren Duarte,5538,0.2385,1,Q1 (lowest paid in role),-26.4,2,18.0,2025-12-30,3,1,2,2,No,
1804,Sanne,Castellanos,Sanne Castellanos,5,Operations,Technology,Operations Director,2,Non-Travel,2018-11-02,,Active,0,7.16,5-10 yr,4,Male,35,Divorced,College,2,1026.0,Nadia Mbeki,5762,0.3611,2,Q2,-21.0,1,14.0,2025-12-18,3,4,2,3,No,
1805,Marcus,Petrov,Marcus Petrov,3,HR,Corporate Services,HR Generalist,1,Non-Travel,2014-05-01,,Active,0,11.67,10 yr+,5,Male,38,Divorced,Bachelor,2,1098.0,Jonas Novak,2592,0.2941,2,Q2,-38.8,3,13.0,2025-12-11,3,2,1,3,No,
1812,Lena,Simonsen,Lena Simonsen,1,Sales,Go-To-Market,Sales Executive,2,Travel_Frequently,2023-08-20,,Active,0,2.37,1-3 yr,2,Male,39,Divorced,Bachelor,20,2056.0,Grace Krishnan,4127,0.0246,1,Q1 (lowest paid in role),-40.4,1,18.0,2025-12-24,3,4,3,3,No,
1813,Claire,Rossi,Claire Rossi,2,Engineering,Technology,Software Engineer,1,Non-Travel,2022-07-10,,Active,0,3.48,3-5 yr,3,Male,43,Single,Bachelor,9,1035.0,Lena Osei,2438,0.2715,2,Q2,-24.8,0,13.0,2025-12-19,3,3,1,2,No,
1814,Isabel,Hassan,Isabel Hassan,6,Customer Support,Go-To-Market,Support Representative,2,Travel_Rarely,2022-03-09,,Active,0,3.81,3-5 yr,3,Male,41,Single,Bachelor,5,119.0,Fatima Novak,6870,0.5308,3,Q3,-8.7,0,12.0,2025-12-15,3,2,2,1,No,
1815,Ingrid,Ortega,Ingrid Ortega,1,Sales,Go-To-Market,Sales Executive,3,Travel_Rarely,2003-01-25,,Active,0,22.93,10 yr+,5,Female,41,Divorced,Below College,4,1716.0,Elena Pashkov,10447,0.9138,4,Q4 (highest paid in role),50.9,1,13.0,2025-12-16,3,3,3,4,Yes,
1816,Zara,Lindqvist,Zara Lindqvist,5,Operations,Technology,Operations Director,3,Travel_Rarely,2018-04-06,,Active,0,7.74,5-10 yr,4,Female,30,Single,Bachelor,10,1005.0,Zara Lindqvist,9667,0.7639,4,Q4 (highest paid in role),32.5,0,14.0,2025-12-16,3,3,1,3,No,
1822,Nadia,Pashkov,Nadia Pashkov,6,Customer Support,Go-To-Market,Support Representative,2,Travel_Rarely,2020-05-20,,Active,0,5.62,5-10 yr,4,Female,40,Divorced,Bachelor,1,119.0,Fatima Novak,6513,0.4154,2,Q2,-13.5,1,17.0,2025-12-27,3,4,3,3,No,
1823,Aisha,Andersen,Aisha Andersen,1,Sales,Go-To-Market,Sales Executive,2,Travel_Rarely,2015-09-12,,Active,0,10.3,10 yr+,5,Male,34,Married,College,8,862.0,Hugo Grimaldi,6799,0.5908,3,Q3,-1.8,2,21.0,2025-12-29,4,3,2,3,No,
1824,Zara,Duarte,Zara Duarte,4,Finance,Corporate Services,Finance Manager,4,Non-Travel,2009-04-03,,Active,0,16.74,10 yr+,5,Male,58,Divorced,Bachelor,2,1338.0,Samir Duarte,16291,0.2376,1,Q1 (lowest paid in role),-5.2,1,22.0,2025-12-17,4,2,2,2,No,
1826,Sofia,Fitzgerald,Sofia Fitzgerald,2,Engineering,Technology,QA Engineer,1,Travel_Rarely,2020-08-02,,Active,0,5.41,5-10 yr,4,Male,35,Married,Master,23,1422.0,Isabel Vandenberg,2705,0.4225,2,Q2,-16.4,1,16.0,2025-12-23,3,3,2,4,No,
1827,Yuki,Bergman,Yuki Bergman,5,Operations,Technology,Operations Director,3,Travel_Rarely,2003-06-04,,Active,0,22.58,10 yr+,5,Female,47,Divorced,Bachelor,4,867.0,Aarav Navarro,10333,0.8472,4,Q4 (highest paid in role),41.6,1,12.0,2025-12-13,3,2,3,3,Yes,
1829,Aarav,Nakamura,Aarav Nakamura,6,Customer Support,Go-To-Market,Support Representative,2,Travel_Rarely,2018-07-02,,Active,0,7.5,5-10 yr,4,Female,40,Divorced,Bachelor,12,119.0,Fatima Novak,4448,0.0846,1,Q1 (lowest paid in role),-40.9,1,12.0,2025-12-22,3,1,2,3,No,
1830,Leila,Tanaka,Leila Tanaka,2,Engineering,Technology,Software Engineer,2,Travel_Rarely,2018-11-22,,Active,0,7.11,5-10 yr,4,Female,54,Married,Master,7,638.0,Kwame Cardoso,6854,0.9931,4,Q4 (highest paid in role),111.5,1,15.0,2025-12-15,3,4,4,2,No,
1833,Priya,Pashkov,Priya Pashkov,1,Sales,Go-To-Market,Sales Executive,3,Travel_Frequently,2022-10-01,,Active,0,3.25,3-5 yr,3,Female,31,Married,Master,7,1039.0,Soren Novak,9637,0.8369,4,Q4 (highest paid in role),39.2,2,14.0,2025-12-18,3,1,1,3,No,
1834,Divya,Petrov,Divya Petrov,2,Engineering,Technology,Software Engineer,1,Travel_Rarely,2022-02-18,,Active,0,3.87,3-5 yr,3,Female,28,Married,Bachelor,1,1719.0,Amara Sharma,3591,0.7113,3,Q3,10.8,1,25.0,2025-12-18,4,1,3,3,No,
1835,Ingrid,Ramos,Ingrid Ramos,1,Sales,Go-To-Market,Sales Representative,2,Travel_Rarely,2021-09-25,,Active,0,4.27,3-5 yr,3,Female,38,Married,Master,2,81.0,Sofia Cardoso,5405,0.9878,4,Q4 (highest paid in role),105.8,2,20.0,2025-12-13,4,4,2,2,Yes,
1836,Daniel,Ortega,Daniel Ortega,1,Sales,Go-To-Market,Sales Executive,2,Travel_Rarely,2020-12-12,,Active,0,5.05,5-10 yr,4,Male,26,Single,Bachelor,10,2055.0,Oscar Bakker,4684,0.1692,1,Q1 (lowest paid in role),-32.4,0,13.0,2025-12-17,3,4,3,3,No,
1837,Diego,Whitfield,Diego Whitfield,2,Engineering,Technology,Engineering Director,4,Travel_Frequently,2023-08-09,,Active,0,2.4,1-3 yr,2,Male,58,Married,Master,15,522.0,Anika Bianchi,15787,0.4177,2,Q2,-1.5,0,14.0,2025-12-21,3,3,1,3,Yes,
1839,Hannah,Quintero,Hannah Quintero,2,Engineering,Technology,Software Engineer,1,Non-Travel,2025-12-07,,Active,0,0.07,0-1 yr,1,Female,18,Single,Bachelor,14,385.0,Hannah Lindqvist,1514,0.0206,1,Q1 (lowest paid in role),-53.3,0,16.0,2025-12-12,3,3,2,1,No,
1845,Hannah,Varga,Hannah Varga,1,Sales,Go-To-Market,Sales Executive,2,Non-Travel,2017-04-28,,Active,0,8.68,5-10 yr,4,Female,45,Married,Master,2,1975.0,Grace Kaur,5154,0.2646,2,Q2,-25.6,2,22.0,2025-12-17,4,3,3,4,No,
1847,Rosa,Varga,Rosa Varga,2,Engineering,Technology,Software Engineer,2,Travel_Rarely,2024-02-11,,Active,0,1.89,1-3 yr,2,Female,36,Married,Master,2,447.0,Tobias Moreau,6962,0.9966,4,Q4 (highest paid in role),114.9,1,22.0,2025-12-24,4,2,4,3,Yes,
1849,Samir,Silva,Samir Silva,1,Sales,Go-To-Market,Sales Executive,2,Travel_Frequently,2018-10-27,,Active,0,7.18,5-10 yr,4,Male,43,Married,Master,2,1975.0,Grace Kaur,5675,0.4154,2,Q2,-18.0,1,20.0,2025-12-26,4,4,1,3,No,
1850,Rahul,Nowak,Rahul Nowak,2,Engineering,Technology,QA Engineer,1,Travel_Frequently,2020-07-21,,Active,0,5.45,5-10 yr,4,Female,27,Single,College,5,520.0,Idris Lindqvist,2379,0.2481,1,Q1 (lowest paid in role),-26.5,0,14.0,2025-12-12,3,4,4,2,Yes,
1852,Hannah,Fitzgerald,Hannah Fitzgerald,2,Engineering,Technology,QA Engineer,1,Travel_Frequently,2014-09-05,,Active,0,11.32,10 yr+,5,Male,29,Married,Below College,20,1443.0,Aisha Rossi,3812,0.7326,3,Q3,17.8,0,13.0,2025-12-23,3,4,4,4,No,
1853,Grace,Haddad,Grace Haddad,1,Sales,Go-To-Market,Sales Executive,2,Travel_Frequently,2025-01-11,,Active,0,0.97,0-1 yr,1,Male,32,Single,Master,10,1968.0,Andre Ortega,4648,0.1569,1,Q1 (lowest paid in role),-32.9,0,13.0,2025-12-29,3,4,4,4,No,
1854,Jonas,Nakamura,Jonas Nakamura,2,Engineering,Technology,Software Engineer,1,Non-Travel,2019-04-16,,Active,0,6.71,5-10 yr,4,Male,42,Married,Master,10,1035.0,Lena Osei,2936,0.5326,3,Q3,-9.4,2,22.0,2025-12-24,4,3,3,2,No,
1856,Kwame,Novak,Kwame Novak,2,Engineering,Technology,QA Engineer,1,Travel_Rarely,2023-08-12,,Active,0,2.39,1-3 yr,2,Female,47,Single,Master,9,58.0,Isabel Hassan,2105,0.1047,1,Q1 (lowest paid in role),-35.0,0,12.0,2025-12-13,3,3,2,3,No,
1857,Camila,Sharma,Camila Sharma,5,Operations,Technology,Operations Director,3,Travel_Rarely,2016-06-10,,Active,0,9.56,5-10 yr,4,Male,46,Divorced,College,2,867.0,Aarav Navarro,8578,0.6944,3,Q3,17.6,1,14.0,2025-12-20,3,4,4,2,No,
1858,Aisha,Bianchi,Aisha Bianchi,3,HR,Corporate Services,HR Generalist,1,Non-Travel,2022-01-19,,Active,0,3.95,3-5 yr,3,Male,28,Divorced,College,1,590.0,Rosa Fitzgerald,2706,0.3333,2,Q2,-36.1,1,15.0,2025-12-21,3,4,3,3,No,
1859,Luis,Halvorsen,Luis Halvorsen,6,Customer Support,Go-To-Market,Support Representative,2,Travel_Rarely,2018-01-31,,Active,0,7.92,5-10 yr,4,Male,29,Divorced,Below College,29,165.0,Ingrid Aoki,6384,0.3846,2,Q2,-15.2,2,17.0,2025-12-24,3,3,4,3,No,
1860,Camila,Steiner,Camila Steiner,2,Engineering,Technology,QA Engineer,1,Travel_Rarely,2025-06-12,,Active,0,0.55,0-1 yr,1,Male,42,Single,Bachelor,8,1035.0,Lena Osei,3968,0.7674,4,Q4 (highest paid in role),22.6,0,13.0,2025-12-23,3,3,4,3,No,
1863,Oscar,Kowalski,Oscar Kowalski,1,Sales,Go-To-Market,Sales Executive,4,Travel_Rarely,2006-06-22,,Active,0,19.53,10 yr+,5,Female,46,Divorced,Bachelor,3,532.0,Tobias Aoki,13225,0.9785,4,Q4 (highest paid in role),91.0,1,12.0,2025-12-28,3,1,1,3,No,
1864,Ingrid,Nowak,Ingrid Nowak,1,Sales,Go-To-Market,Sales Representative,2,Travel_Rarely,2016-11-22,,Active,0,9.11,5-10 yr,4,Female,27,Married,Below College,23,2055.0,Oscar Bakker,3540,0.9268,4,Q4 (highest paid in role),34.8,1,21.0,2025-12-25,4,3,2,3,No,
1865,Priya,Tanaka,Priya Tanaka,3,HR,Corporate Services,HR Generalist,1,Travel_Rarely,2024-06-19,,Active,0,1.53,1-3 yr,2,Male,29,Married,Below College,6,590.0,Rosa Fitzgerald,2804,0.3922,2,Q2,-33.8,0,11.0,2025-12-15,3,2,4,3,No,
1866,Diego,Quintero,Diego Quintero,4,Finance,Corporate Services,Finance Manager,5,Travel_Rarely,2009-03-18,,Active,0,16.79,10 yr+,5,Female,43,Married,Bachelor,6,1191.0,Aisha Varga,19392,0.8416,4,Q4 (highest paid in role),12.9,0,13.0,2025-12-25,3,3,1,3,No,
1867,Caleb,Reyes,Caleb Reyes,2,Engineering,Technology,Engineering Director,5,Travel_Rarely,2003-03-30,,Active,0,22.76,10 yr+,5,Male,48,Married,Bachelor,10,254.0,Zara Sharma,19665,0.962,4,Q4 (highest paid in role),22.6,0,12.0,2025-12-29,3,2,4,3,No,
1870,Samir,Eriksen,Samir Eriksen,2,Engineering,Technology,Software Engineer,1,Travel_Frequently,2018-06-06,,Active,0,7.57,5-10 yr,4,Female,27,Married,Bachelor,15,661.0,Andre Nowak,4774,0.8763,4,Q4 (highest paid in role),47.3,1,19.0,2025-12-14,3,1,4,2,No,
1871,Grace,Sharma,Grace Sharma,2,Engineering,Technology,Software Engineer,2,Travel_Rarely,2023-10-19,,Active,0,2.2,1-3 yr,2,Male,39,Divorced,Master,19,1867.0,Caleb Reyes,3902,0.7491,3,Q3,20.4,3,14.0,2025-12-11,3,4,4,3,No,
1873,Hannah,Ferreira,Hannah Ferreira,2,Engineering,Technology,Software Engineer,1,Travel_Rarely,2020-06-15,,Active,0,5.54,5-10 yr,4,Male,55,Married,Master,2,58.0,Isabel Hassan,2662,0.3918,2,Q2,-17.8,1,20.0,2025-12-19,4,4,2,4,No,
1875,Diego,Tanaka,Diego Tanaka,1,Sales,Go-To-Market,Sales Representative,1,Travel_Rarely,2024-07-06,,Active,0,1.49,1-3 yr,2,Female,28,Married,Bachelor,3,1732.0,Claire Mehta,2856,0.7317,3,Q3,8.8,1,19.0,2025-12-13,3,2,2,3,No,
1880,Anika,Silva,Anika Silva,1,Sales,Go-To-Market,Sales Executive,2,Travel_Rarely,2015-08-03,,Active,0,10.41,10 yr+,5,Female,36,Married,Master,10,106.0,Aisha Ibrahim,5673,0.4123,2,Q2,-18.1,1,13.0,2025-12-23,3,3,2,3,Yes,
1881,Divya,Andersen,Divya Andersen,2,Engineering,Technology,QA Engineer,2,Travel_Rarely,2015-09-13,,Active,0,10.3,10 yr+,5,Male,31,Divorced,Bachelor,20,1608.0,Oscar Silva,4197,0.8217,4,Q4 (highest paid in role),29.7,1,11.0,2025-12-18,3,3,2,3,No,
1882,Freya,Petrov,Freya Petrov,1,Sales,Go-To-Market,Sales Executive,3,Travel_Rarely,2020-06-14,,Active,0,5.55,5-10 yr,4,Male,34,Married,Bachelor,4,1863.0,Oscar Kowalski,9713,0.8462,4,Q4 (highest paid in role),40.3,3,13.0,2025-12-17,3,4,3,3,Yes,
1883,Isabel,Larsen,Isabel Larsen,2,Engineering,Technology,QA Engineer,1,Travel_Rarely,2022-10-15,,Active,0,3.21,3-5 yr,3,Male,29,Single,Bachelor,7,575.0,Soren Bergman,2062,0.0736,1,Q1 (lowest paid in role),-36.3,0,14.0,2025-12-27,3,1,4,3,No,
1885,Jonas,Rossi,Jonas Rossi,2,Engineering,Technology,Software Engineer,2,Travel_Rarely,2020-07-09,,Active,0,5.48,5-10 yr,4,Male,37,Married,Master,7,447.0,Tobias Moreau,4284,0.8007,4,Q4 (highest paid in role),32.2,1,22.0,2025-12-17,4,1,4,3,Yes,
1886,Zara,Sharma,Zara Sharma,5,Operations,Technology,Operations Director,2,Travel_Rarely,2022-07-25,,Active,0,3.44,3-5 yr,3,Female,35,Married,College,16,1026.0,Nadia Mbeki,4788,0.1806,1,Q1 (lowest paid in role),-34.4,0,11.0,2025-12-13,3,2,4,3,Yes,
1888,Jonas,Hassan,Jonas Hassan,5,Operations,Technology,Operations Director,2,Travel_Rarely,2016-07-27,,Active,0,9.43,5-10 yr,4,Female,45,Married,College,25,2034.0,Nadia Larsen,5906,0.3819,2,Q2,-19.0,2,13.0,2025-12-16,3,4,2,2,No,
1890,Rosa,Steiner,Rosa Steiner,3,HR,Corporate Services,HR Generalist,2,Travel_Frequently,2015-07-28,,Active,0,10.43,10 yr+,5,Male,36,Single,Below College,2,1744.0,Grace Sharma,3886,0.6078,3,Q3,-8.3,0,21.0,2025-12-20,4,4,2,2,No,
1892,Nina,Ramos,Nina Ramos,4,Finance,Corporate Services,Finance Manager,4,Travel_Rarely,2006-08-06,,Active,0,19.4,10 yr+,5,Male,40,Divorced,Master,1,1578.0,Tariq Pashkov,16823,0.3465,2,Q2,-2.1,1,11.0,2025-12-24,3,1,1,3,No,
1893,Felix,Osei,Felix Osei,2,Engineering,Technology,Software Engineer,1,Travel_Rarely,2024-09-23,,Active,0,1.27,1-3 yr,2,Female,26,Married,College,1,1666.0,Soren Marchetti,2933,0.5292,3,Q3,-9.5,1,13.0,2025-12-15,3,3,2,2,Yes,
1898,Zara,Dubois,Zara Dubois,1,Sales,Go-To-Market,Sales Executive,2,Travel_Rarely,2017-05-18,,Active,0,8.62,5-10 yr,4,Female,27,Single,College,2,2055.0,Oscar Bakker,6500,0.5354,3,Q3,-6.1,0,14.0,2025-12-29,3,3,1,2,No,
1900,Hannah,Dubois,Hannah Dubois,4,Finance,Corporate Services,Finance Manager,4,Travel_Frequently,2003-12-14,,Active,0,22.05,10 yr+,5,Female,48,Divorced,Bachelor,22,787.0,Divya Novak,17174,0.4554,2,Q2,-0.0,1,11.0,2025-12-19,3,4,4,3,No,
1903,Jonas,Osei,Jonas Osei,6,Customer Support,Go-To-Market,Support Representative,2,Travel_Rarely,2023-03-12,,Active,0,2.81,1-3 yr,2,Male,44,Married,Master,1,1661.0,Daniel Krishnan,5033,0.1538,1,Q1 (lowest paid in role),-33.1,1,15.0,2025-12-27,3,1,2,3,No,
1908,Aisha,Rossi,Aisha Rossi,1,Sales,Go-To-Market,Sales Executive,2,Travel_Rarely,2021-01-09,,Active,0,4.97,3-5 yr,3,Male,36,Married,College,17,106.0,Aisha Ibrahim,5507,0.3877,2,Q2,-20.5,2,16.0,2025-12-23,3,2,3,1,No,
1909,Kwame,Castellanos,Kwame Castellanos,1,Sales,Go-To-Market,Sales Executive,2,Travel_Rarely,2020-02-15,,Active,0,5.88,5-10 yr,4,Female,41,Married,Bachelor,8,2056.0,Grace Krishnan,4393,0.0892,1,Q1 (lowest paid in role),-36.6,1,21.0,2025-12-15,4,2,3,3,No,
1911,Felix,Ramos,Felix Ramos,2,Engineering,Technology,Engineering Director,3,Travel_Rarely,2012-02-01,,Active,0,13.91,10 yr+,5,Male,42,Married,Bachelor,6,396.0,Chloe Tanaka,13348,0.2152,1,Q1 (lowest paid in role),-16.7,1,13.0,2025-12-25,3,1,3,4,No,
1912,Kwame,Delacroix,Kwame Delacroix,1,Sales,Go-To-Market,Sales Executive,2,Travel_Rarely,2020-07-11,,Active,0,5.47,5-10 yr,4,Female,31,Divorced,College,10,1319.0,Sofia Castellanos,6583,0.56,3,Q3,-4.9,1,11.0,2025-12-24,3,4,3,3,Yes,
1915,Claire,Marchetti,Claire Marchetti,1,Sales,Go-To-Market,Sales Executive,2,Travel_Rarely,2021-08-14,,Active,0,4.38,3-5 yr,3,Female,34,Married,Below College,3,862.0,Hugo Grimaldi,8103,0.7046,3,Q3,17.0,0,12.0,2025-12-23,3,4,4,2,Yes,
1916,Samir,Duarte,Samir Duarte,2,Engineering,Technology,QA Engineer,1,Travel_Rarely,2023-03-02,,Active,0,2.83,1-3 yr,2,Female,31,Divorced,Bachelor,4,997.0,Leila Krishnan,3978,0.7791,4,Q4 (highest paid in role),22.9,1,12.0,2025-12-11,3,3,1,2,No,
1918,Oscar,Ramos,Oscar Ramos,2,Engineering,Technology,QA Engineer,1,Travel_Frequently,2018-02-27,,Active,0,7.84,5-10 yr,4,Male,26,Married,Bachelor,6,1666.0,Soren Marchetti,2544,0.3411,2,Q2,-21.4,1,18.0,2025-12-11,3,4,3,3,No,
1922,Luis,Steiner,Luis Steiner,6,Customer Support,Go-To-Market,Support Representative,2,Travel_Frequently,2021-07-19,,Active,0,4.45,3-5 yr,3,Male,45,Single,Master,1,1661.0,Daniel Krishnan,5399,0.2231,1,Q1 (lowest paid in role),-28.3,0,12.0,2025-12-27,3,3,2,3,No,
1924,Rosa,Aoki,Rosa Aoki,1,Sales,Go-To-Market,Sales Executive,2,Travel_Rarely,2015-08-24,,Active,0,10.35,10 yr+,5,Male,33,Single,Master,10,1050.0,Tobias Haddad,5487,0.3815,2,Q2,-20.8,0,14.0,2025-12-30,3,3,2,2,No,
1927,Rahul,Moreau,Rahul Moreau,1,Sales,Go-To-Market,Sales Executive,2,Travel_Frequently,2018-07-05,,Active,0,7.49,5-10 yr,4,Male,28,Married,College,1,174.0,Grace Dubois,6834,0.6031,3,Q3,-1.3,1,12.0,2025-12-30,3,4,3,3,Yes,
1929,Yuki,Cardoso,Yuki Cardoso,1,Sales,Go-To-Market,Sales Executive,2,Non-Travel,2022-06-30,,Active,0,3.5,3-5 yr,3,Female,39,Married,Master,21,2056.0,Grace Krishnan,5736,0.4277,2,Q2,-17.2,1,19.0,2025-12-23,3,3,1,3,No,
1931,Peter,Bakker,Peter Bakker,2,Engineering,Technology,Software Engineer,1,Travel_Rarely,2020-12-07,,Active,0,5.07,5-10 yr,4,Male,27,Married,Master,2,661.0,Andre Nowak,2226,0.1512,1,Q1 (lowest paid in role),-31.3,1,11.0,2025-12-19,3,2,2,2,No,
1932,Sanne,Aoki,Sanne Aoki,2,Engineering,Technology,Software Engineer,2,Travel_Frequently,2010-02-07,,Active,0,15.9,10 yr+,5,Male,34,Married,Master,22,1069.0,Divya Krishnan,5747,0.9656,4,Q4 (highest paid in role),77.4,0,15.0,2025-12-29,3,4,3,3,Yes,
1934,Aisha,Lindqvist,Aisha Lindqvist,2,Engineering,Technology,Software Engineer,2,Non-Travel,2017-11-22,,Active,0,8.11,5-10 yr,4,Male,47,Married,Master,14,1941.0,Andre Delacroix,5467,0.945,4,Q4 (highest paid in role),68.7,1,18.0,2025-12-14,3,2,3,4,No,
1935,Nikolai,Aoki,Nikolai Aoki,1,Sales,Go-To-Market,Sales Executive,2,Travel_Rarely,2025-03-24,,Active,0,0.77,0-1 yr,1,Female,56,Married,Doctor,11,986.0,Marcus Silva,5380,0.3354,2,Q2,-22.3,1,16.0,2025-12-18,3,1,4,3,No,
1936,Elena,Kowalski,Elena Kowalski,5,Operations,Technology,Operations Director,2,Travel_Rarely,2015-07-15,,Active,0,10.46,10 yr+,5,Male,39,Married,College,9,601.0,Amara Grimaldi,5151,0.2708,2,Q2,-29.4,1,25.0,2025-12-29,4,1,1,3,No,
1937,Viktor,Sharma,Viktor Sharma,2,Engineering,Technology,Software Engineer,2,Travel_Frequently,2005-04-10,,Active,0,20.73,10 yr+,5,Female,38,Divorced,Bachelor,8,447.0,Tobias Moreau,2133,0.1203,1,Q1 (lowest paid in role),-34.2,1,16.0,2025-12-13,3,2,4,3,Yes,
1938,Daniel,Fitzgerald,Daniel Fitzgerald,4,Finance,Corporate Services,Finance Manager,4,Travel_Rarely,2024-12-07,,Active,0,1.07,1-3 yr,2,Female,58,Married,Bachelor,21,1338.0,Samir Duarte,17875,0.5644,3,Q3,4.0,1,13.0,2025-12-23,3,4,4,2,Yes,
1940,Rosa,Vandenberg,Rosa Vandenberg,2,Engineering,Technology,Software Engineer,1,Travel_Rarely,2020-11-13,,Active,0,5.13,5-10 yr,4,Male,38,Divorced,College,9,1837.0,Diego Whitfield,4771,0.8729,4,Q4 (highest paid in role),47.3,2,19.0,2025-12-27,3,4,2,4,No,
1941,Andre,Delacroix,Andre Delacroix,2,Engineering,Technology,Engineering Director,5,Travel_Frequently,2020-02-02,,Active,0,5.91,5-10 yr,4,Male,49,Married,Below College,2,254.0,Zara Sharma,19161,0.8101,4,Q4 (highest paid in role),19.5,0,15.0,2025-12-13,3,4,2,3,No,
1943,Marcus,Osei,Marcus Osei,1,Sales,Go-To-Market,Sales Executive,2,Travel_Rarely,2025-03-06,,Active,0,0.82,0-1 yr,1,Male,42,Divorced,Master,12,1975.0,Grace Kaur,5087,0.2585,2,Q2,-26.5,2,12.0,2025-12-27,3,4,2,3,Yes,
1945,Freya,Mehta,Freya Mehta,1,Sales,Go-To-Market,Sales Executive,2,Travel_Rarely,2020-09-26,,Active,0,5.26,5-10 yr,4,Male,35,Married,Master,18,1070.0,Samir Eriksen,5561,0.3908,2,Q2,-19.7,1,16.0,2025-12-13,3,1,2,1,No,
1947,Mei,Pashkov,Mei Pashkov,2,Engineering,Technology,Software Engineer,1,Non-Travel,2020-10-15,,Active,0,5.21,5-10 yr,4,Male,28,Single,Bachelor,16,1719.0,Amara Sharma,2144,0.1271,1,Q1 (lowest paid in role),-33.8,0,14.0,2025-12-15,3,3,3,2,No,
1948,Elena,Lombardi,Elena Lombardi,2,Engineering,Technology,Software Engineer,1,Non-Travel,2021-02-26,,Active,0,4.84,3-5 yr,3,Male,31,Divorced,College,3,1317.0,Aarav Duarte,3065,0.5876,3,Q3,-5.4,1,13.0,2025-12-29,3,1,3,4,Yes,
1949,Priya,Whitfield,Priya Whitfield,2,Engineering,Technology,QA Engineer,1,Non-Travel,2020-08-28,,Active,0,5.34,5-10 yr,4,Male,36,Married,Master,9,1250.0,Bruno Castellanos,2810,0.469,2,Q2,-13.2,0,22.0,2025-12-20,4,2,1,3,No,
1950,Peter,Jokinen,Peter Jokinen,1,Sales,Go-To-Market,Sales Executive,3,Travel_Rarely,2011-11-09,,Active,0,14.14,10 yr+,5,Male,34,Single,Bachelor,1,1863.0,Oscar Kowalski,9888,0.8646,4,Q4 (highest paid in role),42.8,0,21.0,2025-12-30,4,4,1,2,No,
1951,Felix,Moreau,Felix Moreau,1,Sales,Go-To-Market,Sales Executive,3,Travel_Rarely,2017-07-05,,Active,0,8.49,5-10 yr,4,Male,34,Divorced,Master,13,1863.0,Oscar Kowalski,8628,0.7569,4,Q4 (highest paid in role),24.6,1,18.0,2025-12-30,3,3,4,2,No,
1952,Lena,Reyes,Lena Reyes,2,Engineering,Technology,QA Engineer,1,Travel_Rarely,2018-06-21,,Active,0,7.53,5-10 yr,4,Male,26,Single,Bachelor,1,1666.0,Soren Marchetti,2867,0.4922,2,Q2,-11.4,0,13.0,2025-12-20,3,1,3,2,No,
1954,Fatima,Marchetti,Fatima Marchetti,6,Customer Support,Go-To-Market,Support Representative,2,Travel_Rarely,2020-07-23,,Active,0,5.44,5-10 yr,4,Male,29,Married,Bachelor,1,165.0,Ingrid Aoki,5373,0.2154,1,Q1 (lowest paid in role),-28.6,1,12.0,2025-12-21,3,1,1,2,No,
1955,Kwame,Silva,Kwame Silva,6,Customer Support,Go-To-Market,Support Representative,2,Non-Travel,2020-07-18,,Active,0,5.45,5-10 yr,4,Female,32,Divorced,Master,15,1697.0,Aarav Haddad,6667,0.4538,2,Q2,-11.4,1,18.0,2025-12-31,3,4,3,3,No,
1956,Hugo,Castellanos,Hugo Castellanos,2,Engineering,Technology,Software Engineer,2,Travel_Frequently,2015-09-21,,Active,0,10.28,10 yr+,5,Male,31,Married,Bachelor,1,1608.0,Oscar Silva,5003,0.9141,4,Q4 (highest paid in role),54.4,0,21.0,2025-12-17,4,1,4,3,No,
1961,Idris,Ferreira,Idris Ferreira,1,Sales,Go-To-Market,Sales Representative,1,Travel_Rarely,2024-06-23,,Active,0,1.52,1-3 yr,2,Male,38,Single,Bachelor,1,118.0,Anika Bergman,2858,0.7439,3,Q3,8.8,0,14.0,2025-12-29,3,1,1,2,No,
1962,Samir,Cardoso,Samir Cardoso,1,Sales,Go-To-Market,Sales Executive,2,Travel_Rarely,2015-08-30,,Active,0,10.34,10 yr+,5,Female,35,Married,Master,7,1070.0,Samir Eriksen,5204,0.2769,2,Q2,-24.8,0,11.0,2025-12-28,3,4,3,3,Yes,
1965,Daniel,Vandenberg,Daniel Vandenberg,1,Sales,Go-To-Market,Sales Executive,2,Travel_Rarely,2018-04-11,,Active,0,7.72,5-10 yr,4,Male,27,Single,Bachelor,9,2055.0,Oscar Bakker,4105,0.0185,1,Q1 (lowest paid in role),-40.7,0,14.0,2025-12-16,3,4,4,3,No,
1966,Claire,Halvorsen,Claire Halvorsen,5,Operations,Technology,Operations Director,2,Travel_Rarely,2024-02-12,,Active,0,1.88,1-3 yr,2,Male,32,Single,Master,5,1283.0,Aisha Aoki,9679,0.7708,4,Q4 (highest paid in role),32.7,0,24.0,2025-12-28,4,4,4,3,No,
1969,Camila,Navarro,Camila Navarro,2,Engineering,Technology,Software Engineer,2,Travel_Rarely,2021-10-09,,Active,0,4.23,3-5 yr,3,Female,54,Married,College,9,638.0,Kwame Cardoso,2897,0.5052,3,Q3,-10.6,2,11.0,2025-12-24,3,3,1,2,No,
1970,Rosa,Varga,Rosa Varga,6,Customer Support,Go-To-Market,Support Representative,2,Travel_Frequently,2016-03-16,,Active,0,9.79,5-10 yr,4,Male,33,Divorced,College,7,1697.0,Aarav Haddad,5968,0.3308,2,Q2,-20.7,3,20.0,2025-12-29,4,3,4,3,No,
1971,Priya,Simonsen,Priya Simonsen,6,Customer Support,Go-To-Market,Support Representative,3,Travel_Rarely,2015-11-08,,Active,0,10.15,10 yr+,5,Male,43,Married,Bachelor,11,431.0,Leila Halvorsen,7510,0.5846,3,Q3,-0.2,1,17.0,2025-12-19,3,3,1,3,No,
1972,Claire,Grimaldi,Claire Grimaldi,3,HR,Corporate Services,HR Generalist,1,Travel_Frequently,2019-04-01,,Active,0,6.75,5-10 yr,4,Male,38,Married,Master,1,1098.0,Jonas Novak,2991,0.4902,2,Q2,-29.4,1,11.0,2025-12-12,3,2,4,3,Yes,
1973,Yuki,Kaur,Yuki Kaur,4,Finance,Corporate Services,Finance Manager,5,Travel_Rarely,2015-04-12,,Active,0,10.72,10 yr+,5,Male,55,Married,Master,26,549.0,Freya Larsen,19636,0.9109,4,Q4 (highest paid in role),14.3,1,18.0,2025-12-15,3,2,3,3,Yes,
1974,Claire,Haddad,Claire Haddad,2,Engineering,Technology,QA Engineer,1,Travel_Rarely,2024-03-06,,Active,0,1.82,1-3 yr,2,Female,31,Divorced,Below College,2,1317.0,Aarav Duarte,1129,0.0039,1,Q1 (lowest paid in role),-65.1,3,11.0,2025-12-19,3,4,4,3,Yes,
1975,Grace,Kaur,Grace Kaur,1,Sales,Go-To-Market,Sales Executive,4,Travel_Rarely,2005-04-10,,Active,0,20.73,10 yr+,5,Male,39,Single,Master,15,532.0,Tobias Aoki,13341,0.9846,4,Q4 (highest paid in role),92.7,0,12.0,2025-12-28,3,1,2,3,No,
1976,Soren,Pashkov,Soren Pashkov,2,Engineering,Technology,Software Engineer,2,Non-Travel,2005-07-23,,Active,0,20.44,10 yr+,5,Male,42,Single,College,23,1263.0,Caleb Eriksen,4332,0.811,4,Q4 (highest paid in role),33.7,0,12.0,2025-12-24,3,3,4,3,No,
1979,Freya,Whitfield,Freya Whitfield,2,Engineering,Technology,Engineering Director,3,Non-Travel,2014-03-19,,Active,0,11.79,10 yr+,5,Female,31,Married,Bachelor,10,638.0,Kwame Cardoso,11031,0.0,1,Q1 (lowest paid in role),-31.2,1,20.0,2025-12-15,4,3,3,4,No,
1980,Lena,Fitzgerald,Lena Fitzgerald,5,Operations,Technology,Operations Director,2,Travel_Rarely,2020-04-15,,Active,0,5.71,5-10 yr,4,Female,54,Single,Bachelor,10,1005.0,Zara Lindqvist,4440,0.125,1,Q1 (lowest paid in role),-39.1,0,19.0,2025-12-16,3,1,3,3,Yes,
1981,Freya,Ramos,Freya Ramos,6,Customer Support,Go-To-Market,Support Representative,2,Travel_Rarely,2021-04-05,,Active,0,4.74,3-5 yr,3,Male,24,Single,College,1,165.0,Ingrid Aoki,4617,0.1154,1,Q1 (lowest paid in role),-38.7,0,12.0,2025-12-23,3,3,2,2,No,
1982,Aarav,Bakker,Aarav Bakker,2,Engineering,Technology,QA Engineer,1,Travel_Rarely,2020-06-16,,Active,0,5.54,5-10 yr,4,Male,23,Single,College,12,468.0,Mei Mehta,2647,0.3915,2,Q2,-18.2,0,13.0,2025-12-24,3,4,4,4,No,
1985,Sofia,Navarro,Sofia Navarro,2,Engineering,Technology,QA Engineer,2,Travel_Frequently,2015-05-25,,Active,0,10.6,10 yr+,5,Female,40,Married,Bachelor,11,1263.0,Caleb Eriksen,6323,0.9845,4,Q4 (highest paid in role),95.3,1,11.0,2025-12-23,3,3,4,4,No,
1986,Divya,Bergman,Divya Bergman,1,Sales,Go-To-Market,Sales Executive,2,Travel_Rarely,2014-11-12,,Active,0,11.13,10 yr+,5,Female,40,Married,College,2,2056.0,Grace Krishnan,5677,0.4185,2,Q2,-18.0,1,14.0,2025-12-26,3,2,2,3,No,
1987,Nadia,Sharma,Nadia Sharma,3,HR,Corporate Services,HR Generalist,1,Travel_Rarely,2023-06-19,,Active,0,2.54,1-3 yr,2,Female,25,Married,Bachelor,2,590.0,Rosa Fitzgerald,2187,0.1765,1,Q1 (lowest paid in role),-48.4,0,14.0,2025-12-31,3,2,3,3,No,
1989,Samir,Mehta,Samir Mehta,2,Engineering,Technology,QA Engineer,1,Travel_Rarely,2013-05-06,,Active,0,12.65,10 yr+,5,Male,30,Married,College,1,1539.0,Camila Dubois,3748,0.7209,3,Q3,15.8,0,13.0,2025-12-27,3,2,4,2,No,
1992,Fatima,Hassan,Fatima Hassan,2,Engineering,Technology,QA Engineer,1,Travel_Rarely,2023-02-20,,Active,0,2.86,1-3 yr,2,Male,25,Divorced,Below College,2,1666.0,Soren Marchetti,3977,0.7752,4,Q4 (highest paid in role),22.9,1,19.0,2025-12-11,3,3,4,2,Yes,
1993,Hugo,Mbeki,Hugo Mbeki,6,Customer Support,Go-To-Market,Support Representative,3,Travel_Rarely,2008-06-04,,Active,0,17.57,10 yr+,5,Male,47,Single,Bachelor,25,1606.0,Aarav Eriksen,8633,0.6846,3,Q3,14.7,0,23.0,2025-12-11,4,3,1,3,No,
1994,Caleb,Fitzgerald,Caleb Fitzgerald,2,Engineering,Technology,QA Engineer,1,Non-Travel,2024-08-09,,Active,0,1.39,1-3 yr,2,Male,33,Divorced,College,1,901.0,Chloe Mbeki,2008,0.0465,1,Q1 (lowest paid in role),-38.0,3,12.0,2025-12-24,3,3,2,2,No,
1995,Hannah,Ibrahim,Hannah Ibrahim,1,Sales,Go-To-Market,Sales Executive,2,Travel_Rarely,2010-02-09,,Active,0,15.89,10 yr+,5,Male,38,Married,Master,1,81.0,Sofia Cardoso,4440,0.0954,1,Q1 (lowest paid in role),-35.9,2,15.0,2025-12-28,3,2,4,3,No,
1996,Anika,Hassan,Anika Hassan,1,Sales,Go-To-Market,Sales Representative,1,Travel_Rarely,2023-05-14,,Active,0,2.63,1-3 yr,2,Male,31,Married,College,2,1457.0,Leila Rossi,3067,0.8415,4,Q4 (highest paid in role),16.8,1,19.0,2025-12-20,3,3,1,3,No,
1997,Hugo,Silva,Hugo Silva,5,Operations,Technology,Operations Director,2,Travel_Frequently,2017-04-30,,Active,0,8.67,5-10 yr,4,Male,38,Married,Master,6,601.0,Amara Grimaldi,5321,0.3194,2,Q2,-27.1,1,11.0,2025-12-19,3,3,1,3,No,
1998,Peter,Fitzgerald,Peter Fitzgerald,2,Engineering,Technology,Software Engineer,2,Travel_Rarely,2021-04-17,,Active,0,4.71,3-5 yr,3,Male,42,Divorced,Master,18,1263.0,Caleb Eriksen,5410,0.9381,4,Q4 (highest paid in role),67.0,1,17.0,2025-12-16,3,1,4,2,Yes,
1999,Nikolai,Hassan,Nikolai Hassan,2,Engineering,Technology,Software Engineer,1,Travel_Rarely,2020-03-31,,Active,0,5.75,5-10 yr,4,Male,41,Married,Bachelor,1,352.0,Felix Reyes,2782,0.457,2,Q2,-14.1,1,22.0,2025-12-17,4,4,4,3,No,
2000,Idris,Nakamura,Idris Nakamura,2,Engineering,Technology,Engineering Director,3,Non-Travel,2012-02-28,,Active,0,13.84,10 yr+,5,Female,47,Married,Below College,1,1061.0,Claire Sharma,11957,0.0886,1,Q1 (lowest paid in role),-25.4,2,18.0,2025-12-20,3,2,3,1,No,
2003,Viktor,Ferreira,Viktor Ferreira,2,Engineering,Technology,QA Engineer,1,Travel_Rarely,2023-02-06,,Active,0,2.9,1-3 yr,2,Male,35,Married,Master,11,1422.0,Isabel Vandenberg,2660,0.3992,2,Q2,-17.8,1,11.0,2025-12-15,3,3,4,3,Yes,
2007,Soren,Ferreira,Soren Ferreira,2,Engineering,Technology,Software Engineer,1,Travel_Rarely,2022-11-08,,Active,0,3.15,3-5 yr,3,Male,22,Single,College,1,1485.0,Ethan Quintero,3375,0.6426,3,Q3,4.2,0,12.0,2025-12-30,3,3,4,4,No,
2008,Amara,Ibrahim,Amara Ibrahim,2,Engineering,Technology,Software Engineer,2,Travel_Rarely,2015-11-03,,Active,0,10.16,10 yr+,5,Male,35,Single,Master,9,1069.0,Divya Krishnan,5098,0.921,4,Q4 (highest paid in role),57.3,0,19.0,2025-12-23,3,3,2,3,No,
2009,Lena,Mbeki,Lena Mbeki,6,Customer Support,Go-To-Market,Support Representative,2,Travel_Rarely,2016-08-23,,Active,0,9.36,5-10 yr,4,Female,33,Married,College,15,1697.0,Aarav Haddad,4878,0.1462,1,Q1 (lowest paid in role),-35.2,1,13.0,2025-12-16,3,4,2,3,Yes,
2010,Marcus,Nakamura,Marcus Nakamura,2,Engineering,Technology,QA Engineer,1,Travel_Rarely,2019-12-08,,Active,0,6.06,5-10 yr,4,Female,32,Single,Master,29,815.0,Chloe Aoki,2837,0.4845,2,Q2,-12.4,0,13.0,2025-12-12,3,2,3,3,No,
2012,Ethan,Novak,Ethan Novak,2,Engineering,Technology,QA Engineer,1,Travel_Rarely,2024-11-18,,Active,0,1.12,1-3 yr,2,Male,40,Married,Master,1,1128.0,Kwame Mehta,2406,0.2713,2,Q2,-25.7,2,19.0,2025-12-25,3,4,1,2,No,
2013,Aisha,Delacroix,Aisha Delacroix,1,Sales,Go-To-Market,Sales Representative,1,Travel_Rarely,2023-01-16,,Active,0,2.96,1-3 yr,2,Male,32,Married,Master,1,580.0,Yuki Nowak,2269,0.2561,2,Q2,-13.6,1,14.0,2025-12-16,3,2,2,3,No,
2014,Andre,Hassan,Andre Hassan,2,Engineering,Technology,Software Engineer,2,Travel_Rarely,2018-07-19,,Active,0,7.45,5-10 yr,4,Male,39,Single,Below College,24,1867.0,Caleb Reyes,4108,0.7869,4,Q4 (highest paid in role),26.8,0,13.0,2025-12-29,3,4,1,3,No,
2015,Sofia,Duarte,Sofia Duarte,2,Engineering,Technology,Engineering Director,3,Travel_Rarely,2007-12-02,,Active,0,18.08,10 yr+,5,Female,38,Married,Bachelor,10,396.0,Chloe Tanaka,13206,0.1772,1,Q1 (lowest paid in role),-17.6,1,12.0,2025-12-12,3,3,2,3,No,
2016,Aisha,Haddad,Aisha Haddad,1,Sales,Go-To-Market,Sales Executive,3,Travel_Rarely,2011-09-30,,Active,0,14.25,10 yr+,5,Female,32,Married,Master,1,1039.0,Soren Novak,10422,0.9108,4,Q4 (highest paid in role),50.5,2,19.0,2025-12-25,3,4,3,3,No,
2017,Jonas,Tanaka,Jonas Tanaka,2,Engineering,Technology,Engineering Director,3,Travel_Rarely,2009-05-12,,Active,0,16.64,10 yr+,5,Female,37,Married,Bachelor,10,396.0,Chloe Tanaka,13744,0.3291,2,Q2,-14.3,1,25.0,2025-12-22,4,4,3,3,Yes,
2018,Ethan,Petrov,Ethan Petrov,1,Sales,Go-To-Market,Sales Executive,2,Travel_Rarely,2020-12-01,,Active,0,5.08,5-10 yr,4,Female,25,Divorced,College,8,118.0,Anika Bergman,4907,0.2154,1,Q1 (lowest paid in role),-29.1,1,22.0,2025-12-30,4,3,1,2,Yes,
2019,Zara,Ramos,Zara Ramos,1,Sales,Go-To-Market,Sales Representative,1,Non-Travel,2016-07-16,,Active,0,9.46,5-10 yr,4,Male,52,Divorced,Master,29,118.0,Anika Bergman,3482,0.9146,4,Q4 (highest paid in role),32.6,2,15.0,2025-12-31,3,4,1,2,No,
2020,Peter,Eriksen,Peter Eriksen,2,Engineering,Technology,Software Engineer,1,Travel_Rarely,2021-12-18,,Active,0,4.04,3-5 yr,3,Male,44,Single,Bachelor,1,999.0,Jonas Mbeki,2436,0.2646,2,Q2,-24.8,0,12.0,2025-12-27,3,4,2,3,Yes,
2021,Nina,Andersen,Nina Andersen,1,Sales,Go-To-Market,Sales Representative,1,Travel_Rarely,2023-03-07,,Active,0,2.82,1-3 yr,2,Male,21,Single,Below College,5,302.0,Diego Ramos,2380,0.4024,2,Q2,-9.4,0,11.0,2025-12-31,3,1,3,3,Yes,
2022,Isabel,Ibrahim,Isabel Ibrahim,4,Finance,Corporate Services,Finance Manager,5,Non-Travel,2019-10-25,,Active,0,6.18,5-10 yr,4,Male,39,Single,Bachelor,9,1338.0,Samir Duarte,19431,0.8515,4,Q4 (highest paid in role),13.1,0,13.0,2025-12-30,3,4,4,2,No,
2024,Mira,Eriksen,Mira Eriksen,1,Sales,Go-To-Market,Sales Executive,3,Travel_Rarely,2016-08-30,,Active,0,9.34,5-10 yr,4,Female,36,Married,Bachelor,3,1863.0,Oscar Kowalski,7644,0.68,3,Q3,10.4,2,19.0,2025-12-11,3,4,1,3,No,
2025,Jonas,Mbeki,Jonas Mbeki,5,Operations,Technology,Operations Director,2,Travel_Frequently,2021-05-28,,Active,0,4.59,3-5 yr,3,Female,36,Divorced,College,4,1026.0,Nadia Mbeki,5131,0.2639,2,Q2,-29.7,3,13.0,2025-12-17,3,2,4,3,No,
2026,Ethan,Marchetti,Ethan Marchetti,6,Customer Support,Go-To-Market,Support Representative,2,Non-Travel,2012-09-04,,Active,0,13.32,10 yr+,5,Male,56,Divorced,Master,1,431.0,Leila Halvorsen,6306,0.3692,2,Q2,-16.2,1,21.0,2025-12-11,4,3,3,2,No,
2031,Zara,Moreau,Zara Moreau,4,Finance,Corporate Services,Finance Manager,5,Travel_Rarely,2003-06-22,,Active,0,22.53,10 yr+,5,Male,42,Married,Bachelor,2,1191.0,Aisha Varga,18880,0.6931,3,Q3,9.9,0,11.0,2025-12-16,3,3,1,2,No,
2034,Nadia,Larsen,Nadia Larsen,5,Operations,Technology,Operations Director,4,Travel_Rarely,2005-06-28,,Active,0,20.51,10 yr+,5,Female,41,Married,Master,28,1373.0,Marcus Hassan,13570,0.9792,4,Q4 (highest paid in role),86.0,1,23.0,2025-12-11,4,2,1,3,No,
2035,Amara,Ramos,Amara Ramos,1,Sales,Go-To-Market,Sales Executive,2,Travel_Rarely,2017-05-12,,Active,0,8.64,5-10 yr,4,Female,34,Married,Bachelor,28,862.0,Hugo Grimaldi,6712,0.5785,3,Q3,-3.1,2,21.0,2025-12-24,4,3,4,3,No,
2036,Zara,Whitfield,Zara Whitfield,1,Sales,Go-To-Market,Sales Executive,2,Non-Travel,2010-05-03,,Active,0,15.66,10 yr+,5,Male,36,Divorced,Master,15,106.0,Aisha Ibrahim,5406,0.3477,2,Q2,-21.9,1,24.0,2025-12-21,4,4,4,2,No,
2037,Felix,Mehta,Felix Mehta,1,Sales,Go-To-Market,Sales Executive,2,Travel_Rarely,2020-02-13,,Active,0,5.88,5-10 yr,4,Male,41,Divorced,Bachelor,3,2056.0,Grace Krishnan,8938,0.7815,4,Q4 (highest paid in role),29.1,1,11.0,2025-12-22,3,2,3,3,No,
2038,Elena,Delacroix,Elena Delacroix,2,Engineering,Technology,Software Engineer,1,Travel_Rarely,2021-01-09,,Active,0,4.97,3-5 yr,3,Male,32,Single,Bachelor,2,815.0,Chloe Aoki,2439,0.2749,2,Q2,-24.7,0,14.0,2025-12-18,3,1,4,3,No,
2040,Hugo,Mbeki,Hugo Mbeki,3,HR,Corporate Services,HR Generalist,3,Travel_Rarely,2016-08-27,,Active,0,9.34,5-10 yr,4,Female,35,Single,Master,26,698.0,Anika Vandenberg,8837,0.9216,4,Q4 (highest paid in role),108.6,0,16.0,2025-12-26,3,4,3,3,Yes,
2041,Peter,Castellanos,Peter Castellanos,1,Sales,Go-To-Market,Sales Executive,2,Travel_Rarely,2015-03-22,,Active,0,10.78,10 yr+,5,Female,38,Married,College,10,81.0,Sofia Cardoso,5343,0.3231,2,Q2,-22.8,1,11.0,2025-12-14,3,4,1,3,No,
2045,Mei,Lindqvist,Mei Lindqvist,1,Sales,Go-To-Market,Sales Executive,2,Travel_Rarely,2019-12-07,,Active,0,6.07,5-10 yr,4,Female,36,Married,Master,11,106.0,Aisha Ibrahim,6652,0.5662,3,Q3,-3.9,1,13.0,2025-12-15,3,4,2,2,No,
2046,Omar,Kowalski,Omar Kowalski,1,Sales,Go-To-Market,Sales Executive,2,Travel_Rarely,2020-01-19,,Active,0,5.95,5-10 yr,4,Female,45,Single,Bachelor,20,1975.0,Grace Kaur,4850,0.2031,1,Q1 (lowest paid in role),-30.0,0,15.0,2025-12-27,3,3,4,3,No,
2048,Hannah,Kowalski,Hannah Kowalski,2,Engineering,Technology,Software Engineer,1,Travel_Rarely,2023-12-08,,Active,0,2.06,1-3 yr,2,Male,40,Single,Master,2,1128.0,Kwame Mehta,2809,0.4674,2,Q2,-13.3,0,14.0,2025-12-15,3,3,3,3,No,
2049,Leila,Novak,Leila Novak,6,Customer Support,Go-To-Market,Support Representative,2,Travel_Frequently,2015-07-30,,Active,0,10.42,10 yr+,5,Male,35,Married,Master,18,1127.0,Ethan Simonsen,5689,0.2846,2,Q2,-24.4,2,14.0,2025-12-25,3,3,3,4,Yes,
2051,Mei,Ramos,Mei Ramos,2,Engineering,Technology,Software Engineer,1,Travel_Rarely,2020-02-05,,Active,0,5.9,5-10 yr,4,Female,40,Married,Master,2,1128.0,Kwame Mehta,2001,0.0344,1,Q1 (lowest paid in role),-38.2,3,14.0,2025-12-30,3,3,3,3,No,
2052,Amara,Lindqvist,Amara Lindqvist,2,Engineering,Technology,Software Engineer,1,Travel_Rarely,2021-08-03,,Active,0,4.41,3-5 yr,3,Female,35,Married,Master,1,1422.0,Isabel Vandenberg,2977,0.5533,3,Q3,-8.1,1,12.0,2025-12-29,3,4,3,3,No,
2053,Amara,Ortega,Amara Ortega,2,Engineering,Technology,QA Engineer,2,Travel_Rarely,2021-06-10,,Active,0,4.56,3-5 yr,3,Male,29,Married,College,13,1608.0,Oscar Silva,4025,0.8023,4,Q4 (highest paid in role),24.3,1,13.0,2025-12-19,3,2,4,3,Yes,
2054,Freya,Larsen,Freya Larsen,2,Engineering,Technology,Software Engineer,1,Travel_Rarely,2020-07-07,,Active,0,5.48,5-10 yr,4,Female,29,Single,Master,28,575.0,Soren Bergman,3785,0.7423,3,Q3,16.8,0,14.0,2025-12-15,3,1,4,1,No,
2056,Grace,Krishnan,Grace Krishnan,1,Sales,Go-To-Market,Sales Executive,4,Travel_Rarely,2005-11-03,,Active,0,20.16,10 yr+,5,Female,39,Married,Below College,24,1372.0,Tobias Varga,12031,0.9631,4,Q4 (highest paid in role),73.8,1,11.0,2025-12-13,3,4,2,2,No,
2057,Kwame,Cardoso,Kwame Cardoso,5,Operations,Technology,Operations Director,2,Non-Travel,2016-02-29,,Active,0,9.84,5-10 yr,4,Male,31,Single,Bachelor,5,1360.0,Tariq Hassan,9936,0.7778,4,Q4 (highest paid in role),36.2,0,19.0,2025-12-14,3,1,2,3,No,
2060,Andre,Halvorsen,Andre Halvorsen,1,Sales,Go-To-Market,Sales Representative,1,Travel_Rarely,2021-01-14,,Active,0,4.96,3-5 yr,3,Female,26,Single,Bachelor,5,1732.0,Claire Mehta,2966,0.7805,4,Q4 (highest paid in role),12.9,0,18.0,2025-12-14,3,3,4,3,No,
2061,Diego,Quintero,Diego Quintero,2,Engineering,Technology,QA Engineer,2,Travel_Frequently,2020-04-09,,Active,0,5.73,5-10 yr,4,Male,36,Married,College,23,447.0,Tobias Moreau,2571,0.3605,2,Q2,-20.6,1,17.0,2025-12-31,3,4,3,3,No,
2062,Marcus,Dubois,Marcus Dubois,6,Customer Support,Go-To-Market,Support Representative,3,Travel_Rarely,2018-05-13,,Active,0,7.64,5-10 yr,4,Male,39,Married,Below College,6,431.0,Leila Halvorsen,9991,0.7846,4,Q4 (highest paid in role),32.7,1,15.0,2025-12-30,3,1,4,3,No,
2064,Mira,Jokinen,Mira Jokinen,5,Operations,Technology,Operations Director,2,Travel_Rarely,2019-08-06,,Active,0,6.4,5-10 yr,4,Male,27,Married,Bachelor,4,1360.0,Tariq Hassan,6142,0.4444,2,Q2,-15.8,1,20.0,2025-12-20,4,2,2,3,Yes,
2065,Chloe,Haddad,Chloe Haddad,1,Sales,Go-To-Market,Sales Executive,2,Travel_Frequently,2016-10-04,,Active,0,9.24,5-10 yr,4,Male,49,Married,Bachelor,2,986.0,Marcus Silva,5390,0.3385,2,Q2,-22.2,0,14.0,2025-12-31,3,2,4,2,No,
2068,Tariq,Bianchi,Tariq Bianchi,2,Engineering,Technology,QA Engineer,2,Travel_Rarely,2021-03-12,,Active,0,4.8,3-5 yr,3,Male,34,Married,Bachelor,8,1069.0,Divya Krishnan,4404,0.845,4,Q4 (highest paid in role),36.0,0,12.0,2025-12-29,3,3,2,4,No,
825,Sofia,Sharma,Sofia Sharma,2,Engineering,Technology,Engineering Director,5,Travel_Rarely,1992-09-28,2024-07-22,Terminated,1,31.81,10 yr+,5,Male,58,Single,Master,2,,,19246,0.8354,4,Q4 (highest paid in role),20.0,0,12.0,2024-07-20,3,2,4,3,Yes,1
131,Zara,Mehta,Zara Mehta,1,Sales,Go-To-Market,Sales Executive,4,Travel_Rarely,1988-05-12,,Active,0,37.64,10 yr+,5,Male,58,Single,Master,10,,,13872,1.0,4,Q4 (highest paid in role),100.3,0,13.0,2025-12-25,3,3,4,2,No,
549,Freya,Larsen,Freya Larsen,4,Finance,Corporate Services,Finance Manager,5,Travel_Rarely,1996-07-03,,Active,0,29.49,10 yr+,5,Female,60,Married,Bachelor,7,,,19566,0.8812,4,Q4 (highest paid in role),13.9,0,11.0,2025-12-23,3,1,1,1,No,
698,Anika,Vandenberg,Anika Vandenberg,3,HR,Corporate Services,HR Generalist,3,Travel_Rarely,2016-07-27,,Active,0,9.43,5-10 yr,4,Male,54,Married,Master,19,,,10725,1.0,4,Q4 (highest paid in role),153.2,1,15.0,2025-12-15,3,2,3,4,No,
762,Felix,Okafor,Felix Okafor,6,Customer Support,Go-To-Market,Support Representative,4,Travel_Rarely,2015-02-02,,Active,0,10.91,10 yr+,5,Male,56,Married,Bachelor,9,,,11103,0.9385,4,Q4 (highest paid in role),47.5,0,11.0,2025-12-19,3,4,3,2,No,
1032,Idris,Mehta,Idris Mehta,5,Operations,Technology,Operations Director,4,Travel_Rarely,2020-09-18,,Active,0,5.28,5-10 yr,4,Female,59,Single,Bachelor,2,,,13726,0.9861,4,Q4 (highest paid in role),88.2,0,13.0,2025-12-17,3,4,3,3,Yes,
