review_id,employee_id,review_date,performance_rating,job_satisfaction,environment_satisfaction,work_life_balance,overtime_flag,manager_id
6,1,2019-11-19,3,3,3,2,Yes,2056.0
5,1,2020-12-01,3,4,1,2,Yes,2056.0
4,1,2021-12-08,3,3,3,1,No,2056.0
3,1,2022-11-22,3,4,3,1,No,2056.0
2,1,2023-12-08,3,4,1,1,No,2056.0
1,1,2024-11-22,3,4,2,1,Yes,2056.0
12,2,2020-12-15,4,3,4,3,Yes,638.0
11,2,2021-12-18,3,2,4,2,No,638.0
10,2,2022-12-12,3,2,4,2,No,638.0
9,2,2023-12-21,4,2,4,4,Yes,638.0
8,2,2024-12-20,4,3,2,2,No,638.0
7,2,2025-12-14,4,2,3,3,No,638.0
13,4,2024-11-21,3,3,4,3,Yes,1837.0
19,5,2020-12-16,3,2,4,2,Yes,730.0
18,5,2021-12-17,3,4,4,2,No,730.0
17,5,2022-12-14,3,4,3,3,No,730.0
16,5,2023-12-24,3,3,4,2,Yes,730.0
15,5,2024-12-30,3,4,4,3,No,730.0
14,5,2025-12-21,3,3,4,3,Yes,730.0
22,7,2023-12-14,3,2,1,2,No,1523.0
21,7,2024-12-30,3,2,1,3,No,1523.0
20,7,2025-12-18,3,2,1,3,No,1523.0
28,8,2020-12-26,3,3,3,2,No,901.0
27,8,2021-12-26,3,4,4,1,No,901.0
26,8,2022-12-21,3,3,4,2,No,901.0
25,8,2023-12-26,3,4,4,3,No,901.0
24,8,2024-12-31,3,4,3,3,No,901.0
23,8,2025-12-25,3,4,4,2,No,901.0
30,10,2024-12-22,3,1,4,1,No,1608.0
29,10,2025-12-17,4,1,3,2,Yes,1608.0
32,11,2024-12-20,4,2,4,3,Yes,1317.0
31,11,2025-12-21,4,3,4,3,No,1317.0
38,12,2020-12-19,3,4,4,2,No,1367.0
37,12,2021-12-20,4,2,4,3,No,1367.0
36,12,2022-12-20,4,3,3,4,No,1367.0
35,12,2023-12-22,3,3,3,3,No,1367.0
34,12,2024-12-27,3,2,3,3,No,1367.0
33,12,2025-12-30,4,3,4,3,No,1367.0
44,13,2020-12-13,3,4,4,2,No,119.0
43,13,2021-12-30,3,3,3,2,No,119.0
42,13,2022-12-19,3,4,2,2,No,119.0
41,13,2023-12-16,3,2,3,3,No,119.0
40,13,2024-12-29,3,2,3,1,No,119.0
39,13,2025-12-15,3,3,3,2,No,119.0
50,14,2020-12-17,3,1,1,4,No,1250.0
49,14,2021-12-18,3,2,2,3,No,1250.0
48,14,2022-12-14,3,1,2,2,No,1250.0
47,14,2023-12-19,3,2,1,2,No,1250.0
46,14,2024-12-25,3,1,1,2,No,1250.0
45,14,2025-12-26,3,2,1,3,No,1250.0
56,15,2020-12-12,3,3,4,2,Yes,1608.0
55,15,2021-12-31,3,2,4,4,Yes,1608.0
54,15,2022-12-20,3,2,4,4,No,1608.0
53,15,2023-12-13,3,2,4,4,No,1608.0
52,15,2024-12-14,3,3,3,3,No,1608.0
51,15,2025-12-17,3,3,4,3,Yes,1608.0
62,16,2020-12-28,3,2,1,3,No,815.0
61,16,2021-12-23,3,4,2,1,No,815.0
60,16,2022-12-16,3,4,2,2,No,815.0
59,16,2023-12-21,3,4,2,2,No,815.0
58,16,2024-12-15,3,3,1,2,No,815.0
57,16,2025-12-16,3,3,1,2,No,815.0
65,18,2023-12-24,3,4,3,2,Yes,1422.0
64,18,2024-12-27,3,4,1,4,No,1422.0
63,18,2025-12-15,3,4,2,3,No,1422.0
70,19,2021-01-25,3,3,2,3,Yes,575.0
69,19,2022-01-12,3,4,3,4,Yes,575.0
68,19,2023-01-25,3,3,2,2,Yes,575.0
67,19,2024-01-23,3,3,4,2,Yes,575.0
66,19,2025-01-18,3,3,3,3,Yes,575.0
76,20,2020-12-22,3,2,1,2,No,1005.0
75,20,2021-12-17,3,1,2,4,No,1005.0
74,20,2022-12-15,3,1,3,4,No,1005.0
73,20,2023-12-23,3,1,1,3,No,1005.0
72,20,2024-12-22,3,1,3,4,No,1005.0
71,20,2025-12-16,3,1,2,3,No,1005.0
82,21,2020-12-27,3,3,1,1,Yes,901.0
81,21,2021-12-20,3,3,1,2,Yes,901.0
80,21,2022-12-28,3,3,1,1,Yes,901.0
79,21,2023-12-30,3,3,2,2,No,901.0
78,21,2024-12-28,3,2,2,3,Yes,901.0
77,21,2025-12-24,3,2,1,2,Yes,901.0
84,22,2024-12-19,3,3,4,3,Yes,468.0
83,22,2025-12-24,3,4,4,2,Yes,468.0
90,23,2020-12-21,3,4,1,3,No,374.0
89,23,2021-12-31,3,4,1,3,No,374.0
88,23,2022-12-19,3,4,1,2,No,374.0
87,23,2023-12-12,3,4,1,3,No,374.0
86,23,2024-12-28,3,4,1,2,No,374.0
85,23,2025-12-11,3,4,1,3,No,374.0
94,24,2022-12-21,3,3,4,2,Yes,1128.0
93,24,2023-12-13,3,4,4,4,No,1128.0
92,24,2024-12-13,3,3,4,4,Yes,1128.0
91,24,2025-12-25,3,4,4,3,Yes,1128.0
99,26,2021-12-17,3,2,1,1,No,1360.0
98,26,2022-12-17,3,3,1,3,No,1360.0
97,26,2023-12-30,3,4,1,3,No,1360.0
96,26,2024-12-22,3,3,1,3,No,1360.0
95,26,2025-12-27,3,3,1,2,No,1360.0
105,27,2020-08-04,3,2,4,4,No,244.0
104,27,2021-08-10,3,2,3,3,No,244.0
103,27,2022-08-13,3,1,4,4,No,244.0
102,27,2023-08-05,4,2,4,2,No,244.0
101,27,2024-08-19,4,1,3,2,No,244.0
100,27,2025-08-13,4,1,3,3,No,244.0
111,28,2020-12-22,3,2,1,4,No,396.0
110,28,2021-12-31,3,1,1,4,No,396.0
109,28,2022-12-27,3,3,1,2,No,396.0
108,28,2023-12-29,3,3,2,2,No,396.0
107,28,2024-12-15,3,2,1,4,Yes,396.0
106,28,2025-12-20,3,2,1,3,No,396.0
112,30,2025-12-23,3,4,3,3,No,1485.0
117,31,2020-04-11,3,1,2,2,No,1422.0
116,31,2021-04-17,3,1,2,2,No,1422.0
115,31,2022-04-03,3,1,1,4,No,1422.0
114,31,2023-04-06,3,1,1,3,No,1422.0
113,31,2024-03-29,3,1,2,3,No,1422.0
123,32,2020-12-11,3,3,2,3,No,140.0
122,32,2021-12-31,3,2,3,2,No,140.0
121,32,2022-12-13,3,2,4,2,No,140.0
120,32,2023-12-17,3,2,4,2,No,140.0
119,32,2024-12-22,3,2,2,3,No,140.0
118,32,2025-12-23,3,3,3,2,No,140.0
129,33,2019-07-03,4,1,1,3,Yes,901.0
128,33,2020-06-17,4,1,2,3,Yes,901.0
127,33,2021-06-25,3,2,2,4,Yes,901.0
126,33,2022-06-18,3,1,3,2,No,901.0
125,33,2023-06-19,3,1,3,4,Yes,901.0
124,33,2024-06-24,4,1,2,3,Yes,901.0
135,35,2020-12-30,3,2,4,2,No,1975.0
134,35,2021-12-29,3,3,4,4,No,1975.0
133,35,2022-12-24,3,2,3,3,No,1975.0
132,35,2023-12-27,3,2,4,2,No,1975.0
131,35,2024-12-26,3,3,2,3,No,1975.0
130,35,2025-12-18,3,2,3,3,No,1975.0
141,36,2020-12-16,3,4,2,2,No,1606.0
140,36,2021-12-14,3,4,2,3,No,1606.0
139,36,2022-12-29,3,4,1,3,No,1606.0
138,36,2024-01-01,3,4,1,4,Yes,1606.0
137,36,2024-12-30,3,4,1,3,No,1606.0
136,36,2025-12-30,3,4,1,3,No,1606.0
144,38,2023-12-14,3,1,3,1,No,140.0
143,38,2024-12-20,3,1,3,3,No,140.0
142,38,2025-12-15,3,1,2,2,No,140.0
146,39,2024-12-29,3,3,3,2,No,730.0
145,39,2025-12-20,3,4,3,3,No,730.0
151,40,2021-12-24,3,3,3,4,No,1661.0
150,40,2022-12-16,3,4,3,4,Yes,1661.0
149,40,2023-12-27,3,4,4,4,No,1661.0
148,40,2024-12-23,3,3,4,4,Yes,1661.0
147,40,2025-12-13,3,4,4,4,Yes,1661.0
157,41,2020-12-23,3,4,3,4,No,1317.0
156,41,2021-12-22,3,2,3,3,No,1317.0
155,41,2022-12-28,3,3,4,4,No,1317.0
154,41,2023-12-28,3,3,4,2,No,1317.0
153,41,2024-12-11,3,3,4,3,No,1317.0
152,41,2025-12-13,3,3,4,3,No,1317.0
159,42,2024-07-30,3,4,4,4,Yes,2056.0
158,42,2025-08-07,3,4,4,4,No,2056.0
162,45,2022-01-31,3,3,2,3,Yes,1666.0
161,45,2023-02-16,3,3,1,3,No,1666.0
160,45,2024-02-19,3,4,2,2,Yes,1666.0
168,46,2020-12-30,3,3,4,3,No,999.0
167,46,2021-12-26,3,4,4,2,No,999.0
166,46,2022-12-30,3,2,4,2,No,999.0
165,46,2023-12-31,3,2,4,2,No,999.0
164,46,2024-12-23,3,3,4,3,No,999.0
163,46,2025-12-28,3,3,4,2,No,999.0
172,47,2022-12-08,3,4,1,2,No,118.0
171,47,2023-12-15,3,3,1,2,Yes,118.0
170,47,2024-11-26,3,4,1,3,No,118.0
169,47,2025-12-02,3,3,1,3,Yes,118.0
175,49,2023-12-13,3,4,4,2,No,244.0
174,49,2024-12-11,3,4,4,2,Yes,244.0
173,49,2025-12-24,3,4,4,3,No,244.0
177,51,2024-12-31,3,1,1,4,Yes,1424.0
176,51,2025-12-18,3,1,2,4,Yes,1424.0
183,52,2020-12-26,3,2,4,3,Yes,862.0
182,52,2021-12-25,3,2,2,4,No,862.0
181,52,2022-12-19,3,1,3,4,No,862.0
180,52,2023-12-21,3,2,2,4,No,862.0
179,52,2024-12-23,3,1,4,3,No,862.0
178,52,2025-12-15,3,1,3,3,No,862.0
185,53,2024-12-25,3,4,3,3,No,1250.0
184,53,2025-12-14,3,4,3,3,No,1250.0
187,54,2024-12-14,3,2,4,2,No,1523.0
186,54,2025-12-26,3,1,4,3,No,1523.0
189,55,2024-04-05,3,3,2,1,Yes,661.0
188,55,2025-04-05,3,3,1,2,No,661.0
195,56,2020-12-30,3,2,3,4,No,1167.0
194,56,2021-12-29,3,3,4,4,No,1167.0
193,56,2022-12-18,3,3,4,3,Yes,1167.0
192,56,2023-12-14,3,3,4,2,Yes,1167.0
191,56,2024-12-16,3,4,4,4,No,1167.0
190,56,2025-12-14,3,3,4,3,No,1167.0
201,57,2020-12-29,4,3,3,2,No,1608.0
200,57,2021-12-30,3,3,2,4,No,1608.0
199,57,2022-12-16,3,4,3,3,Yes,1608.0
198,57,2023-12-22,3,4,2,2,No,1608.0
197,57,2024-12-12,4,4,2,3,No,1608.0
196,57,2025-12-30,4,4,3,3,No,1608.0
207,58,2020-07-17,3,3,3,3,No,1770.0
206,58,2021-07-25,3,4,2,2,No,1770.0
205,58,2022-07-12,3,2,3,3,No,1770.0
204,58,2023-07-18,3,2,2,4,No,1770.0
203,58,2024-07-15,3,3,1,4,No,1770.0
202,58,2025-07-27,3,3,2,3,No,1770.0
213,60,2020-12-31,3,4,1,4,No,862.0
212,60,2021-12-15,3,3,2,2,Yes,862.0
211,60,2022-12-27,3,3,1,3,No,862.0
210,60,2023-12-25,3,2,2,2,No,862.0
209,60,2024-12-20,4,2,2,2,No,862.0
208,60,2025-12-26,4,3,2,3,No,862.0
215,61,2024-12-14,3,2,1,4,No,1837.0
214,61,2025-12-16,4,2,2,3,No,1837.0
221,62,2020-12-25,4,4,1,3,Yes,1975.0
220,62,2021-12-13,3,3,1,4,No,1975.0
219,62,2022-12-25,4,4,2,4,Yes,1975.0
218,62,2023-12-28,4,4,2,4,Yes,1975.0
217,62,2024-12-14,4,3,1,2,No,1975.0
216,62,2025-12-12,4,4,1,3,Yes,1975.0
223,63,2024-12-20,3,4,4,4,No,1250.0
222,63,2025-12-25,3,4,4,3,No,1250.0
225,64,2023-11-13,3,4,2,2,Yes,1061.0
224,64,2024-11-16,3,3,1,3,Yes,1061.0
228,65,2023-03-26,3,3,3,1,No,575.0
227,65,2024-03-22,3,2,2,2,No,575.0
226,65,2025-04-05,3,3,3,2,Yes,575.0
233,68,2021-12-31,4,2,1,3,No,1975.0
232,68,2022-12-26,3,1,3,2,No,1975.0
231,68,2023-12-21,4,1,1,1,No,1975.0
230,68,2024-12-14,4,1,3,3,No,1975.0
229,68,2025-12-15,4,1,2,2,Yes,1975.0
238,70,2021-12-21,3,1,2,3,Yes,431.0
237,70,2022-12-18,3,1,4,4,Yes,431.0
236,70,2023-12-23,3,1,2,2,No,431.0
235,70,2024-12-23,3,2,2,3,No,431.0
234,70,2025-12-30,3,1,3,3,Yes,431.0
241,72,2023-12-13,3,3,4,2,Yes,2055.0
240,72,2024-12-25,3,3,3,1,Yes,2055.0
239,72,2025-12-18,3,4,3,2,Yes,2055.0
247,73,2020-12-19,3,4,1,2,No,638.0
246,73,2021-12-22,3,3,1,4,Yes,638.0
245,73,2022-12-31,3,3,1,2,Yes,638.0
244,73,2023-12-20,3,4,2,4,No,638.0
243,73,2024-12-31,3,4,1,2,Yes,638.0
242,73,2025-12-15,3,4,1,3,Yes,638.0
253,74,2020-12-27,4,1,3,1,No,1863.0
252,74,2021-12-20,3,2,3,2,No,1863.0
251,74,2022-12-23,3,2,1,3,No,1863.0
250,74,2023-12-13,3,2,1,3,No,1863.0
249,74,2024-12-11,3,2,3,1,No,1863.0
248,74,2025-12-15,4,1,2,2,No,1863.0
256,75,2023-12-18,3,1,3,2,No,1250.0
255,75,2024-12-28,3,1,3,2,No,1250.0
254,75,2025-12-26,3,1,3,3,Yes,1250.0
262,76,2020-12-31,4,4,4,1,No,1789.0
261,76,2021-12-24,4,3,4,3,No,1789.0
260,76,2022-12-21,4,4,4,1,No,1789.0
259,76,2023-12-14,4,3,3,1,No,1789.0
258,76,2024-12-16,3,4,3,2,No,1789.0
257,76,2025-12-15,4,4,4,2,No,1789.0
268,77,2020-12-18,3,4,1,4,Yes,601.0
267,77,2021-12-14,3,2,1,3,No,601.0
266,77,2022-12-23,3,2,2,4,No,601.0
265,77,2023-12-19,3,4,1,4,No,601.0
264,77,2024-12-15,3,4,2,4,No,601.0
263,77,2025-12-17,3,3,1,4,No,601.0
274,78,2020-12-15,4,4,1,4,Yes,1283.0
273,78,2021-12-25,3,4,1,3,No,1283.0
272,78,2022-12-16,3,4,1,4,Yes,1283.0
271,78,2023-12-13,3,3,1,4,Yes,1283.0
270,78,2024-12-19,3,3,1,4,Yes,1283.0
269,78,2025-12-20,4,4,1,3,Yes,1283.0
280,79,2020-12-30,3,4,3,2,No,1867.0
279,79,2021-12-17,3,3,3,3,No,1867.0
278,79,2022-12-18,3,3,4,2,No,1867.0
277,79,2023-12-21,3,4,4,2,No,1867.0
276,79,2024-12-22,3,3,3,2,No,1867.0
275,79,2025-12-26,3,4,4,3,No,1867.0
286,80,2020-12-19,3,4,1,2,No,825.0
285,80,2021-12-28,3,4,2,1,No,825.0
284,80,2022-12-18,3,4,3,1,Yes,825.0
283,80,2023-12-12,3,2,3,3,Yes,825.0
282,80,2024-12-13,3,3,2,1,No,825.0
281,80,2025-12-11,3,3,2,2,Yes,825.0
292,81,2020-12-24,3,1,1,1,Yes,1372.0
291,81,2021-12-24,3,1,1,1,No,1372.0
290,81,2022-12-14,3,1,1,3,No,1372.0
289,81,2023-12-15,3,1,1,1,Yes,1372.0
288,81,2024-12-21,3,1,1,1,No,1372.0
287,81,2025-12-17,3,1,1,2,No,1372.0
298,83,2020-12-13,3,2,4,4,No,431.0
297,83,2021-12-13,3,3,2,4,No,431.0
296,83,2022-12-31,3,4,2,4,No,431.0
295,83,2023-12-19,3,4,4,3,No,431.0
294,83,2024-12-30,3,4,3,3,No,431.0
293,83,2025-12-13,3,3,3,3,No,431.0
304,84,2020-12-20,3,4,4,2,No,1338.0
303,84,2021-12-19,3,3,4,3,No,1338.0
302,84,2022-12-30,3,4,4,4,No,1338.0
301,84,2023-12-21,3,3,4,3,Yes,1338.0
300,84,2024-12-12,3,3,4,2,No,1338.0
299,84,2025-12-16,3,3,4,3,Yes,1338.0
310,85,2020-12-20,3,2,2,3,No,1026.0
309,85,2021-12-20,3,2,1,2,Yes,1026.0
308,85,2022-12-26,3,1,3,2,No,1026.0
307,85,2023-12-29,3,1,1,3,Yes,1026.0
306,85,2024-12-15,3,1,3,4,No,1026.0
305,85,2025-12-14,3,2,2,3,No,1026.0
312,86,2024-12-31,3,2,2,4,No,1061.0
311,86,2025-12-18,3,1,2,3,No,1061.0
316,88,2022-12-14,3,1,3,1,No,1250.0
315,88,2023-12-18,3,1,3,1,No,1250.0
314,88,2024-12-17,3,1,3,3,No,1250.0
313,88,2025-12-29,3,1,2,2,No,1250.0
318,90,2024-08-26,3,4,4,3,Yes,1424.0
317,90,2025-08-25,3,3,4,2,Yes,1424.0
323,91,2021-12-12,3,3,1,1,No,1167.0
322,91,2022-12-16,3,2,1,1,No,1167.0
321,91,2023-12-17,3,3,1,1,No,1167.0
320,91,2024-12-22,3,3,1,1,No,1167.0
319,91,2025-12-17,3,3,1,2,No,1167.0
329,94,2020-12-30,3,2,4,4,No,1539.0
328,94,2021-12-23,4,1,2,3,No,1539.0
327,94,2022-12-20,3,1,2,4,No,1539.0
326,94,2023-12-21,4,2,4,3,No,1539.0
325,94,2024-12-29,4,2,4,3,Yes,1539.0
324,94,2025-12-18,4,2,3,3,No,1539.0
331,95,2024-12-15,3,2,2,4,No,997.0
330,95,2025-12-15,3,2,3,3,No,997.0
337,96,2020-12-18,3,3,3,4,No,1217.0
336,96,2021-12-25,3,3,3,4,Yes,1217.0
335,96,2022-12-26,3,3,1,2,Yes,1217.0
334,96,2023-12-13,3,2,3,3,Yes,1217.0
333,96,2024-12-16,3,3,3,4,No,1217.0
332,96,2025-12-13,3,2,2,3,No,1217.0
339,97,2024-12-18,3,3,2,3,No,1424.0
338,97,2025-12-16,3,4,2,3,No,1424.0
345,98,2020-12-28,4,4,3,3,No,1283.0
344,98,2021-12-28,3,3,2,3,No,1283.0
343,98,2022-12-12,4,4,2,4,Yes,1283.0
342,98,2023-12-29,4,3,2,3,No,1283.0
341,98,2024-12-11,4,4,2,4,No,1283.0
340,98,2025-12-25,4,4,3,3,No,1283.0
351,100,2020-12-28,3,2,3,2,No,1070.0
350,100,2021-12-23,3,1,2,4,Yes,1070.0
349,100,2022-12-20,3,1,2,3,Yes,1070.0
348,100,2023-12-29,3,1,3,3,No,1070.0
347,100,2024-12-11,3,2,2,2,No,1070.0
346,100,2025-12-25,3,1,3,3,No,1070.0
352,101,2025-12-17,3,1,4,4,Yes,1061.0
358,102,2020-12-12,3,3,1,4,Yes,396.0
357,102,2021-12-11,3,3,2,4,No,396.0
356,102,2022-12-12,3,4,1,4,Yes,396.0
355,102,2023-12-27,3,4,1,4,No,396.0
354,102,2024-12-29,3,3,2,3,No,396.0
353,102,2025-12-28,3,3,1,4,No,396.0
363,103,2021-12-25,3,3,1,3,Yes,1744.0
362,103,2022-12-15,4,1,3,3,No,1744.0
361,103,2023-12-25,4,3,2,2,Yes,1744.0
360,103,2024-12-29,3,3,3,3,No,1744.0
359,103,2025-12-13,4,2,2,3,Yes,1744.0
369,104,2020-12-29,3,3,4,2,No,1608.0
368,104,2021-12-28,3,3,3,1,No,1608.0
367,104,2022-12-13,3,4,4,3,Yes,1608.0
366,104,2023-12-30,3,4,4,3,No,1608.0
365,104,2024-12-28,3,4,4,1,No,1608.0
364,104,2025-12-25,3,4,4,2,Yes,1608.0
375,105,2020-12-24,3,4,3,4,No,1250.0
374,105,2021-12-17,3,4,2,4,No,1250.0
373,105,2022-12-27,3,3,1,4,No,1250.0
372,105,2023-12-14,3,4,1,3,Yes,1250.0
371,105,2024-12-25,3,4,1,3,No,1250.0
370,105,2025-12-20,3,3,2,3,No,1250.0
377,106,2024-12-11,3,4,1,2,No,1372.0
376,106,2025-12-13,3,4,1,3,No,1372.0
383,107,2020-12-20,3,4,1,4,No,1867.0
382,107,2021-12-25,3,4,2,4,Yes,1867.0
381,107,2022-12-27,3,4,3,4,No,1867.0
380,107,2023-12-27,3,4,1,3,No,1867.0
379,107,2024-12-22,3,4,2,3,No,1867.0
378,107,2025-12-18,3,4,2,3,Yes,1867.0
389,110,2020-12-31,3,2,1,4,No,1026.0
388,110,2021-12-13,3,2,1,2,Yes,1026.0
387,110,2023-01-01,3,1,1,4,No,1026.0
386,110,2023-12-18,3,3,2,2,No,1026.0
385,110,2024-12-19,3,2,1,4,No,1026.0
384,110,2025-12-13,3,2,1,3,No,1026.0
395,112,2020-12-18,3,4,4,1,No,1775.0
394,112,2021-12-21,3,4,4,1,No,1775.0
393,112,2022-12-16,3,4,4,3,No,1775.0
392,112,2023-12-19,3,4,4,3,No,1775.0
391,112,2024-12-22,3,4,4,3,Yes,1775.0
390,112,2025-12-29,3,4,4,2,No,1775.0
396,113,2025-12-23,3,1,3,3,No,1869.0
401,116,2021-12-29,4,3,4,2,No,58.0
400,116,2022-12-26,3,4,3,3,No,58.0
399,116,2023-12-27,3,4,4,4,No,58.0
398,116,2024-12-30,3,3,4,2,No,58.0
397,116,2025-12-18,4,4,4,3,No,58.0
407,117,2020-12-24,3,4,2,2,No,165.0
406,117,2021-12-22,3,3,2,3,Yes,165.0
405,117,2022-12-15,3,4,4,3,Yes,165.0
404,117,2023-12-22,3,4,4,3,Yes,165.0
403,117,2024-12-29,3,4,2,2,No,165.0
402,117,2025-12-21,3,4,3,3,No,165.0
413,118,2020-03-24,3,4,2,3,No,1138.0
412,118,2021-03-22,3,4,2,2,No,1138.0
411,118,2022-04-06,3,4,2,4,No,1138.0
410,118,2023-03-21,3,4,4,3,No,1138.0
409,118,2024-03-31,3,3,2,2,No,1138.0
408,118,2025-04-04,3,4,3,3,No,1138.0
419,119,2020-12-18,4,3,2,1,No,1278.0
418,119,2021-12-21,4,3,4,3,No,1278.0
417,119,2022-12-19,3,1,3,2,No,1278.0
416,119,2024-01-01,4,1,3,1,Yes,1278.0
415,119,2024-12-29,3,3,2,2,No,1278.0
414,119,2025-12-18,4,2,3,2,No,1278.0
425,120,2020-12-30,3,3,3,1,No,986.0
424,120,2021-12-13,4,4,2,1,Yes,986.0
423,120,2022-12-26,4,3,3,1,No,986.0
422,120,2023-12-20,4,3,3,2,No,986.0
421,120,2024-12-14,4,4,4,2,Yes,986.0
420,120,2025-12-26,4,4,3,1,Yes,986.0
431,121,2020-12-23,3,1,3,3,No,1319.0
430,121,2021-12-30,3,2,2,1,No,1319.0
429,121,2022-12-19,3,3,4,3,No,1319.0
428,121,2023-12-29,3,1,4,3,Yes,1319.0
427,121,2024-12-21,3,2,2,2,Yes,1319.0
426,121,2025-12-20,3,2,3,2,Yes,1319.0
437,124,2020-12-24,3,1,2,1,No,1606.0
436,124,2021-12-12,3,1,3,2,Yes,1606.0
435,124,2022-12-12,3,1,4,3,No,1606.0
434,124,2023-12-12,3,2,4,3,No,1606.0
433,124,2024-12-12,3,2,3,1,No,1606.0
432,124,2025-12-21,3,1,3,2,Yes,1606.0
443,125,2020-12-15,3,2,3,2,Yes,1050.0
442,125,2021-12-25,3,4,2,2,No,1050.0
441,125,2022-12-20,3,3,1,4,No,1050.0
440,125,2023-12-30,3,3,3,4,Yes,1050.0
439,125,2024-12-23,3,2,2,3,No,1050.0
438,125,2025-12-15,3,3,2,3,No,1050.0
448,126,2021-12-29,3,3,1,1,No,385.0
447,126,2022-12-14,3,4,1,1,No,385.0
446,126,2023-12-22,3,3,1,2,No,385.0
445,126,2024-12-25,3,4,1,1,No,385.0
444,126,2025-12-16,3,3,1,1,No,385.0
452,128,2023-01-01,4,2,1,2,No,118.0
451,128,2023-12-20,4,4,2,2,No,118.0
450,128,2024-12-25,4,4,1,2,No,118.0
449,128,2025-12-13,4,3,1,2,No,118.0
458,129,2020-12-30,3,2,3,3,No,174.0
457,129,2021-12-28,3,3,3,4,Yes,174.0
456,129,2022-12-25,3,3,2,4,No,174.0
455,129,2023-12-16,3,3,2,4,No,174.0
454,129,2024-12-25,3,4,1,4,No,174.0
453,129,2025-12-22,3,3,2,4,No,174.0
464,131,2020-12-12,3,3,4,3,No,
463,131,2021-12-29,3,3,4,1,No,
462,131,2022-12-19,3,3,4,1,No,
461,131,2023-12-31,3,3,4,1,No,
460,131,2024-12-24,3,2,4,3,No,
459,131,2025-12-25,3,3,4,2,No,
468,132,2022-12-20,3,2,3,4,No,1941.0
467,132,2023-12-21,3,1,1,4,Yes,1941.0
466,132,2024-12-29,3,2,1,3,Yes,1941.0
465,132,2025-12-18,3,2,2,4,No,1941.0
472,133,2022-04-11,4,1,4,4,Yes,1098.0
471,133,2023-04-17,3,1,3,4,Yes,1098.0
470,133,2024-04-10,3,2,4,3,No,1098.0
469,133,2025-04-11,4,1,3,3,Yes,1098.0
474,134,2024-12-16,3,1,4,2,No,1472.0
473,134,2025-12-16,3,1,4,3,No,1472.0
476,137,2024-01-23,3,4,4,3,No,612.0
475,137,2025-01-29,3,4,4,3,Yes,612.0
482,138,2020-12-20,3,2,1,3,No,1069.0
481,138,2021-12-25,3,4,2,3,No,1069.0
480,138,2022-12-30,3,3,2,4,No,1069.0
479,138,2023-12-29,3,2,2,3,No,1069.0
478,138,2024-12-14,3,4,2,4,No,1069.0
477,138,2025-12-23,3,3,1,3,No,1069.0
483,139,2025-12-17,3,4,3,4,No,119.0
487,140,2022-12-14,4,4,2,2,No,549.0
486,140,2023-12-22,4,4,4,3,Yes,549.0
485,140,2024-12-31,4,4,4,2,No,549.0
484,140,2025-12-19,4,4,3,3,No,549.0
493,141,2020-12-16,3,1,2,1,Yes,825.0
492,141,2021-12-25,3,2,2,1,Yes,825.0
491,141,2022-12-21,3,3,1,3,No,825.0
490,141,2023-12-18,3,3,1,3,Yes,825.0
489,141,2024-12-29,3,1,2,2,No,825.0
488,141,2025-12-13,3,2,1,2,Yes,825.0
499,142,2020-10-12,3,2,2,2,No,2055.0
498,142,2021-10-11,3,4,3,3,Yes,2055.0
497,142,2022-10-18,3,2,2,4,Yes,2055.0
496,142,2023-10-05,3,3,4,2,Yes,2055.0
495,142,2024-10-11,3,4,2,4,Yes,2055.0
494,142,2025-10-09,3,3,3,3,Yes,2055.0
502,143,2023-12-30,3,4,4,3,No,1666.0
501,143,2024-12-25,3,3,4,4,No,1666.0
500,143,2025-12-22,3,4,4,3,No,1666.0
503,144,2025-12-31,3,4,2,3,No,468.0
509,145,2020-12-22,4,2,2,2,Yes,1606.0
508,145,2021-12-25,3,1,1,3,No,1606.0
507,145,2022-12-31,4,1,2,2,Yes,1606.0
506,145,2023-12-31,4,1,2,3,No,1606.0
505,145,2024-12-24,4,2,1,2,No,1606.0
504,145,2025-12-17,4,1,1,2,No,1606.0
515,147,2020-03-01,4,3,1,4,Yes,1069.0
514,147,2021-02-19,3,3,1,3,Yes,1069.0
513,147,2022-02-22,4,4,2,4,Yes,1069.0
512,147,2023-03-01,3,2,2,4,Yes,1069.0
511,147,2024-02-22,4,3,2,2,No,1069.0
510,147,2025-03-06,4,3,1,3,Yes,1069.0
521,148,2020-12-28,3,4,4,3,Yes,374.0
520,148,2021-12-29,3,4,4,3,No,374.0
519,148,2023-01-01,3,4,4,3,No,374.0
518,148,2023-12-25,3,3,4,4,Yes,374.0
517,148,2024-12-15,3,4,4,4,Yes,374.0
516,148,2025-12-11,3,4,4,3,Yes,374.0
527,150,2020-12-28,3,4,1,3,No,1666.0
526,150,2021-12-15,3,3,3,2,Yes,1666.0
525,150,2022-12-17,3,3,1,3,Yes,1666.0
524,150,2023-12-21,3,4,2,3,No,1666.0
523,150,2024-12-15,3,4,2,2,No,1666.0
522,150,2025-12-15,3,3,2,3,No,1666.0
529,151,2024-12-16,3,2,2,3,No,1069.0
528,151,2025-12-17,3,2,3,3,No,1069.0
535,152,2020-12-21,3,4,2,4,No,1716.0
534,152,2021-12-27,3,3,2,3,No,1716.0
533,152,2022-12-12,3,3,3,3,Yes,1716.0
532,152,2023-12-13,3,4,3,2,No,1716.0
531,152,2024-12-30,3,4,3,2,No,1716.0
530,152,2025-12-15,3,4,3,3,No,1716.0
541,153,2020-12-19,3,2,3,2,No,1973.0
540,153,2021-12-31,3,2,2,3,No,1973.0
539,153,2022-12-18,3,1,3,4,No,1973.0
538,153,2023-12-29,3,1,4,4,No,1973.0
537,153,2024-12-30,3,1,3,2,No,1973.0
536,153,2025-12-24,3,1,3,3,No,1973.0
547,154,2020-12-20,3,3,3,4,No,1716.0
546,154,2021-12-25,3,4,3,3,No,1716.0
545,154,2022-12-12,3,3,2,3,No,1716.0
544,154,2023-12-16,3,3,2,2,No,1716.0
543,154,2024-12-21,3,4,3,2,Yes,1716.0
542,154,2025-12-29,3,4,2,3,No,1716.0
549,155,2024-12-25,3,3,2,2,No,1424.0
548,155,2025-12-14,4,4,1,3,No,1424.0
555,158,2020-12-28,3,3,4,4,No,787.0
554,158,2021-12-11,3,4,4,3,No,787.0
553,158,2022-12-15,3,4,4,4,No,787.0
552,158,2023-12-13,3,4,2,4,Yes,787.0
551,158,2024-12-20,3,4,3,4,Yes,787.0
550,158,2025-12-27,3,4,3,4,Yes,787.0
561,159,2020-12-20,3,4,1,1,No,1317.0
560,159,2021-12-12,3,2,1,3,No,1317.0
559,159,2022-12-21,3,3,1,2,No,1317.0
558,159,2023-12-31,4,3,1,2,Yes,1317.0
557,159,2024-12-19,3,2,1,2,No,1317.0
556,159,2025-12-23,4,3,1,2,No,1317.0
567,160,2020-12-20,3,1,2,4,No,1050.0
566,160,2021-12-12,3,2,4,4,No,1050.0
565,160,2022-12-23,3,1,2,4,Yes,1050.0
564,160,2023-12-18,3,3,2,4,No,1050.0
563,160,2024-12-31,3,1,3,3,Yes,1050.0
562,160,2025-12-28,3,2,3,4,No,1050.0
573,161,2019-07-20,3,3,3,4,No,1255.0
572,161,2020-07-08,3,3,3,4,No,1255.0
571,161,2021-07-04,3,2,1,2,No,1255.0
570,161,2022-07-21,3,2,3,3,No,1255.0
569,161,2023-07-01,3,1,1,2,Yes,1255.0
568,161,2024-07-02,3,2,2,3,Yes,1255.0
579,162,2020-12-26,3,4,2,4,No,825.0
578,162,2021-12-24,3,3,1,2,No,825.0
577,162,2022-12-16,3,3,1,2,No,825.0
576,162,2023-12-26,3,4,1,3,No,825.0
575,162,2024-12-18,3,2,2,4,No,825.0
574,162,2025-12-24,3,3,1,3,No,825.0
585,163,2019-01-22,3,2,1,1,No,1968.0
584,163,2020-01-13,3,4,3,1,No,1968.0
583,163,2021-01-09,3,2,3,3,Yes,1968.0
582,163,2022-01-22,3,3,3,2,No,1968.0
581,163,2023-01-19,3,3,1,2,Yes,1968.0
580,163,2024-01-19,3,3,2,2,Yes,1968.0
591,164,2020-12-31,3,2,2,1,No,661.0
590,164,2021-12-24,3,2,3,2,No,661.0
589,164,2023-01-01,3,2,3,2,No,661.0
588,164,2023-12-24,3,2,4,3,No,661.0
587,164,2024-12-23,3,1,2,3,No,661.0
586,164,2025-12-24,3,2,3,2,No,661.0
597,165,2019-05-31,3,4,4,3,No,258.0
596,165,2020-06-05,3,4,4,3,No,258.0
595,165,2021-05-23,3,3,3,1,No,258.0
594,165,2022-05-21,3,3,4,1,No,258.0
593,165,2023-05-29,3,4,3,1,Yes,258.0
592,165,2024-05-29,3,4,4,2,No,258.0
598,167,2024-04-27,3,3,4,2,Yes,302.0
601,169,2023-12-16,3,3,4,3,No,468.0
600,169,2024-12-26,3,3,2,4,No,468.0
599,169,2025-12-28,3,4,3,3,No,468.0
607,170,2020-12-25,3,2,3,3,No,1005.0
606,170,2021-12-21,3,2,3,3,No,1005.0
605,170,2022-12-25,3,2,4,3,Yes,1005.0
604,170,2023-12-15,3,2,3,2,No,1005.0
603,170,2024-12-25,3,2,2,3,Yes,1005.0
602,170,2025-12-13,3,1,3,2,No,1005.0
611,171,2022-12-15,3,3,2,4,No,999.0
610,171,2023-12-20,3,2,1,3,Yes,999.0
609,171,2024-12-17,3,2,1,4,No,999.0
608,171,2025-12-31,3,3,2,3,No,999.0
614,174,2023-12-24,3,3,3,3,No,1138.0
613,174,2024-12-21,3,4,2,3,Yes,1138.0
612,174,2025-12-20,3,4,3,3,No,1138.0
617,175,2022-06-23,3,4,1,3,No,1319.0
616,175,2023-06-07,3,4,2,4,Yes,1319.0
615,175,2024-06-11,3,3,2,3,Yes,1319.0
623,176,2020-12-30,3,2,3,3,Yes,1716.0
622,176,2021-12-27,3,3,3,2,No,1716.0
621,176,2022-12-26,3,2,4,4,Yes,1716.0
620,176,2023-12-16,3,2,2,2,Yes,1716.0
619,176,2024-12-19,3,4,3,2,Yes,1716.0
618,176,2025-12-13,3,3,3,3,Yes,1716.0
629,177,2020-12-27,3,4,2,2,No,590.0
628,177,2021-12-25,3,4,4,2,No,590.0
627,177,2022-12-15,3,2,3,3,No,590.0
626,177,2023-12-26,4,4,3,2,No,590.0
625,177,2024-12-22,4,2,2,4,No,590.0
624,177,2025-12-13,4,3,3,3,No,590.0
633,178,2022-12-17,4,1,1,3,No,1026.0
632,178,2024-01-01,4,3,1,2,No,1026.0
631,178,2024-12-17,4,3,1,4,Yes,1026.0
630,178,2025-12-24,4,2,2,3,No,1026.0
638,179,2021-09-08,3,3,1,2,No,867.0
637,179,2022-08-29,3,3,2,4,No,867.0
636,179,2023-09-02,3,4,1,3,No,867.0
635,179,2024-08-22,3,4,1,3,Yes,867.0
634,179,2025-08-23,3,4,1,3,No,867.0
644,182,2020-12-14,3,4,4,3,Yes,2056.0
643,182,2021-12-31,3,3,4,3,Yes,2056.0
642,182,2022-12-20,3,4,4,4,No,2056.0
641,182,2023-12-26,3,3,3,3,No,2056.0
640,182,2024-12-27,3,3,3,3,No,2056.0
639,182,2025-12-16,3,3,4,4,No,2056.0
647,183,2023-12-16,3,3,1,4,No,840.0
646,183,2024-12-19,3,3,1,3,No,840.0
645,183,2025-12-18,3,3,1,3,No,840.0
653,184,2020-12-30,3,4,3,2,No,1098.0
652,184,2021-12-19,3,4,4,1,No,1098.0
651,184,2022-12-30,3,3,4,1,No,1098.0
650,184,2023-12-29,3,3,3,1,No,1098.0
649,184,2024-12-12,3,3,3,2,Yes,1098.0
648,184,2025-12-11,3,4,3,1,Yes,1098.0
659,190,2019-04-13,4,1,1,4,No,1472.0
658,190,2020-04-05,4,1,2,4,No,1472.0
657,190,2021-04-10,4,1,1,4,No,1472.0
656,190,2022-04-08,4,1,1,4,No,1472.0
655,190,2023-04-07,3,1,1,4,No,1472.0
654,190,2024-04-06,4,1,1,4,No,1472.0
665,192,2020-12-14,3,4,3,3,No,58.0
664,192,2021-12-28,3,4,2,1,No,58.0
663,192,2022-12-16,3,3,3,2,No,58.0
662,192,2023-12-18,3,4,2,1,No,58.0
661,192,2024-12-14,3,3,3,3,No,58.0
660,192,2025-12-11,3,4,3,2,No,58.0
669,193,2022-12-27,4,3,4,2,No,1867.0
668,193,2023-12-12,4,2,4,4,No,1867.0
667,193,2024-12-27,3,2,4,3,No,1867.0
666,193,2025-12-21,4,3,4,3,Yes,1867.0
675,194,2020-12-25,3,3,1,1,No,1317.0
674,194,2021-12-18,3,2,1,3,Yes,1317.0
673,194,2022-12-19,3,3,2,1,No,1317.0
672,194,2023-12-29,3,4,1,1,No,1317.0
671,194,2024-12-22,3,4,1,3,No,1317.0
670,194,2025-12-28,3,3,1,2,No,1317.0
681,195,2020-12-15,3,4,4,4,No,1050.0
680,195,2021-12-26,3,3,4,4,Yes,1050.0
679,195,2022-12-17,3,4,3,4,No,1050.0
678,195,2023-12-29,3,4,4,4,No,1050.0
677,195,2024-12-20,3,4,4,3,Yes,1050.0
676,195,2025-12-17,3,4,4,4,No,1050.0
685,197,2022-12-14,3,1,4,2,No,1539.0
684,197,2023-12-25,3,2,4,4,No,1539.0
683,197,2024-12-14,3,1,4,2,No,1539.0
682,197,2025-12-30,3,1,4,3,No,1539.0
691,198,2020-12-19,3,4,3,4,Yes,1539.0
690,198,2021-12-30,3,4,2,4,No,1539.0
689,198,2022-12-24,3,3,3,2,No,1539.0
688,198,2023-12-28,3,4,3,2,No,1539.0
687,198,2024-12-20,3,4,2,3,Yes,1539.0
686,198,2025-12-20,3,4,2,3,No,1539.0
697,199,2020-12-12,3,2,4,3,No,1336.0
696,199,2021-12-26,3,1,4,1,Yes,1336.0
695,199,2022-12-24,3,1,4,3,Yes,1336.0
694,199,2023-12-12,3,1,3,1,No,1336.0
693,199,2024-12-12,3,1,4,2,No,1336.0
692,199,2025-12-26,3,1,4,2,No,1336.0
703,200,2020-12-22,3,2,2,4,Yes,1035.0
702,200,2021-12-31,3,1,3,4,No,1035.0
701,200,2022-12-19,3,1,2,3,No,1035.0
700,200,2023-12-24,4,1,2,4,No,1035.0
699,200,2024-12-26,4,2,3,4,No,1035.0
698,200,2025-12-26,4,1,3,3,No,1035.0
705,201,2024-12-12,3,2,1,3,No,612.0
704,201,2025-12-26,3,2,2,3,No,612.0
711,202,2020-12-31,3,3,3,4,No,1263.0
710,202,2021-12-22,3,3,2,2,Yes,1263.0
709,202,2023-01-01,3,3,1,3,No,1263.0
708,202,2023-12-26,3,2,1,4,No,1263.0
707,202,2024-12-20,3,2,2,3,No,1263.0
706,202,2025-12-26,3,2,2,3,No,1263.0
717,204,2020-12-28,3,3,4,3,Yes,1863.0
716,204,2021-12-20,3,2,4,4,No,1863.0
715,204,2022-12-23,3,2,3,3,No,1863.0
714,204,2023-12-18,3,2,2,3,No,1863.0
713,204,2024-12-20,3,3,3,4,Yes,1863.0
712,204,2025-12-26,3,2,3,3,No,1863.0
723,205,2020-12-21,3,2,1,1,No,986.0
722,205,2021-12-27,4,3,1,1,No,986.0
721,205,2022-12-18,3,2,3,1,Yes,986.0
720,205,2023-12-22,4,2,1,1,Yes,986.0
719,205,2024-12-15,4,3,3,1,Yes,986.0
718,205,2025-12-14,4,3,2,1,Yes,986.0
729,206,2020-12-31,3,3,2,1,Yes,1941.0
728,206,2021-12-30,3,1,1,1,No,1941.0
727,206,2022-12-13,3,2,2,2,No,1941.0
726,206,2023-12-19,3,1,2,2,No,1941.0
725,206,2024-12-27,3,3,1,2,No,1941.0
724,206,2025-12-17,3,2,2,1,No,1941.0
735,207,2020-12-27,3,3,1,2,Yes,1039.0
734,207,2021-12-28,3,4,1,3,No,1039.0
733,207,2022-12-14,3,3,1,2,No,1039.0
732,207,2023-12-17,3,3,3,4,No,1039.0
731,207,2024-12-28,3,3,2,4,No,1039.0
730,207,2025-12-30,3,4,2,3,No,1039.0
741,208,2020-12-16,3,3,4,3,No,1360.0
740,208,2021-12-13,3,4,4,3,No,1360.0
739,208,2022-12-22,3,4,4,3,No,1360.0
738,208,2023-12-13,3,3,4,2,No,1360.0
737,208,2024-12-23,3,2,4,3,No,1360.0
736,208,2025-12-21,3,3,4,3,No,1360.0
743,211,2024-12-23,3,3,1,2,No,1005.0
742,211,2025-12-18,3,3,2,3,No,1005.0
745,214,2024-12-26,3,1,2,3,Yes,1608.0
744,214,2025-12-19,4,2,2,2,Yes,1608.0
751,215,2020-12-23,3,3,2,3,No,1716.0
750,215,2021-12-17,3,4,3,3,No,1716.0
749,215,2022-12-19,3,3,3,3,No,1716.0
748,215,2023-12-16,3,4,2,3,No,1716.0
747,215,2024-12-21,3,3,2,2,No,1716.0
746,215,2025-12-31,3,4,3,2,No,1716.0
756,216,2021-12-30,3,4,3,4,No,244.0
755,216,2022-12-13,3,3,3,2,No,244.0
754,216,2023-12-15,3,2,4,4,No,244.0
753,216,2024-12-23,3,4,4,3,No,244.0
752,216,2025-12-22,3,3,3,3,No,244.0
759,217,2023-12-19,4,3,4,2,Yes,468.0
758,217,2024-12-30,4,4,3,4,No,468.0
757,217,2025-12-29,4,4,3,3,No,468.0
762,218,2023-12-31,3,2,4,2,No,1523.0
761,218,2024-12-29,3,1,4,2,No,1523.0
760,218,2025-12-23,3,2,4,1,No,1523.0
768,221,2020-12-31,3,4,4,1,No,575.0
767,221,2021-12-29,3,3,2,1,Yes,575.0
766,221,2022-12-30,3,3,2,1,Yes,575.0
765,221,2023-12-28,3,4,3,2,No,575.0
764,221,2024-12-21,3,4,4,1,Yes,575.0
763,221,2025-12-14,3,4,3,1,No,575.0
774,223,2020-12-28,3,3,3,1,Yes,1606.0
773,223,2021-12-31,3,3,2,2,No,1606.0
772,223,2022-12-19,3,3,3,2,No,1606.0
771,223,2023-12-19,3,3,4,2,Yes,1606.0
770,223,2024-12-21,3,4,4,1,No,1606.0
769,223,2025-12-20,3,4,3,1,Yes,1606.0
776,224,2024-12-28,3,2,3,3,Yes,1523.0
775,224,2025-12-11,3,3,3,2,Yes,1523.0
782,226,2020-12-19,3,2,2,3,No,140.0
781,226,2021-12-20,3,3,3,4,No,140.0
780,226,2022-12-12,3,2,3,4,Yes,140.0
779,226,2023-12-13,3,2,4,3,No,140.0
778,226,2024-12-19,3,2,3,3,No,140.0
777,226,2025-12-12,3,2,3,3,No,140.0
788,227,2020-12-26,3,4,1,4,No,1035.0
787,227,2021-12-17,3,2,2,3,No,1035.0
786,227,2022-12-22,3,4,1,4,No,1035.0
785,227,2023-12-20,3,3,1,2,Yes,1035.0
784,227,2024-12-18,3,2,2,3,No,1035.0
783,227,2025-12-28,3,3,1,3,No,1035.0
794,228,2020-12-16,3,3,2,3,No,1039.0
793,228,2021-12-31,3,4,2,4,No,1039.0
792,228,2022-12-19,3,4,3,3,No,1039.0
791,228,2023-12-27,3,4,3,3,No,1039.0
790,228,2024-12-16,3,3,2,3,No,1039.0
789,228,2025-12-15,3,4,2,3,No,1039.0
800,230,2020-12-16,4,4,1,3,No,2056.0
799,230,2021-12-28,3,4,2,4,No,2056.0
798,230,2022-12-17,3,4,1,3,No,2056.0
797,230,2023-12-16,4,4,2,4,No,2056.0
796,230,2024-12-27,4,3,1,4,No,2056.0
795,230,2025-12-21,4,4,1,4,No,2056.0
806,231,2020-12-12,3,3,3,3,No,1472.0
805,231,2021-12-23,4,4,4,3,No,1472.0
804,231,2022-12-14,3,3,3,2,No,1472.0
803,231,2023-12-18,3,3,4,2,No,1472.0
802,231,2024-12-24,3,3,4,3,No,1472.0
801,231,2025-12-14,4,3,3,3,No,1472.0
812,233,2020-12-25,3,1,3,3,No,1523.0
811,233,2021-12-21,3,3,2,3,Yes,1523.0
810,233,2022-12-24,3,1,4,2,Yes,1523.0
809,233,2023-12-22,3,1,2,1,Yes,1523.0
808,233,2024-12-18,3,3,2,3,No,1523.0
807,233,2025-12-22,3,2,3,2,Yes,1523.0
813,235,2024-09-03,4,1,3,4,No,302.0
819,238,2020-12-29,3,3,4,2,Yes,1424.0
818,238,2021-12-17,3,3,4,2,No,1424.0
817,238,2022-12-28,3,1,4,3,No,1424.0
816,238,2023-12-26,3,1,4,1,No,1424.0
815,238,2024-12-25,3,3,4,3,No,1424.0
814,238,2025-12-27,3,2,4,2,No,1424.0
825,239,2020-12-12,3,1,3,4,No,1608.0
824,239,2021-12-11,3,1,4,4,No,1608.0
823,239,2022-12-26,3,2,3,3,Yes,1608.0
822,239,2023-12-26,3,1,4,4,No,1608.0
821,239,2024-12-17,3,2,3,2,Yes,1608.0
820,239,2025-12-25,3,1,3,3,No,1608.0
831,240,2020-12-13,3,1,3,3,Yes,1975.0
830,240,2021-12-18,3,1,4,3,No,1975.0
829,240,2022-12-22,3,2,2,4,No,1975.0
828,240,2023-12-28,3,1,3,3,No,1975.0
827,240,2024-12-11,3,1,4,4,No,1975.0
826,240,2025-12-28,3,1,3,4,Yes,1975.0
834,241,2023-12-29,3,2,2,4,No,1255.0
833,241,2024-12-11,3,1,3,3,Yes,1255.0
832,241,2025-12-22,3,1,3,3,Yes,1255.0
838,242,2022-12-25,3,3,4,4,Yes,901.0
837,242,2023-12-26,3,4,3,4,No,901.0
836,242,2024-12-31,3,4,2,4,No,901.0
835,242,2025-12-30,3,4,3,4,No,901.0
840,243,2023-03-28,4,4,1,1,No,612.0
839,243,2024-03-20,4,4,2,2,No,612.0
846,244,2020-12-20,4,2,1,3,No,1138.0
845,244,2021-12-23,4,1,1,3,No,1138.0
844,244,2022-12-15,3,1,1,3,No,1138.0
843,244,2023-12-22,3,1,1,4,Yes,1138.0
842,244,2024-12-25,4,1,1,2,Yes,1138.0
841,244,2025-12-26,4,1,2,3,No,1138.0
849,245,2023-12-27,3,4,4,4,No,1128.0
848,245,2024-12-11,3,4,3,3,No,1128.0
847,245,2025-12-28,3,4,3,3,No,1128.0
854,246,2021-12-11,4,3,2,2,Yes,997.0
853,246,2022-12-20,3,4,2,3,No,997.0
852,246,2023-12-17,3,3,2,2,Yes,997.0
851,246,2024-12-11,4,4,4,2,Yes,997.0
850,246,2025-12-15,4,4,3,3,Yes,997.0
858,247,2022-12-24,3,1,4,3,No,1422.0
857,247,2023-12-18,3,3,3,3,No,1422.0
856,247,2024-12-17,3,3,4,2,Yes,1422.0
855,247,2025-12-20,3,2,4,3,No,1422.0
863,248,2020-10-18,3,2,1,2,No,118.0
862,248,2021-10-21,4,1,2,3,No,118.0
861,248,2022-10-13,4,2,3,3,Yes,118.0
860,248,2023-10-22,4,2,3,1,Yes,118.0
859,248,2024-10-14,4,2,2,2,Yes,118.0
867,249,2022-12-30,3,2,3,1,No,58.0
866,249,2023-12-23,3,3,2,1,Yes,58.0
865,249,2024-12-14,3,3,3,2,No,58.0
864,249,2025-12-16,3,3,3,2,No,58.0
872,250,2021-12-14,3,1,4,2,No,1005.0
871,250,2022-12-18,3,1,3,4,No,1005.0
870,250,2023-12-24,3,2,3,2,No,1005.0
869,250,2024-12-23,3,1,4,2,No,1005.0
868,250,2025-12-18,3,1,4,3,No,1005.0
878,252,2020-12-27,3,2,3,4,No,901.0
877,252,2021-12-17,3,1,4,4,No,901.0
876,252,2022-12-24,3,2,3,2,No,901.0
875,252,2023-12-31,3,1,4,2,Yes,901.0
874,252,2024-12-29,3,1,4,3,Yes,901.0
873,252,2025-12-29,3,2,4,3,No,901.0
884,253,2020-12-19,3,2,4,2,No,1191.0
883,253,2021-12-31,3,4,4,3,No,1191.0
882,253,2022-12-12,3,3,3,3,Yes,1191.0
881,253,2023-12-12,3,4,4,3,Yes,1191.0
880,253,2024-12-14,3,4,4,2,No,1191.0
879,253,2025-12-16,3,3,4,3,No,1191.0
890,254,2020-12-22,3,1,4,4,No,825.0
889,254,2021-12-28,3,1,4,4,No,825.0
888,254,2022-12-28,3,3,2,3,No,825.0
887,254,2023-12-20,3,1,4,2,No,825.0
886,254,2024-12-29,3,1,2,2,No,825.0
885,254,2025-12-19,3,2,3,3,No,825.0
896,256,2020-12-23,3,2,4,2,No,1026.0
895,256,2021-12-11,3,4,4,1,Yes,1026.0
894,256,2022-12-31,3,3,4,1,No,1026.0
893,256,2023-12-25,3,3,4,3,Yes,1026.0
892,256,2024-12-26,3,2,3,3,No,1026.0
891,256,2025-12-26,3,3,4,2,No,1026.0
902,258,2020-12-13,3,1,4,4,No,762.0
901,258,2021-12-20,3,1,4,4,No,762.0
900,258,2022-12-14,3,2,4,4,No,762.0
899,258,2024-01-01,3,3,3,3,No,762.0
898,258,2024-12-28,3,1,4,3,No,762.0
897,258,2025-12-26,3,2,4,3,No,762.0
908,259,2020-12-30,3,4,2,3,No,140.0
907,259,2021-12-30,3,2,2,2,No,140.0
906,259,2022-12-20,3,2,2,4,No,140.0
905,259,2023-12-22,3,2,4,2,No,140.0
904,259,2024-12-19,3,2,4,3,No,140.0
903,259,2025-12-30,3,3,3,3,No,140.0
914,260,2020-12-26,3,3,3,2,No,1523.0
913,260,2021-12-11,3,1,4,3,Yes,1523.0
912,260,2022-12-21,3,1,4,2,No,1523.0
911,260,2023-12-28,3,3,4,1,No,1523.0
910,260,2024-12-23,3,1,4,1,No,1523.0
909,260,2025-12-21,3,2,4,2,No,1523.0
916,261,2024-06-29,3,4,1,3,No,1026.0
915,261,2025-06-25,3,3,2,3,Yes,1026.0
922,262,2020-12-29,3,4,4,4,Yes,999.0
921,262,2021-12-29,3,4,4,4,Yes,999.0
920,262,2022-12-28,3,3,4,3,No,999.0
919,262,2024-01-01,3,3,4,4,Yes,999.0
918,262,2024-12-11,3,4,4,3,No,999.0
917,262,2025-12-24,3,4,4,4,No,999.0
928,264,2020-12-19,4,3,2,2,Yes,787.0
927,264,2021-12-19,4,3,2,2,Yes,787.0
926,264,2022-12-31,3,4,2,4,No,787.0
925,264,2023-12-18,4,4,1,3,No,787.0
924,264,2024-12-26,3,4,2,3,No,787.0
923,264,2025-12-18,4,4,1,3,No,787.0
934,267,2020-12-23,3,2,2,3,Yes,1837.0
933,267,2021-12-23,3,2,1,1,Yes,1837.0
932,267,2022-12-25,3,2,2,1,Yes,1837.0
931,267,2023-12-22,3,1,3,2,No,1837.0
930,267,2024-12-16,3,2,1,1,No,1837.0
929,267,2025-12-26,3,1,2,2,Yes,1837.0
940,269,2020-12-20,3,1,1,3,No,1069.0
939,269,2021-12-17,3,3,1,3,No,1069.0
938,269,2022-12-15,3,2,2,2,No,1069.0
937,269,2023-12-18,3,2,1,4,No,1069.0
936,269,2024-12-19,3,3,3,4,No,1069.0
935,269,2025-12-29,3,2,2,3,No,1069.0
946,270,2020-12-15,3,4,3,4,No,2034.0
945,270,2021-12-23,3,3,2,2,Yes,2034.0
944,270,2022-12-30,3,4,4,4,No,2034.0
943,270,2024-01-01,3,4,2,4,Yes,2034.0
942,270,2024-12-29,3,2,3,3,No,2034.0
941,270,2025-12-19,3,3,3,3,No,2034.0
948,271,2024-12-29,3,2,3,2,No,601.0
947,271,2025-12-26,3,3,4,3,No,601.0
954,273,2020-12-17,3,4,3,1,No,601.0
953,273,2021-12-14,3,4,4,2,No,601.0
952,273,2022-12-18,3,4,4,2,No,601.0
951,273,2023-12-29,3,4,3,2,No,601.0
950,273,2024-12-26,3,4,3,1,No,601.0
949,273,2025-12-18,3,4,4,1,No,601.0
956,274,2024-12-17,3,1,3,4,No,1360.0
955,274,2025-12-24,3,1,3,3,No,1360.0
962,275,2020-12-13,3,4,3,2,No,1005.0
961,275,2021-12-21,3,4,4,4,No,1005.0
960,275,2022-12-14,3,4,4,3,Yes,1005.0
959,275,2023-12-28,3,4,4,3,Yes,1005.0
958,275,2024-12-24,3,4,4,3,Yes,1005.0
957,275,2025-12-27,3,4,4,3,Yes,1005.0
968,277,2020-12-12,3,3,3,4,No,1422.0
967,277,2021-12-31,3,4,4,3,No,1422.0
966,277,2022-12-27,3,3,3,4,Yes,1422.0
965,277,2023-12-14,3,2,4,3,No,1422.0
964,277,2024-12-20,3,2,3,4,No,1422.0
963,277,2025-12-15,3,3,4,4,Yes,1422.0
974,281,2020-12-13,3,4,4,3,Yes,1263.0
973,281,2021-12-30,3,3,3,4,Yes,1263.0
972,281,2022-12-14,3,4,3,4,Yes,1263.0
971,281,2023-12-15,3,4,4,4,Yes,1263.0
970,281,2024-12-20,3,4,4,4,Yes,1263.0
969,281,2025-12-11,3,4,3,4,Yes,1263.0
976,282,2024-01-31,3,2,3,4,No,119.0
975,282,2025-01-26,3,1,2,3,Yes,119.0
982,283,2019-04-15,4,4,1,1,Yes,404.0
981,283,2020-04-20,4,4,3,2,Yes,404.0
980,283,2021-04-10,3,4,1,3,No,404.0
979,283,2022-04-21,4,4,3,2,No,404.0
978,283,2023-04-18,4,3,3,2,Yes,404.0
977,283,2024-04-28,4,4,2,2,No,404.0
987,284,2021-12-18,3,3,4,2,Yes,468.0
986,284,2022-12-25,3,3,4,2,No,468.0
985,284,2023-12-29,3,3,4,3,No,468.0
984,284,2024-12-23,3,2,3,2,No,468.0
983,284,2025-12-11,3,2,4,2,Yes,468.0
993,286,2020-12-28,3,3,1,4,No,1424.0
992,286,2021-12-24,3,3,2,4,No,1424.0
991,286,2022-12-19,3,4,2,2,No,1424.0
990,286,2023-12-17,3,3,1,3,No,1424.0
989,286,2024-12-24,3,4,2,4,No,1424.0
988,286,2025-12-28,3,4,2,3,No,1424.0
997,287,2022-12-24,3,4,4,1,No,119.0
996,287,2023-12-13,3,4,3,2,No,119.0
995,287,2024-12-30,3,3,3,1,Yes,119.0
994,287,2025-12-24,3,4,4,1,No,119.0
1002,288,2021-12-20,3,2,3,2,No,1606.0
1001,288,2022-12-30,3,1,4,2,No,1606.0
1000,288,2023-12-24,3,1,4,4,No,1606.0
999,288,2024-12-16,3,2,4,4,No,1606.0
998,288,2025-12-29,3,1,4,3,No,1606.0
1008,291,2020-05-12,3,4,4,3,Yes,1039.0
1007,291,2021-05-04,3,4,4,2,No,1039.0
1006,291,2022-05-04,3,3,4,3,No,1039.0
1005,291,2023-05-11,3,4,3,2,No,1039.0
1004,291,2024-04-29,3,3,4,1,Yes,1039.0
1003,291,2025-05-05,3,4,4,2,No,1039.0
1014,292,2020-12-12,4,3,2,3,No,1367.0
1013,292,2021-12-19,3,4,4,3,No,1367.0
1012,292,2022-12-15,3,4,4,3,No,1367.0
1011,292,2023-12-23,4,3,4,2,No,1367.0
1010,292,2024-12-14,3,4,2,4,No,1367.0
1009,292,2025-12-31,4,3,3,3,No,1367.0
1020,293,2020-12-13,3,2,4,4,No,174.0
1019,293,2021-12-24,3,4,4,2,No,174.0
1018,293,2022-12-22,3,4,4,2,No,174.0
1017,293,2023-12-24,3,3,3,3,No,174.0
1016,293,2024-12-25,3,2,4,3,No,174.0
1015,293,2025-12-17,3,3,4,3,No,174.0
1026,296,2020-12-20,3,2,1,2,No,385.0
1025,296,2021-12-21,3,2,1,2,No,385.0
1024,296,2022-12-28,3,3,2,1,No,385.0
1023,296,2023-12-19,3,2,2,1,No,385.0
1022,296,2024-12-15,3,2,2,1,No,385.0
1021,296,2025-12-15,3,2,2,1,No,385.0
1032,297,2019-12-29,3,1,4,2,No,1539.0
1031,297,2021-01-15,3,1,3,4,Yes,1539.0
1030,297,2022-01-16,3,2,3,2,No,1539.0
1029,297,2023-01-10,3,1,4,3,No,1539.0
1028,297,2024-01-05,3,1,4,2,Yes,1539.0
1027,297,2025-01-05,3,1,4,3,Yes,1539.0
1034,298,2024-12-19,3,4,3,2,No,1973.0
1033,298,2025-12-16,3,4,4,3,Yes,1973.0
1040,299,2020-07-24,3,1,3,2,Yes,1319.0
1039,299,2021-07-20,3,1,4,2,No,1319.0
1038,299,2022-07-17,3,2,2,3,No,1319.0
1037,299,2023-07-18,3,1,3,3,No,1319.0
1036,299,2024-07-23,3,1,3,3,No,1319.0
1035,299,2025-07-30,3,1,3,2,No,1319.0
1046,300,2020-11-10,3,2,2,1,No,1539.0
1045,300,2021-11-09,3,2,3,3,No,1539.0
1044,300,2022-10-23,3,4,4,2,No,1539.0
1043,300,2023-10-26,3,3,3,3,No,1539.0
1042,300,2024-11-02,3,4,2,1,No,1539.0
1041,300,2025-11-04,3,3,3,2,No,1539.0
1052,302,2020-12-24,3,4,4,4,Yes,746.0
1051,302,2021-12-19,3,4,4,2,No,746.0
1050,302,2022-12-29,3,4,4,3,No,746.0
1049,302,2023-12-24,3,4,4,2,No,746.0
1048,302,2024-12-28,3,4,4,3,No,746.0
1047,302,2025-12-18,3,4,4,3,No,746.0
1058,303,2020-12-24,3,1,3,2,No,986.0
1057,303,2021-12-12,3,1,4,3,No,986.0
1056,303,2022-12-25,3,1,4,4,No,986.0
1055,303,2023-12-13,3,1,4,2,No,986.0
1054,303,2024-12-18,3,1,4,4,No,986.0
1053,303,2025-12-13,3,1,4,3,No,986.0
1064,304,2020-12-17,3,2,4,4,Yes,447.0
1063,304,2021-12-17,3,3,4,4,No,447.0
1062,304,2022-12-14,3,1,4,4,No,447.0
1061,304,2023-12-16,3,2,4,3,No,447.0
1060,304,2024-12-23,3,1,3,3,No,447.0
1059,304,2025-12-16,3,2,4,4,No,447.0
1068,305,2023-01-01,4,1,3,2,No,901.0
1067,305,2023-12-15,3,2,2,3,No,901.0
1066,305,2024-12-29,4,2,4,3,No,901.0
1065,305,2025-12-21,4,2,3,3,No,901.0
1074,306,2020-12-30,3,3,2,4,Yes,396.0
1073,306,2021-12-22,3,4,1,4,No,396.0
1072,306,2022-12-18,3,4,1,3,Yes,396.0
1071,306,2023-12-17,3,4,3,3,No,396.0
1070,306,2024-12-12,3,4,2,3,Yes,396.0
1069,306,2025-12-26,3,4,2,3,Yes,396.0
1080,307,2020-12-24,3,3,2,3,No,1716.0
1079,307,2021-12-19,3,4,1,2,No,1716.0
1078,307,2022-12-13,3,4,1,3,Yes,1716.0
1077,307,2023-12-16,3,4,1,3,Yes,1716.0
1076,307,2024-12-22,3,4,1,2,No,1716.0
1075,307,2025-12-14,3,3,1,2,No,1716.0
1086,308,2020-12-25,3,3,3,3,No,1283.0
1085,308,2021-12-19,3,4,3,2,No,1283.0
1084,308,2022-12-16,3,4,4,3,Yes,1283.0
1083,308,2023-12-12,3,4,3,2,No,1283.0
1082,308,2024-12-26,3,2,4,2,No,1283.0
1081,308,2025-12-23,3,3,3,3,No,1283.0
1088,309,2024-12-30,3,3,3,3,No,1608.0
1087,309,2025-12-28,3,4,3,3,No,1608.0
1094,311,2020-12-11,3,4,2,4,No,244.0
1093,311,2021-12-21,3,4,2,3,No,244.0
1092,311,2022-12-25,3,4,1,2,No,244.0
1091,311,2023-12-21,3,4,1,3,No,244.0
1090,311,2024-12-14,3,4,2,4,No,244.0
1089,311,2025-12-23,3,4,1,3,No,244.0
1100,312,2020-12-28,3,3,2,2,Yes,1167.0
1099,312,2021-12-14,3,3,1,3,Yes,1167.0
1098,312,2022-12-27,3,3,3,4,No,1167.0
1097,312,2023-12-16,3,4,3,4,No,1167.0
1096,312,2024-12-14,3,4,1,2,No,1167.0
1095,312,2025-12-19,3,4,2,3,No,1167.0
1106,314,2020-12-12,3,2,4,4,No,1863.0
1105,314,2021-12-19,3,4,2,3,Yes,1863.0
1104,314,2022-12-26,3,2,4,3,No,1863.0
1103,314,2023-12-30,3,4,4,4,No,1863.0
1102,314,2024-12-29,3,4,2,4,Yes,1863.0
1101,314,2025-12-20,3,3,3,4,No,1863.0
1111,315,2021-11-04,3,4,3,1,No,1539.0
1110,315,2022-11-13,3,3,3,1,Yes,1539.0
1109,315,2023-10-31,3,4,2,2,No,1539.0
1108,315,2024-11-04,3,3,4,3,Yes,1539.0
1107,315,2025-11-05,3,4,3,2,Yes,1539.0
1114,316,2023-12-14,3,4,4,2,No,58.0
1113,316,2024-12-13,3,3,3,1,No,58.0
1112,316,2025-12-24,3,4,3,2,No,58.0
1120,319,2020-12-18,3,3,3,3,No,1191.0
1119,319,2021-12-25,3,4,4,4,Yes,1191.0
1118,319,2022-12-25,3,4,4,2,No,1191.0
1117,319,2023-12-26,3,3,4,3,No,1191.0
1116,319,2024-12-27,3,3,2,4,No,1191.0
1115,319,2025-12-20,3,4,3,3,No,1191.0
1123,321,2023-12-15,3,3,3,2,No,1098.0
1122,321,2024-12-14,3,4,2,1,No,1098.0
1121,321,2025-12-27,3,3,2,2,No,1098.0
1129,323,2020-12-22,3,3,3,3,No,140.0
1128,323,2021-12-21,3,4,3,1,No,140.0
1127,323,2022-12-21,3,4,3,2,Yes,140.0
1126,323,2023-12-21,3,4,4,3,No,140.0
1125,323,2024-12-23,3,3,4,2,No,140.0
1124,323,2025-12-13,3,4,4,2,No,140.0
1135,325,2020-08-03,3,3,3,1,No,901.0
1134,325,2021-08-11,3,4,2,1,Yes,901.0
1133,325,2022-08-02,3,4,4,1,Yes,901.0
1132,325,2023-08-17,3,4,2,2,No,901.0
1131,325,2024-07-30,3,4,3,1,Yes,901.0
1130,325,2025-08-13,3,4,3,1,Yes,901.0
1141,327,2020-12-21,3,4,3,3,Yes,787.0
1140,327,2021-12-21,4,3,4,4,No,787.0
1139,327,2022-12-14,4,4,4,4,Yes,787.0
1138,327,2023-12-20,4,4,3,4,Yes,787.0
1137,327,2024-12-23,4,4,3,3,No,787.0
1136,327,2025-12-14,4,4,4,3,Yes,787.0
1147,328,2019-01-26,4,1,1,4,No,901.0
1146,328,2020-01-12,3,1,1,4,No,901.0
1145,328,2021-01-23,4,1,1,4,No,901.0
1144,328,2022-01-22,4,1,1,4,No,901.0
1143,328,2023-01-28,4,1,2,3,Yes,901.0
1142,328,2024-01-15,4,1,1,4,No,901.0
1153,329,2020-12-15,3,2,1,4,Yes,140.0
1152,329,2021-12-21,3,2,1,4,No,140.0
1151,329,2022-12-31,3,4,1,4,Yes,140.0
1150,329,2023-12-31,3,4,2,4,Yes,140.0
1149,329,2024-12-27,3,4,1,4,Yes,140.0
1148,329,2025-12-15,3,3,1,4,Yes,140.0
1158,330,2021-12-24,3,2,4,3,No,580.0
1157,330,2022-12-30,3,3,3,3,No,580.0
1156,330,2023-12-16,3,3,3,2,No,580.0
1155,330,2024-12-27,3,3,3,3,No,580.0
1154,330,2025-12-29,3,2,3,3,No,580.0
1162,331,2021-05-09,3,2,4,1,Yes,1472.0
1161,331,2022-05-13,3,2,3,1,Yes,1472.0
1160,331,2023-05-24,3,2,3,1,Yes,1472.0
1159,331,2024-05-04,3,3,4,1,Yes,1472.0
1166,332,2022-12-23,3,4,2,4,Yes,1128.0
1165,332,2023-12-12,3,2,2,3,No,1128.0
1164,332,2024-12-21,3,4,4,4,No,1128.0
1163,332,2025-12-30,3,3,3,3,No,1128.0
1170,333,2022-12-17,3,3,3,4,No,1050.0
1169,333,2023-12-27,3,4,2,2,No,1050.0
1168,333,2024-12-22,3,4,3,2,No,1050.0
1167,333,2025-12-11,3,4,3,3,No,1050.0
1172,334,2024-12-19,3,1,2,3,No,1263.0
1171,334,2025-12-15,3,1,3,2,No,1263.0
1178,335,2020-12-17,3,4,2,4,No,1263.0
1177,335,2021-12-23,3,4,1,2,No,1263.0
1176,335,2022-12-31,3,4,2,4,No,1263.0
1175,335,2023-12-27,3,4,1,3,No,1263.0
1174,335,2024-12-16,3,4,1,2,No,1263.0
1173,335,2025-12-17,3,4,1,3,No,1263.0
1184,336,2020-12-22,3,3,3,3,Yes,140.0
1183,336,2021-12-25,3,4,4,3,No,140.0
1182,336,2022-12-21,3,3,2,3,No,140.0
1181,336,2023-12-12,3,4,2,2,No,140.0
1180,336,2024-12-28,3,4,2,3,No,140.0
1179,336,2025-12-29,3,4,3,3,No,140.0
1187,337,2023-12-17,3,4,1,2,No,638.0
1186,337,2024-12-13,3,3,2,4,No,638.0
1185,337,2025-12-22,3,3,2,3,No,638.0
1190,338,2023-12-24,3,3,3,3,Yes,901.0
1189,338,2024-12-30,3,4,3,1,No,901.0
1188,338,2025-12-26,3,4,3,2,No,901.0
1196,339,2020-12-29,3,1,4,2,Yes,1026.0
1195,339,2021-12-19,3,1,4,3,No,1026.0
1194,339,2022-12-21,3,2,4,2,No,1026.0
1193,339,2023-12-20,3,1,4,2,No,1026.0
1192,339,2024-12-23,3,2,4,4,No,1026.0
1191,339,2025-12-25,3,1,4,3,No,1026.0
1200,340,2022-12-26,3,1,2,2,No,1837.0
1199,340,2023-12-25,3,2,3,2,No,1837.0
1198,340,2024-12-18,3,1,2,2,No,1837.0
1197,340,2025-12-20,3,1,3,2,No,1837.0
1204,341,2022-12-24,3,2,2,4,No,2034.0
1203,341,2023-12-13,3,4,2,4,No,2034.0
1202,341,2024-12-25,3,2,2,2,No,2034.0
1201,341,2025-12-24,3,3,1,3,No,2034.0
1206,342,2024-03-22,3,2,2,3,Yes,1367.0
1205,342,2025-03-13,3,3,1,3,No,1367.0
1212,343,2020-12-26,4,3,3,4,No,431.0
1211,343,2021-12-11,4,2,3,4,No,431.0
1210,343,2022-12-28,3,2,4,2,No,431.0
1209,343,2023-12-18,3,4,2,3,No,431.0
1208,343,2024-12-31,4,3,4,3,No,431.0
1207,343,2025-12-11,4,3,3,3,No,431.0
1218,346,2020-12-16,3,3,2,4,No,1539.0
1217,346,2021-12-14,3,4,2,2,No,1539.0
1216,346,2022-12-29,3,3,4,2,Yes,1539.0
1215,346,2024-01-01,3,4,4,4,No,1539.0
1214,346,2024-12-27,3,4,3,3,No,1539.0
1213,346,2025-12-15,3,4,3,3,No,1539.0
1222,347,2022-12-30,3,1,3,4,No,1941.0
1221,347,2023-12-18,3,2,3,3,No,1941.0
1220,347,2024-12-30,3,1,4,3,Yes,1941.0
1219,347,2025-12-30,3,1,4,3,Yes,1941.0
1225,349,2024-01-01,3,4,3,2,No,1391.0
1224,349,2024-12-29,3,4,3,2,No,1391.0
1223,349,2025-12-21,3,4,4,3,No,1391.0
1230,350,2021-12-13,3,2,1,4,No,1360.0
1229,350,2022-12-22,3,4,1,2,No,1360.0
1228,350,2023-12-13,3,3,1,4,No,1360.0
1227,350,2024-12-18,3,4,2,3,Yes,1360.0
1226,350,2025-12-16,3,3,1,3,No,1360.0
1236,351,2020-12-13,3,1,3,4,No,1035.0
1235,351,2021-12-11,3,2,4,3,Yes,1035.0
1234,351,2022-12-20,3,1,4,2,Yes,1035.0
1233,351,2023-12-31,3,1,4,3,No,1035.0
1232,351,2024-12-28,3,1,3,2,Yes,1035.0
1231,351,2025-12-27,3,1,4,3,Yes,1035.0
1242,352,2020-12-26,3,4,1,4,No,522.0
1241,352,2021-12-26,3,4,1,3,No,522.0
1240,352,2022-12-21,3,4,2,2,No,522.0
1239,352,2023-12-28,3,2,1,2,No,522.0
1238,352,2024-12-18,3,4,1,2,Yes,522.0
1237,352,2025-12-14,3,3,1,3,No,522.0
1244,353,2024-12-24,3,4,2,2,No,58.0
1243,353,2025-12-20,3,4,3,2,No,58.0
1249,355,2020-05-03,3,2,2,4,No,997.0
1248,355,2021-05-07,3,3,2,4,No,997.0
1247,355,2022-05-07,3,1,4,4,No,997.0
1246,355,2023-05-11,3,2,3,4,No,997.0
1245,355,2024-05-09,3,2,3,4,No,997.0
1255,359,2020-12-15,4,1,1,1,No,1472.0
1254,359,2021-12-23,4,2,1,1,No,1472.0
1253,359,2022-12-23,4,3,3,1,No,1472.0
1252,359,2023-12-19,4,1,1,2,Yes,1472.0
1251,359,2024-12-25,4,2,3,1,No,1472.0
1250,359,2025-12-14,4,2,2,1,No,1472.0
1261,361,2020-12-24,3,3,3,3,No,2056.0
1260,361,2021-12-21,3,4,3,2,Yes,2056.0
1259,361,2022-12-22,3,4,4,4,No,2056.0
1258,361,2023-12-19,3,3,4,3,Yes,2056.0
1257,361,2024-12-17,3,3,3,2,No,2056.0
1256,361,2025-12-21,3,4,4,3,No,2056.0
1267,362,2020-12-16,3,1,4,4,No,1217.0
1266,362,2021-12-27,3,2,4,3,No,1217.0
1265,362,2022-12-22,3,1,3,3,No,1217.0
1264,362,2023-12-21,3,2,3,2,Yes,1217.0
1263,362,2024-12-27,3,1,4,3,Yes,1217.0
1262,362,2025-12-29,3,1,4,3,No,1217.0
1273,363,2020-12-29,3,1,2,2,No,787.0
1272,363,2021-12-23,3,2,3,1,Yes,787.0
1271,363,2022-12-17,3,2,3,1,No,787.0
1270,363,2023-12-18,3,3,3,2,No,787.0
1269,363,2024-12-26,3,2,2,1,Yes,787.0
1268,363,2025-12-24,3,2,3,2,Yes,787.0
1274,364,2024-03-08,3,3,1,1,No,575.0
1275,366,2025-12-23,3,2,1,3,No,1391.0
1281,367,2020-12-24,4,4,3,2,No,1697.0
1280,367,2021-12-15,4,3,1,4,No,1697.0
1279,367,2022-12-30,3,4,2,3,No,1697.0
1278,367,2023-12-31,3,4,3,2,No,1697.0
1277,367,2024-12-14,3,4,1,2,No,1697.0
1276,367,2025-12-13,4,4,2,3,No,1697.0
1287,369,2020-12-21,3,1,1,4,No,165.0
1286,369,2021-12-11,3,1,3,3,Yes,165.0
1285,369,2022-12-23,3,2,2,3,No,165.0
1284,369,2023-12-25,3,1,1,2,No,165.0
1283,369,2024-12-30,3,1,2,2,No,165.0
1282,369,2025-12-23,3,1,2,3,No,165.0
1293,372,2020-12-28,3,4,2,3,No,1278.0
1292,372,2021-12-14,3,4,2,2,Yes,1278.0
1291,372,2022-12-22,3,4,2,2,No,1278.0
1290,372,2023-12-23,3,4,3,4,No,1278.0
1289,372,2024-12-15,3,4,3,2,Yes,1278.0
1288,372,2025-12-25,3,4,3,3,Yes,1278.0
1299,373,2020-12-28,3,4,4,3,No,1424.0
1298,373,2021-12-28,3,4,4,2,No,1424.0
1297,373,2022-12-18,3,3,4,4,Yes,1424.0
1296,373,2024-01-01,3,4,3,2,No,1424.0
1295,373,2024-12-18,3,4,4,4,No,1424.0
1294,373,2025-12-25,3,4,4,3,No,1424.0
1305,374,2020-12-25,3,1,4,2,Yes,549.0
1304,374,2021-12-30,3,1,3,3,No,549.0
1303,374,2022-12-15,3,1,4,4,No,549.0
1302,374,2023-12-18,3,2,3,3,Yes,549.0
1301,374,2024-12-22,3,2,4,2,No,549.0
1300,374,2025-12-22,3,1,4,3,Yes,549.0
1311,376,2019-07-25,3,2,2,1,No,1578.0
1310,376,2020-07-08,3,2,1,1,Yes,1578.0
1309,376,2021-07-11,3,1,1,2,Yes,1578.0
1308,376,2022-07-13,3,3,1,3,Yes,1578.0
1307,376,2023-07-26,3,3,2,2,No,1578.0
1306,376,2024-07-25,3,2,1,2,Yes,1578.0
1317,377,2020-12-11,4,4,4,2,Yes,575.0
1316,377,2021-12-17,3,3,4,3,No,575.0
1315,377,2022-12-25,4,4,4,2,No,575.0
1314,377,2023-12-26,3,4,3,1,No,575.0
1313,377,2024-12-19,4,3,3,2,No,575.0
1312,377,2025-12-25,4,4,4,2,No,575.0
1322,378,2021-12-27,3,4,2,3,No,81.0
1321,378,2022-12-28,3,4,2,4,No,81.0
1320,378,2023-12-15,3,4,2,3,No,81.0
1319,378,2024-12-11,3,4,4,4,No,81.0
1318,378,2025-12-30,3,4,3,4,No,81.0
1326,379,2022-12-26,3,3,4,4,No,1485.0
1325,379,2023-12-18,3,2,4,4,No,1485.0
1324,379,2024-12-14,3,2,3,4,No,1485.0
1323,379,2025-12-14,3,3,4,4,No,1485.0
1332,380,2020-12-23,3,3,2,4,No,396.0
1331,380,2021-12-16,3,3,1,2,Yes,396.0
1330,380,2022-12-27,3,4,1,4,Yes,396.0
1329,380,2023-12-24,3,4,1,3,No,396.0
1328,380,2024-12-11,3,4,1,3,No,396.0
1327,380,2025-12-12,3,4,1,3,Yes,396.0
1338,381,2020-12-11,3,2,3,1,Yes,1973.0
1337,381,2021-12-14,3,2,3,3,No,1973.0
1336,381,2022-12-23,3,2,1,2,No,1973.0
1335,381,2023-12-15,3,1,3,1,No,1973.0
1334,381,2024-12-29,3,3,1,2,No,1973.0
1333,381,2025-12-21,3,2,2,2,No,1973.0
1344,382,2020-12-18,3,2,1,4,Yes,573.0
1343,382,2021-12-13,4,2,1,2,Yes,573.0
1342,382,2022-12-29,4,1,1,4,No,573.0
1341,382,2024-01-01,4,1,2,3,No,573.0
1340,382,2024-12-25,4,2,2,2,Yes,573.0
1339,382,2025-12-13,4,1,1,3,Yes,573.0
1350,384,2020-12-11,4,1,3,2,No,1360.0
1349,384,2021-12-19,4,2,3,1,No,1360.0
1348,384,2022-12-21,3,3,2,1,Yes,1360.0
1347,384,2023-12-18,4,3,4,1,Yes,1360.0
1346,384,2024-12-27,3,3,4,1,No,1360.0
1345,384,2025-12-26,4,2,3,1,No,1360.0
1356,385,2020-12-25,3,1,1,2,Yes,1423.0
1355,385,2021-12-18,3,3,1,3,Yes,1423.0
1354,385,2022-12-24,3,2,2,3,No,1423.0
1353,385,2023-12-27,3,1,1,2,No,1423.0
1352,385,2024-12-31,3,3,1,1,No,1423.0
1351,385,2025-12-11,3,2,1,2,No,1423.0
1362,386,2020-12-18,3,3,4,2,No,162.0
1361,386,2021-12-21,3,2,3,3,Yes,162.0
1360,386,2022-12-20,3,3,4,2,Yes,162.0
1359,386,2023-12-19,3,2,2,1,Yes,162.0
1358,386,2024-12-26,3,3,3,3,No,162.0
1357,386,2025-12-29,3,3,3,2,Yes,162.0
1368,387,2020-12-27,4,3,3,2,No,1975.0
1367,387,2021-12-31,3,4,1,3,No,1975.0
1366,387,2022-12-27,4,2,3,2,No,1975.0
1365,387,2023-12-24,4,4,2,2,Yes,1975.0
1364,387,2024-12-23,3,4,2,4,No,1975.0
1363,387,2025-12-20,4,3,2,3,No,1975.0
1374,388,2020-12-26,3,4,1,3,No,1391.0
1373,388,2021-12-21,3,4,3,2,Yes,1391.0
1372,388,2022-12-30,3,3,1,1,No,1391.0
1371,388,2023-12-14,3,4,2,1,Yes,1391.0
1370,388,2024-12-14,3,4,3,2,No,1391.0
1369,388,2025-12-23,3,4,2,2,No,1391.0
1380,389,2020-12-15,3,4,2,2,No,638.0
1379,389,2021-12-19,3,3,1,4,No,638.0
1378,389,2022-12-21,3,4,3,2,Yes,638.0
1377,389,2023-12-21,3,4,3,4,No,638.0
1376,389,2024-12-28,3,4,3,3,No,638.0
1375,389,2025-12-13,3,4,2,3,Yes,638.0
1386,390,2020-12-29,3,1,1,2,No,165.0
1385,390,2021-12-12,3,2,2,2,Yes,165.0
1384,390,2022-12-17,3,1,1,2,Yes,165.0
1383,390,2023-12-13,3,1,1,2,Yes,165.0
1382,390,2024-12-28,3,1,1,3,No,165.0
1381,390,2025-12-25,3,1,1,3,Yes,165.0
1392,391,2020-12-22,3,4,4,4,No,1837.0
1391,391,2021-12-29,3,4,4,4,No,1837.0
1390,391,2022-12-12,3,3,4,4,No,1837.0
1389,391,2023-12-19,3,4,4,4,No,1837.0
1388,391,2024-12-24,3,4,4,2,No,1837.0
1387,391,2025-12-16,3,4,4,3,No,1837.0
1394,392,2024-05-15,3,2,4,1,No,999.0
1393,392,2025-05-03,4,3,4,1,Yes,999.0
1397,393,2023-12-28,3,4,4,4,No,119.0
1396,393,2024-12-19,3,4,4,2,No,119.0
1395,393,2025-12-13,3,4,4,3,No,119.0
1401,394,2021-06-25,3,1,2,2,No,661.0
1400,394,2022-06-15,3,2,1,4,Yes,661.0
1399,394,2023-06-25,3,1,1,3,Yes,661.0
1398,394,2024-07-01,3,2,1,3,Yes,661.0
1407,395,2020-12-16,4,3,4,3,No,575.0
1406,395,2021-12-11,3,4,3,4,No,575.0
1405,395,2022-12-12,4,4,3,2,No,575.0
1404,395,2023-12-16,4,4,3,2,No,575.0
1403,395,2024-12-16,4,4,4,4,No,575.0
1402,395,2025-12-29,4,4,4,3,No,575.0
1411,396,2022-12-27,3,1,4,2,Yes,1423.0
1410,396,2023-12-22,3,1,2,4,No,1423.0
1409,396,2024-12-30,3,2,4,2,No,1423.0
1408,396,2025-12-31,3,1,3,3,Yes,1423.0
1417,397,2020-12-27,3,3,4,3,No,447.0
1416,397,2021-12-25,3,2,3,2,No,447.0
1415,397,2022-12-20,3,1,4,4,Yes,447.0
1414,397,2023-12-30,3,1,4,2,No,447.0
1413,397,2024-12-26,3,1,3,3,No,447.0
1412,397,2025-12-15,3,2,3,3,No,447.0
1420,399,2023-12-14,3,1,4,2,No,580.0
1419,399,2024-12-23,3,3,4,2,No,580.0
1418,399,2025-12-22,3,2,4,2,No,580.0
1426,401,2020-10-02,3,4,4,3,No,2055.0
1425,401,2021-10-19,3,3,3,4,No,2055.0
1424,401,2022-10-20,3,4,4,2,Yes,2055.0
1423,401,2023-10-19,3,4,3,2,Yes,2055.0
1422,401,2024-10-19,3,4,4,2,Yes,2055.0
1421,401,2025-10-01,3,4,4,3,Yes,2055.0
1431,403,2021-12-20,3,4,1,1,Yes,1837.0
1430,403,2022-12-31,3,4,3,2,No,1837.0
1429,403,2023-12-23,3,4,1,1,No,1837.0
1428,403,2024-12-23,3,4,2,1,Yes,1837.0
1427,403,2025-12-22,3,4,2,2,Yes,1837.0
1437,404,2020-12-29,3,1,2,3,No,532.0
1436,404,2021-12-30,3,2,2,4,Yes,532.0
1435,404,2022-12-18,3,1,3,4,No,532.0
1434,404,2023-12-17,3,1,4,3,No,532.0
1433,404,2024-12-28,3,2,3,4,No,532.0
1432,404,2025-12-16,3,2,3,4,No,532.0
1438,405,2025-10-07,3,3,3,3,No,612.0
1444,406,2020-12-22,3,2,4,3,No,1863.0
1443,406,2021-12-17,3,2,4,3,No,1863.0
1442,406,2022-12-22,3,3,3,3,No,1863.0
1441,406,2023-12-14,3,1,3,2,Yes,1863.0
1440,406,2024-12-28,3,3,3,1,No,1863.0
1439,406,2025-12-25,3,2,3,2,No,1863.0
1446,407,2024-12-20,3,4,2,4,No,1424.0
1445,407,2025-12-21,3,4,3,3,No,1424.0
1451,408,2021-12-25,3,1,3,4,No,1005.0
1450,408,2022-12-24,3,2,4,4,No,1005.0
1449,408,2023-12-15,3,1,4,3,No,1005.0
1448,408,2024-12-13,3,1,4,4,No,1005.0
1447,408,2025-12-13,3,2,4,3,No,1005.0
1457,410,2020-12-28,3,1,4,3,No,1336.0
1456,410,2021-12-22,3,1,3,2,No,1336.0
1455,410,2022-12-26,3,3,3,2,No,1336.0
1454,410,2023-12-23,3,3,3,3,No,1336.0
1453,410,2024-12-13,3,2,4,4,No,1336.0
1452,410,2025-12-27,3,2,4,3,No,1336.0
1458,411,2025-12-13,3,3,4,3,No,302.0
1464,412,2020-12-13,3,2,1,2,No,165.0
1463,412,2021-12-25,3,1,2,3,No,165.0
1462,412,2022-12-21,3,2,1,4,No,165.0
1461,412,2023-12-29,3,1,2,3,No,165.0
1460,412,2024-12-13,3,1,3,4,Yes,165.0
1459,412,2025-12-24,3,1,2,3,No,165.0
1470,416,2020-12-23,3,4,1,2,No,1319.0
1469,416,2021-12-28,3,3,2,3,No,1319.0
1468,416,2022-12-29,3,4,1,2,No,1319.0
1467,416,2023-12-16,3,4,3,1,No,1319.0
1466,416,2024-12-21,3,3,2,2,No,1319.0
1465,416,2025-12-23,3,4,2,2,No,1319.0
1476,417,2020-12-31,3,3,4,1,No,431.0
1475,417,2021-12-11,3,3,3,3,No,431.0
1474,417,2022-12-15,3,3,3,3,No,431.0
1473,417,2023-12-27,3,3,2,2,No,431.0
1472,417,2024-12-11,3,3,4,3,Yes,431.0
1471,417,2025-12-16,3,4,3,2,No,431.0
1482,419,2020-12-18,3,2,1,2,No,447.0
1481,419,2021-12-31,3,3,1,4,Yes,447.0
1480,419,2022-12-31,3,3,2,4,No,447.0
1479,419,2023-12-28,3,2,2,2,No,447.0
1478,419,2024-12-12,3,1,2,4,Yes,447.0
1477,419,2025-12-25,3,2,2,3,No,447.0
1488,420,2020-12-20,3,3,4,3,No,1050.0
1487,420,2021-12-17,3,4,4,2,No,1050.0
1486,420,2022-12-16,3,2,4,1,Yes,1050.0
1485,420,2024-01-01,3,4,4,2,No,1050.0
1484,420,2024-12-15,3,4,3,1,Yes,1050.0
1483,420,2025-12-11,3,3,4,2,No,1050.0
1494,421,2020-12-19,3,3,2,2,Yes,396.0
1493,421,2021-12-21,3,2,1,2,No,396.0
1492,421,2022-12-26,3,1,1,3,No,396.0
1491,421,2023-12-18,3,1,2,4,No,396.0
1490,421,2024-12-30,3,2,1,3,Yes,396.0
1489,421,2025-12-14,3,2,1,3,No,396.0
1500,422,2020-12-12,3,3,4,4,Yes,431.0
1499,422,2021-12-27,3,3,3,2,Yes,431.0
1498,422,2022-12-18,3,2,3,4,No,431.0
1497,422,2023-12-13,3,2,4,4,Yes,431.0
1496,422,2024-12-29,3,4,3,2,Yes,431.0
1495,422,2025-12-21,3,3,4,3,Yes,431.0
1506,423,2020-12-26,3,4,2,4,Yes,997.0
1505,423,2021-12-24,3,3,3,4,No,997.0
1504,423,2022-12-27,3,4,3,2,Yes,997.0
1503,423,2023-12-19,3,3,2,4,Yes,997.0
1502,423,2024-12-24,3,4,2,2,Yes,997.0
1501,423,2025-12-15,3,4,3,3,Yes,997.0
1509,424,2023-12-18,3,1,2,3,Yes,1744.0
1508,424,2024-12-19,3,1,2,4,No,1744.0
1507,424,2025-12-29,3,1,1,3,No,1744.0
1515,425,2020-12-17,3,2,2,2,No,1061.0
1514,425,2021-12-24,3,2,2,2,No,1061.0
1513,425,2022-12-22,3,1,2,3,No,1061.0
1512,425,2023-12-13,3,1,1,3,No,1061.0
1511,425,2024-12-28,3,2,1,4,No,1061.0
1510,425,2025-12-16,3,1,1,3,No,1061.0
1518,426,2023-12-14,3,3,3,1,No,997.0
1517,426,2024-12-21,3,3,3,1,Yes,997.0
1516,426,2025-12-14,3,4,3,1,Yes,997.0
1524,428,2020-12-29,3,3,4,3,No,1973.0
1523,428,2021-12-11,3,1,4,2,No,1973.0
1522,428,2022-12-20,3,2,3,3,No,1973.0
1521,428,2023-12-18,3,3,4,2,No,1973.0
1520,428,2024-12-30,3,1,4,3,No,1973.0
1519,428,2025-12-17,3,2,4,3,No,1973.0
1530,429,2020-12-14,3,2,2,3,No,1578.0
1529,429,2021-12-18,3,2,2,3,Yes,1578.0
1528,429,2022-12-13,3,2,2,3,Yes,1578.0
1527,429,2023-12-26,3,1,2,3,Yes,1578.0
1526,429,2024-12-28,3,1,4,2,No,1578.0
1525,429,2025-12-13,3,1,3,3,Yes,1578.0
1536,430,2020-12-11,3,3,3,4,No,999.0
1535,430,2021-12-18,3,3,4,2,No,999.0
1534,430,2022-12-22,3,3,4,2,No,999.0
1533,430,2023-12-23,3,4,3,2,Yes,999.0
1532,430,2024-12-18,3,3,2,2,No,999.0
1531,430,2025-12-26,3,4,3,3,No,999.0
1542,431,2020-12-16,3,4,4,4,Yes,1278.0
1541,431,2021-12-30,3,3,4,4,Yes,1278.0
1540,431,2022-12-13,3,3,4,3,No,1278.0
1539,431,2024-01-01,3,3,4,4,Yes,1278.0
1538,431,2024-12-24,3,3,4,3,Yes,1278.0
1537,431,2025-12-12,3,3,3,3,Yes,1278.0
1548,433,2019-01-12,3,1,4,1,No,638.0
1547,433,2019-12-30,3,2,4,2,No,638.0
1546,433,2020-12-28,3,2,4,1,Yes,638.0
1545,433,2021-12-29,3,1,4,1,No,638.0
1544,433,2023-01-14,3,1,2,1,Yes,638.0
1543,433,2024-01-05,3,2,3,2,No,638.0
1553,434,2021-12-30,3,3,3,2,Yes,1523.0
1552,434,2022-12-15,3,2,2,2,Yes,1523.0
1551,434,2023-12-27,3,2,2,3,No,1523.0
1550,434,2024-12-26,3,2,4,1,No,1523.0
1549,434,2025-12-24,3,2,3,2,Yes,1523.0
1559,436,2020-12-30,3,3,2,2,No,1050.0
1558,436,2021-12-14,3,1,4,4,No,1050.0
1557,436,2022-12-21,3,3,3,2,No,1050.0
1556,436,2023-12-27,3,2,4,3,No,1050.0
1555,436,2024-12-25,3,3,3,3,Yes,1050.0
1554,436,2025-12-30,3,2,3,3,Yes,1050.0
1565,437,2020-12-26,3,4,4,3,No,174.0
1564,437,2021-12-21,3,3,3,4,Yes,174.0
1563,437,2022-12-16,3,2,3,2,No,174.0
1562,437,2023-12-26,3,2,4,2,No,174.0
1561,437,2024-12-17,3,4,3,2,Yes,174.0
1560,437,2025-12-17,3,3,4,3,Yes,174.0
1571,438,2020-12-29,3,3,4,4,No,1319.0
1570,438,2021-12-19,3,4,3,4,No,1319.0
1569,438,2022-12-22,3,4,4,2,No,1319.0
1568,438,2023-12-25,3,3,4,2,No,1319.0
1567,438,2024-12-30,3,4,3,4,No,1319.0
1566,438,2025-12-13,3,4,4,3,No,1319.0
1577,439,2020-12-21,3,4,1,3,No,1217.0
1576,439,2021-12-19,3,4,1,2,No,1217.0
1575,439,2022-12-15,3,3,2,2,No,1217.0
1574,439,2023-12-18,3,4,2,3,No,1217.0
1573,439,2024-12-27,3,4,2,2,No,1217.0
1572,439,2025-12-12,3,4,1,2,No,1217.0
1581,440,2021-07-07,3,3,2,3,No,575.0
1580,440,2022-07-06,3,4,1,2,No,575.0
1579,440,2023-06-29,3,4,1,3,No,575.0
1578,440,2024-07-07,3,4,1,2,Yes,575.0
1587,441,2020-12-23,3,4,4,4,No,1608.0
1586,441,2021-12-20,3,3,4,2,Yes,1608.0
1585,441,2022-12-18,3,4,4,3,Yes,1608.0
1584,441,2023-12-17,3,3,3,2,No,1608.0
1583,441,2024-12-29,3,4,4,4,No,1608.0
1582,441,2025-12-15,3,4,4,3,No,1608.0
1593,442,2020-12-31,4,4,2,4,Yes,1367.0
1592,442,2021-12-25,4,3,4,3,No,1367.0
1591,442,2022-12-25,4,2,2,2,No,1367.0
1590,442,2023-12-29,3,3,2,3,No,1367.0
1589,442,2024-12-20,3,2,3,2,No,1367.0
1588,442,2025-12-15,4,3,3,3,No,1367.0
1599,444,2020-12-20,3,3,3,4,No,1338.0
1598,444,2021-12-30,3,3,4,4,Yes,1338.0
1597,444,2022-12-21,3,4,4,3,Yes,1338.0
1596,444,2023-12-29,3,4,4,4,No,1338.0
1595,444,2024-12-30,3,4,3,4,No,1338.0
1594,444,2025-12-14,3,4,3,3,No,1338.0
1601,445,2024-11-29,3,3,4,1,No,2056.0
1600,445,2025-11-24,3,3,4,2,Yes,2056.0
1607,446,2020-12-12,3,4,2,1,No,1050.0
1606,446,2021-12-25,3,4,1,3,No,1050.0
1605,446,2022-12-23,3,4,2,3,No,1050.0
1604,446,2023-12-31,3,4,2,3,No,1050.0
1603,446,2024-12-26,3,4,3,2,No,1050.0
1602,446,2025-12-14,3,4,2,2,No,1050.0
1611,447,2022-12-19,3,4,4,3,No,254.0
1610,447,2024-01-01,3,3,3,2,No,254.0
1609,447,2024-12-21,3,2,4,4,No,254.0
1608,447,2025-12-29,3,3,4,3,No,254.0
1617,448,2020-12-11,3,2,3,4,No,1941.0
1616,448,2021-12-24,3,3,2,3,No,1941.0
1615,448,2022-12-18,3,3,2,4,No,1941.0
1614,448,2023-12-19,3,3,2,3,No,1941.0
1613,448,2024-12-26,3,4,4,4,Yes,1941.0
1612,448,2025-12-13,3,3,3,4,No,1941.0
1623,449,2020-12-15,3,3,2,3,No,174.0
1622,449,2021-12-19,3,1,3,2,No,174.0
1621,449,2022-12-27,3,2,4,3,No,174.0
1620,449,2023-12-18,3,3,2,2,No,174.0
1619,449,2024-12-24,3,3,3,3,No,174.0
1618,449,2025-12-13,3,2,3,3,Yes,174.0
1628,450,2021-12-15,3,3,3,2,No,638.0
1627,450,2022-12-17,3,2,3,2,No,638.0
1626,450,2023-12-12,3,2,4,3,No,638.0
1625,450,2024-12-26,3,3,3,2,No,638.0
1624,450,2025-12-23,3,3,4,2,No,638.0
1630,451,2024-12-30,3,1,3,3,No,1606.0
1629,451,2025-12-16,3,1,3,2,No,1606.0
1636,452,2020-12-25,3,3,4,4,No,1941.0
1635,452,2021-12-19,3,4,4,3,No,1941.0
1634,452,2022-12-24,3,4,4,3,No,1941.0
1633,452,2023-12-22,3,4,4,4,No,1941.0
1632,452,2024-12-27,3,3,4,3,No,1941.0
1631,452,2025-12-18,3,4,4,3,No,1941.0
1641,453,2021-12-21,3,4,2,2,No,2056.0
1640,453,2022-12-14,4,4,1,3,No,2056.0
1639,453,2023-12-27,3,4,3,2,Yes,2056.0
1638,453,2024-12-23,4,4,1,2,Yes,2056.0
1637,453,2025-12-22,4,4,2,2,Yes,2056.0
1647,454,2020-07-01,3,2,2,1,Yes,1539.0
1646,454,2021-07-02,3,1,2,3,Yes,1539.0
1645,454,2022-06-27,3,1,2,3,Yes,1539.0
1644,454,2023-07-04,3,1,3,2,Yes,1539.0
1643,454,2024-06-22,3,1,1,2,Yes,1539.0
1642,454,2025-07-05,3,1,2,2,Yes,1539.0
1651,455,2022-12-29,3,3,1,4,Yes,1655.0
1650,455,2023-12-19,3,4,3,4,No,1655.0
1649,455,2024-12-26,3,4,3,4,No,1655.0
1648,455,2025-12-11,3,4,2,3,No,1655.0
1657,456,2020-12-14,3,4,4,4,No,1319.0
1656,456,2021-12-30,3,2,3,4,No,1319.0
1655,456,2022-12-21,3,3,3,3,No,1319.0
1654,456,2023-12-14,3,3,3,4,No,1319.0
1653,456,2024-12-20,3,3,3,2,No,1319.0
1652,456,2025-12-20,3,3,4,3,No,1319.0
1663,458,2020-12-16,3,2,1,3,No,2055.0
1662,458,2021-12-23,3,3,1,3,Yes,2055.0
1661,458,2022-12-19,3,1,1,3,No,2055.0
1660,458,2024-01-01,3,1,2,4,No,2055.0
1659,458,2024-12-23,3,1,2,4,No,2055.0
1658,458,2025-12-28,3,2,2,3,No,2055.0
1669,460,2020-12-16,3,4,4,2,No,601.0
1668,460,2021-12-15,3,4,4,3,No,601.0
1667,460,2022-12-26,3,3,4,3,Yes,601.0
1666,460,2023-12-14,3,3,3,3,No,601.0
1665,460,2024-12-25,3,4,4,2,No,601.0
1664,460,2025-12-23,3,4,4,2,No,601.0
1675,461,2020-12-21,3,3,4,4,Yes,396.0
1674,461,2021-12-23,3,3,4,3,No,396.0
1673,461,2022-12-13,3,4,4,3,No,396.0
1672,461,2023-12-24,3,4,3,3,No,396.0
1671,461,2024-12-27,3,3,3,2,No,396.0
1670,461,2025-12-28,3,4,3,3,Yes,396.0
1681,462,2020-12-17,3,4,4,3,No,1367.0
1680,462,2021-12-22,3,4,2,3,No,1367.0
1679,462,2022-12-17,3,3,3,1,No,1367.0
1678,462,2023-12-12,3,4,2,3,Yes,1367.0
1677,462,2024-12-27,3,4,3,2,Yes,1367.0
1676,462,2025-12-23,3,4,3,2,Yes,1367.0
1687,463,2020-12-24,3,1,4,3,No,1391.0
1686,463,2021-12-18,3,1,4,2,No,1391.0
1685,463,2022-12-14,3,1,4,4,No,1391.0
1684,463,2023-12-20,3,2,4,2,No,1391.0
1683,463,2024-12-22,3,1,4,4,No,1391.0
1682,463,2025-12-23,3,2,4,3,Yes,1391.0
1693,464,2020-12-18,3,3,4,3,No,1367.0
1692,464,2021-12-19,3,1,3,3,No,1367.0
1691,464,2022-12-22,3,3,3,3,No,1367.0
1690,464,2023-12-14,3,2,2,3,No,1367.0
1689,464,2024-12-30,3,2,4,4,No,1367.0
1688,464,2025-12-25,3,2,3,3,No,1367.0
1698,465,2021-12-14,3,4,3,3,No,468.0
1697,465,2022-12-21,3,4,2,3,No,468.0
1696,465,2023-12-20,3,4,2,1,No,468.0
1695,465,2024-12-30,3,4,3,1,No,468.0
1694,465,2025-12-21,3,4,3,2,No,468.0
1704,466,2020-12-18,3,3,4,3,Yes,601.0
1703,466,2021-12-28,3,1,3,3,Yes,601.0
1702,466,2022-12-17,3,2,4,3,Yes,601.0
1701,466,2023-12-30,3,2,4,3,No,601.0
1700,466,2024-12-16,3,1,4,3,No,601.0
1699,466,2025-12-19,3,2,4,3,Yes,601.0
1705,467,2025-12-15,3,3,2,3,No,986.0
1707,468,2024-12-26,3,3,1,3,No,141.0
1706,468,2025-12-24,3,4,1,3,No,141.0
1712,469,2021-12-21,3,3,3,1,No,1391.0
1711,469,2022-12-18,3,2,3,2,No,1391.0
1710,469,2023-12-31,3,3,4,3,No,1391.0
1709,469,2024-12-29,3,3,4,1,No,1391.0
1708,469,2025-12-12,3,3,4,2,No,1391.0
1716,470,2022-12-20,3,2,4,3,Yes,1098.0
1715,470,2023-12-21,3,2,4,2,Yes,1098.0
1714,470,2024-12-27,3,2,2,4,Yes,1098.0
1713,470,2025-12-17,3,3,3,3,Yes,1098.0
1722,471,2020-12-16,3,3,3,3,No,1472.0
1721,471,2021-12-30,3,1,4,4,No,1472.0
1720,471,2022-12-16,3,2,4,3,Yes,1472.0
1719,471,2023-12-22,3,1,2,4,No,1472.0
1718,471,2024-12-17,3,1,2,4,No,1472.0
1717,471,2025-12-28,3,2,3,3,No,1472.0
1723,473,2025-12-12,4,3,1,1,No,1578.0
1729,474,2020-12-24,3,2,4,4,No,447.0
1728,474,2021-12-14,3,1,2,2,No,447.0
1727,474,2022-12-13,3,1,3,2,No,447.0
1726,474,2023-12-30,3,1,3,3,No,447.0
1725,474,2024-12-27,3,1,3,4,Yes,447.0
1724,474,2025-12-18,3,1,3,3,Yes,447.0
1731,475,2024-12-18,3,4,3,3,Yes,1319.0
1730,475,2025-12-15,3,3,4,4,Yes,1319.0
1737,476,2020-12-19,3,3,2,3,No,2055.0
1736,476,2021-12-23,3,3,2,3,No,2055.0
1735,476,2022-12-31,3,3,3,3,No,2055.0
1734,476,2023-12-27,3,3,4,3,No,2055.0
1733,476,2024-12-12,3,3,4,4,Yes,2055.0
1732,476,2025-12-14,3,3,3,3,No,2055.0
1739,477,2024-12-23,3,4,2,4,Yes,372.0
1738,477,2025-12-24,4,4,1,3,No,372.0
1743,478,2021-09-21,3,1,1,4,No,1869.0
1742,478,2022-09-23,3,3,1,4,No,1869.0
1741,478,2023-09-23,3,1,1,2,Yes,1869.0
1740,478,2024-09-19,3,2,1,3,Yes,1869.0
1745,479,2024-12-26,3,3,4,3,No,81.0
1744,479,2025-12-16,3,4,4,3,No,81.0
1751,481,2020-12-27,3,4,1,3,Yes,1716.0
1750,481,2021-12-13,3,4,2,3,No,1716.0
1749,481,2022-12-31,3,4,1,4,No,1716.0
1748,481,2023-12-29,3,3,2,4,No,1716.0
1747,481,2024-12-30,3,3,2,2,No,1716.0
1746,481,2025-12-22,3,4,1,3,No,1716.0
1754,482,2023-12-21,3,3,4,3,No,431.0
1753,482,2024-12-30,3,3,3,3,No,431.0
1752,482,2025-12-17,3,3,4,3,No,431.0
1760,483,2020-12-30,3,4,4,2,No,352.0
1759,483,2021-12-12,3,2,3,4,No,352.0
1758,483,2022-12-25,3,4,3,2,Yes,352.0
1757,483,2023-12-22,3,2,4,3,No,352.0
1756,483,2024-12-31,3,2,4,4,Yes,352.0
1755,483,2025-12-18,3,3,4,3,Yes,352.0
1764,484,2022-12-14,3,4,1,1,No,302.0
1763,484,2023-12-24,4,4,2,2,No,302.0
1762,484,2024-12-16,3,3,1,1,Yes,302.0
1761,484,2025-12-13,4,4,1,2,No,302.0
1766,485,2023-03-10,3,2,4,2,Yes,580.0
1765,485,2024-03-19,3,3,4,3,Yes,580.0
1772,486,2020-12-16,3,1,3,4,No,1837.0
1771,486,2021-12-31,4,1,2,4,No,1837.0
1770,486,2022-12-19,3,1,3,4,No,1837.0
1769,486,2023-12-13,3,1,4,4,No,1837.0
1768,486,2024-12-11,4,1,4,3,No,1837.0
1767,486,2025-12-26,4,1,3,3,No,1837.0
1774,487,2024-12-12,3,3,3,3,Yes,2034.0
1773,487,2025-12-18,3,3,3,4,No,2034.0
1780,488,2019-02-12,3,1,1,3,No,2056.0
1779,488,2020-02-11,3,3,1,3,No,2056.0
1778,488,2021-02-16,3,1,1,4,No,2056.0
1777,488,2022-02-26,3,1,1,3,No,2056.0
1776,488,2023-02-14,3,1,1,4,No,2056.0
1775,488,2024-02-14,3,2,1,3,No,2056.0
1785,491,2021-12-28,3,4,4,3,No,1606.0
1784,491,2022-12-14,3,4,4,3,Yes,1606.0
1783,491,2023-12-26,3,4,3,3,No,1606.0
1782,491,2024-12-14,3,4,4,2,No,1606.0
1781,491,2025-12-16,3,4,4,3,No,1606.0
1791,492,2020-10-30,3,2,2,3,No,2056.0
1790,492,2021-10-22,3,2,4,4,Yes,2056.0
1789,492,2022-11-08,3,2,4,3,Yes,2056.0
1788,492,2023-10-23,3,2,2,2,No,2056.0
1787,492,2024-11-08,3,3,3,3,No,2056.0
1786,492,2025-10-23,3,3,3,3,Yes,2056.0
1794,493,2023-12-18,3,2,3,3,Yes,997.0
1793,493,2024-12-11,3,1,4,3,Yes,997.0
1792,493,2025-12-23,3,2,3,3,Yes,997.0
1796,494,2024-09-06,3,3,3,4,No,302.0
1795,494,2025-08-21,3,2,3,3,No,302.0
1800,495,2022-12-28,3,4,4,3,No,1655.0
1799,495,2023-12-31,3,3,4,2,Yes,1655.0
1798,495,2024-12-23,3,3,4,3,No,1655.0
1797,495,2025-12-14,3,4,4,3,No,1655.0
1802,496,2024-12-29,3,2,4,4,No,119.0
1801,496,2025-12-13,3,2,3,3,No,119.0
1808,497,2020-12-22,3,1,3,2,No,1523.0
1807,497,2021-12-28,3,2,4,4,Yes,1523.0
1806,497,2022-12-12,3,2,3,2,No,1523.0
1805,497,2023-12-18,3,1,4,4,No,1523.0
1804,497,2024-12-11,3,2,3,2,No,1523.0
1803,497,2025-12-13,3,2,4,3,No,1523.0
1814,498,2020-12-27,3,4,3,4,No,174.0
1813,498,2021-12-29,3,3,2,4,Yes,174.0
1812,498,2022-12-17,3,3,1,4,No,174.0
1811,498,2023-12-21,3,3,1,3,No,174.0
1810,498,2024-12-13,3,4,1,4,Yes,174.0
1809,498,2025-12-13,3,4,2,3,No,174.0
1820,499,2020-12-22,4,4,1,2,No,1606.0
1819,499,2021-12-30,4,2,1,4,No,1606.0
1818,499,2022-12-28,4,4,1,3,Yes,1606.0
1817,499,2023-12-23,4,3,1,2,No,1606.0
1816,499,2024-12-29,4,2,2,2,No,1606.0
1815,499,2025-12-24,4,3,2,3,No,1606.0
1826,500,2020-12-26,3,4,4,3,No,986.0
1825,500,2021-12-18,3,3,3,2,No,986.0
1824,500,2022-12-13,3,4,2,2,No,986.0
1823,500,2024-01-01,3,4,4,2,No,986.0
1822,500,2024-12-19,3,4,3,3,No,986.0
1821,500,2025-12-24,3,4,3,2,No,986.0
1829,501,2023-12-22,3,2,3,2,No,1424.0
1828,501,2024-12-20,3,2,4,4,No,1424.0
1827,501,2025-12-11,3,3,4,3,No,1424.0
1835,502,2019-07-10,3,4,1,1,Yes,862.0
1834,502,2020-07-09,3,4,2,2,Yes,862.0
1833,502,2021-07-17,3,4,1,3,No,862.0
1832,502,2022-07-09,3,3,2,2,Yes,862.0
1831,502,2023-07-14,3,3,1,3,No,862.0
1830,502,2024-07-11,3,4,1,2,Yes,862.0
1841,505,2020-12-30,3,4,3,2,No,374.0
1840,505,2021-12-13,3,3,4,4,Yes,374.0
1839,505,2022-12-19,3,4,4,4,Yes,374.0
1838,505,2023-12-27,3,3,2,3,No,374.0
1837,505,2024-12-29,3,4,2,4,No,374.0
1836,505,2025-12-25,3,4,3,3,Yes,374.0
1846,507,2021-12-12,3,4,4,4,Yes,118.0
1845,507,2022-12-16,3,2,4,4,Yes,118.0
1844,507,2023-12-28,3,2,4,4,Yes,118.0
1843,507,2024-12-19,3,3,3,4,Yes,118.0
1842,507,2025-12-20,3,3,4,4,Yes,118.0
1848,508,2024-12-14,3,2,3,2,No,1457.0
1847,508,2025-12-11,3,2,3,3,No,1457.0
1854,510,2020-10-15,3,1,4,3,No,661.0
1853,510,2021-10-17,3,1,4,4,No,661.0
1852,510,2022-10-15,4,2,4,3,No,661.0
1851,510,2023-10-24,4,1,2,2,Yes,661.0
1850,510,2024-10-14,4,2,4,4,No,661.0
1849,510,2025-10-19,4,1,3,3,No,661.0
1857,511,2023-12-13,3,1,2,4,No,468.0
1856,511,2024-12-15,3,2,1,4,No,468.0
1855,511,2025-12-13,3,2,1,3,No,468.0
1863,513,2020-12-14,3,4,3,4,No,1716.0
1862,513,2021-12-23,3,4,2,2,Yes,1716.0
1861,513,2022-12-27,3,2,3,3,No,1716.0
1860,513,2023-12-23,3,4,2,3,No,1716.0
1859,513,2024-12-15,3,2,3,4,No,1716.0
1858,513,2025-12-19,3,3,2,3,No,1716.0
1865,514,2024-04-07,3,4,2,4,Yes,1539.0
1864,514,2025-04-12,4,4,3,3,Yes,1539.0
1871,515,2020-12-21,3,2,3,3,Yes,1837.0
1870,515,2021-12-31,3,1,3,3,No,1837.0
1869,515,2022-12-27,3,1,3,2,No,1837.0
1868,515,2023-12-31,3,2,4,3,Yes,1837.0
1867,515,2024-12-31,3,2,4,3,Yes,1837.0
1866,515,2025-12-26,3,1,4,2,No,1837.0
1877,516,2020-12-24,3,3,4,3,No,2056.0
1876,516,2021-12-28,3,2,4,3,No,2056.0
1875,516,2022-12-23,3,3,4,2,No,2056.0
1874,516,2023-12-26,3,1,4,4,Yes,2056.0
1873,516,2024-12-21,3,3,3,4,No,2056.0
1872,516,2025-12-15,3,2,4,3,No,2056.0
1883,517,2020-12-28,3,1,3,4,No,1035.0
1882,517,2021-12-28,3,1,1,4,Yes,1035.0
1881,517,2022-12-18,3,1,3,2,Yes,1035.0
1880,517,2023-12-18,3,1,3,3,No,1035.0
1879,517,2024-12-31,3,1,2,4,Yes,1035.0
1878,517,2025-12-27,3,1,2,3,No,1035.0
1885,518,2024-12-16,3,1,2,2,Yes,601.0
1884,518,2025-12-14,3,2,3,2,Yes,601.0
1891,520,2020-12-12,3,3,1,2,No,80.0
1890,520,2021-12-20,3,2,1,4,No,80.0
1889,520,2022-12-27,3,1,1,4,No,80.0
1888,520,2023-12-29,3,2,1,2,No,80.0
1887,520,2024-12-14,3,3,1,2,No,80.0
1886,520,2025-12-12,3,2,1,3,No,80.0
1893,521,2024-12-20,4,2,3,3,No,1263.0
1892,521,2025-12-24,4,3,2,3,No,1263.0
1898,522,2021-12-28,3,2,1,2,No,825.0
1897,522,2022-12-29,3,1,1,2,No,825.0
1896,522,2023-12-14,3,1,1,3,No,825.0
1895,522,2024-12-21,3,1,2,2,No,825.0
1894,522,2025-12-11,3,1,1,2,No,825.0
1902,523,2022-12-15,3,3,3,4,No,862.0
1901,523,2023-12-21,3,4,2,2,No,862.0
1900,523,2024-12-15,3,4,3,4,Yes,862.0
1899,523,2025-12-31,3,3,3,3,No,862.0
1908,524,2020-12-15,3,1,3,2,No,1283.0
1907,524,2021-12-29,3,1,1,1,No,1283.0
1906,524,2022-12-27,3,1,2,1,No,1283.0
1905,524,2023-12-25,3,1,3,2,No,1283.0
1904,524,2024-12-14,3,2,1,1,No,1283.0
1903,524,2025-12-24,3,1,2,1,No,1283.0
1912,525,2022-12-13,4,3,4,2,No,999.0
1911,525,2023-12-28,4,4,4,3,No,999.0
1910,525,2024-12-17,4,4,4,4,Yes,999.0
1909,525,2025-12-26,4,4,4,3,No,999.0
1918,526,2020-12-28,3,4,3,3,Yes,372.0
1917,526,2021-12-13,3,3,4,4,Yes,372.0
1916,526,2022-12-15,3,3,3,3,No,372.0
1915,526,2023-12-23,3,2,4,4,Yes,372.0
1914,526,2024-12-16,3,3,3,2,No,372.0
1913,526,2025-12-13,3,3,3,3,Yes,372.0
1924,527,2020-12-21,3,4,3,3,Yes,840.0
1923,527,2021-12-13,3,4,3,4,No,840.0
1922,527,2022-12-15,3,4,1,4,No,840.0
1921,527,2023-12-15,3,4,1,3,Yes,840.0
1920,527,2024-12-27,3,4,2,2,Yes,840.0
1919,527,2025-12-15,3,4,2,3,Yes,840.0
1930,529,2020-12-15,3,4,2,4,Yes,447.0
1929,529,2021-12-11,3,4,1,4,Yes,447.0
1928,529,2022-12-18,3,2,1,4,No,447.0
1927,529,2023-12-17,3,4,1,4,No,447.0
1926,529,2024-12-22,3,4,2,2,Yes,447.0
1925,529,2025-12-11,3,3,2,3,Yes,447.0
1935,530,2021-12-12,3,1,4,3,No,997.0
1934,530,2022-12-22,3,1,4,2,Yes,997.0
1933,530,2023-12-26,3,1,4,2,No,997.0
1932,530,2024-12-18,3,1,4,4,No,997.0
1931,530,2025-12-14,3,1,4,3,No,997.0
1941,531,2020-12-31,3,2,3,4,No,1338.0
1940,531,2021-12-26,3,2,2,2,Yes,1338.0
1939,531,2022-12-31,3,2,2,3,Yes,1338.0
1938,531,2023-12-19,3,3,3,3,No,1338.0
1937,531,2024-12-24,3,2,1,4,Yes,1338.0
1936,531,2025-12-16,3,3,2,3,Yes,1338.0
1947,532,2020-12-11,3,1,2,3,No,131.0
1946,532,2021-12-12,3,1,2,3,No,131.0
1945,532,2022-12-31,3,1,3,1,No,131.0
1944,532,2023-12-20,3,1,3,3,No,131.0
1943,532,2024-12-31,3,2,4,1,Yes,131.0
1942,532,2025-12-31,3,1,3,2,No,131.0
1953,533,2020-12-29,3,3,2,2,Yes,1319.0
1952,533,2021-12-28,3,3,2,3,No,1319.0
1951,533,2022-12-18,3,3,3,3,No,1319.0
1950,533,2023-12-19,3,3,3,3,No,1319.0
1949,533,2024-12-30,3,4,1,4,Yes,1319.0
1948,533,2025-12-30,3,3,2,3,No,1319.0
1959,534,2020-12-16,3,1,2,2,Yes,1716.0
1958,534,2021-12-23,3,1,1,3,No,1716.0
1957,534,2022-12-27,3,2,1,3,No,1716.0
1956,534,2023-12-31,3,1,3,3,No,1716.0
1955,534,2024-12-20,3,1,2,4,No,1716.0
1954,534,2025-12-30,3,1,2,3,No,1716.0
1965,536,2020-12-21,3,1,4,4,No,1608.0
1964,536,2021-12-12,3,2,4,2,No,1608.0
1963,536,2022-12-29,3,1,4,2,No,1608.0
1962,536,2023-12-18,3,2,4,4,No,1608.0
1961,536,2024-12-19,3,1,2,4,Yes,1608.0
1960,536,2025-12-23,3,1,3,3,No,1608.0
1968,538,2023-05-07,3,1,2,3,No,1666.0
1967,538,2024-04-28,3,2,1,4,No,1666.0
1966,538,2025-05-08,3,1,1,3,No,1666.0
1974,543,2020-12-18,3,3,3,2,Yes,867.0
1973,543,2021-12-16,3,4,4,4,Yes,867.0
1972,543,2022-12-29,3,3,4,2,Yes,867.0
1971,543,2023-12-28,3,3,4,4,Yes,867.0
1970,543,2024-12-25,3,3,4,4,No,867.0
1969,543,2025-12-27,3,3,4,3,Yes,867.0
1977,544,2023-12-25,4,3,2,2,Yes,999.0
1976,544,2024-12-20,4,4,1,2,No,999.0
1975,544,2025-12-16,4,4,1,2,No,999.0
1983,546,2020-12-12,3,4,4,1,No,374.0
1982,546,2021-12-24,3,4,3,1,No,374.0
1981,546,2022-12-16,3,4,3,2,No,374.0
1980,546,2023-12-23,3,4,4,1,No,374.0
1979,546,2024-12-15,3,4,4,1,Yes,374.0
1978,546,2025-12-22,3,4,4,1,No,374.0
1989,547,2020-12-15,3,3,2,2,No,1941.0
1988,547,2021-12-13,3,2,2,3,No,1941.0
1987,547,2022-12-19,3,3,1,2,No,1941.0
1986,547,2023-12-25,3,4,1,4,Yes,1941.0
1985,547,2024-12-29,3,3,1,2,No,1941.0
1984,547,2025-12-23,3,3,1,3,No,1941.0
1995,548,2020-12-13,3,4,2,2,No,1360.0
1994,548,2021-12-11,4,4,2,3,No,1360.0
1993,548,2022-12-14,3,4,4,2,No,1360.0
1992,548,2023-12-17,3,4,4,3,Yes,1360.0
1991,548,2024-12-24,4,4,3,2,No,1360.0
1990,548,2025-12-28,4,4,3,3,No,1360.0
2001,549,2020-12-16,3,2,1,2,No,
2000,549,2021-12-27,3,1,2,1,No,
1999,549,2022-12-12,3,2,2,1,No,
1998,549,2023-12-14,3,2,2,1,No,
1997,549,2024-12-29,3,1,2,2,No,
1996,549,2025-12-23,3,1,1,1,No,
2007,550,2020-12-30,3,2,2,2,No,2034.0
2006,550,2021-12-28,3,4,3,2,No,2034.0
2005,550,2022-12-17,3,4,2,3,No,2034.0
2004,550,2023-12-29,3,4,3,3,No,2034.0
2003,550,2024-12-30,3,2,3,2,No,2034.0
2002,550,2025-12-11,3,3,3,2,No,2034.0
2013,551,2020-12-11,3,4,3,4,No,372.0
2012,551,2021-12-19,3,4,3,4,Yes,372.0
2011,551,2022-12-30,3,3,4,3,No,372.0
2010,551,2023-12-14,3,4,4,4,No,372.0
2009,551,2024-12-25,3,4,4,4,No,372.0
2008,551,2025-12-21,3,4,4,4,No,372.0
2019,554,2019-06-30,3,2,1,2,No,1869.0
2018,554,2020-07-04,3,2,1,3,Yes,1869.0
2017,554,2021-07-05,3,3,1,2,Yes,1869.0
2016,554,2022-07-13,3,2,1,4,Yes,1869.0
2015,554,2023-07-10,3,1,1,2,Yes,1869.0
2014,554,2024-06-30,3,2,1,3,Yes,1869.0
2022,555,2022-06-04,3,2,3,3,Yes,580.0
2021,555,2023-06-03,3,4,3,1,Yes,580.0
2020,555,2024-05-26,3,3,4,2,No,580.0
2024,556,2024-12-15,4,4,3,4,Yes,1128.0
2023,556,2025-12-14,4,4,4,3,Yes,1128.0
2030,558,2020-12-16,3,3,2,4,No,1191.0
2029,558,2021-12-27,3,3,3,2,No,1191.0
2028,558,2022-12-27,3,4,3,2,No,1191.0
2027,558,2023-12-26,3,4,4,4,No,1191.0
2026,558,2024-12-26,3,3,3,4,No,1191.0
2025,558,2025-12-24,3,3,3,3,No,1191.0
2034,560,2022-12-16,3,3,2,1,No,661.0
2033,560,2023-12-25,4,3,1,1,No,661.0
2032,560,2024-12-23,3,4,1,1,Yes,661.0
2031,560,2025-12-31,4,4,1,1,No,661.0
2039,562,2021-12-20,3,3,2,2,No,1539.0
2038,562,2022-12-20,3,4,2,2,No,1539.0
2037,562,2023-12-12,3,3,2,1,No,1539.0
2036,562,2024-12-14,3,4,2,2,No,1539.0
2035,562,2025-12-20,3,4,3,1,No,1539.0
2045,564,2020-12-16,3,3,3,2,Yes,638.0
2044,564,2021-12-30,3,4,2,3,No,638.0
2043,564,2023-01-01,3,3,3,4,No,638.0
2042,564,2023-12-20,3,4,2,4,No,638.0
2041,564,2024-12-15,3,2,3,2,No,638.0
2040,564,2025-12-31,3,3,2,3,No,638.0
2048,565,2022-10-09,3,1,3,3,No,1655.0
2047,565,2023-10-02,3,3,2,4,No,1655.0
2046,565,2024-10-03,3,2,3,4,No,1655.0
2050,566,2024-06-26,3,4,2,4,Yes,590.0
2049,566,2025-07-07,3,4,1,4,No,590.0
2056,567,2020-12-15,3,2,2,3,No,404.0
2055,567,2021-12-24,3,1,3,3,No,404.0
2054,567,2022-12-12,3,1,2,4,No,404.0
2053,567,2023-12-14,3,1,3,2,Yes,404.0
2052,567,2024-12-22,3,2,3,4,No,404.0
2051,567,2025-12-14,3,1,3,3,No,404.0
2057,568,2025-12-28,3,4,1,2,No,1338.0
2063,569,2020-12-12,3,3,2,3,No,787.0
2062,569,2021-12-30,3,2,1,2,No,787.0
2061,569,2022-12-31,3,4,1,2,No,787.0
2060,569,2023-12-27,3,4,2,2,No,787.0
2059,569,2024-12-29,3,2,2,3,Yes,787.0
2058,569,2025-12-19,3,3,2,3,No,787.0
2069,571,2020-12-19,3,4,4,3,Yes,1539.0
2068,571,2021-12-20,3,4,4,3,No,1539.0
2067,571,2022-12-18,3,4,2,2,No,1539.0
2066,571,2023-12-19,3,4,4,3,No,1539.0
2065,571,2024-12-14,3,4,3,1,No,1539.0
2064,571,2025-12-24,3,4,3,2,No,1539.0
2075,573,2020-12-23,3,1,3,3,No,1372.0
2074,573,2021-12-23,3,2,2,3,Yes,1372.0
2073,573,2022-12-28,3,1,4,3,Yes,1372.0
2072,573,2023-12-23,3,1,4,4,Yes,1372.0
2071,573,2024-12-30,3,1,2,3,No,1372.0
2070,573,2025-12-13,3,1,3,4,No,1372.0
2081,574,2020-12-23,3,4,1,4,No,1005.0
2080,574,2021-12-20,3,4,1,4,No,1005.0
2079,574,2022-12-27,3,4,1,4,No,1005.0
2078,574,2023-12-17,3,4,2,3,No,1005.0
2077,574,2024-12-30,3,4,1,2,No,1005.0
2076,574,2025-12-15,3,4,1,3,No,1005.0
2085,575,2022-12-29,3,4,1,1,No,80.0
2084,575,2023-12-28,3,4,2,1,No,80.0
2083,575,2024-12-22,3,3,1,1,No,80.0
2082,575,2025-12-24,3,3,1,1,No,80.0
2091,577,2020-12-20,3,2,4,2,No,1250.0
2090,577,2021-12-19,3,4,3,4,No,1250.0
2089,577,2022-12-25,3,2,4,2,No,1250.0
2088,577,2023-12-14,3,4,3,3,No,1250.0
2087,577,2024-12-19,3,3,4,2,No,1250.0
2086,577,2025-12-12,3,3,4,3,No,1250.0
2093,578,2024-12-29,3,4,3,2,No,638.0
2092,578,2025-12-25,3,3,3,3,No,638.0
2099,579,2020-12-21,3,3,4,4,No,1422.0
2098,579,2021-12-30,3,3,3,4,No,1422.0
2097,579,2022-12-28,3,4,4,2,No,1422.0
2096,579,2023-12-15,3,3,4,2,No,1422.0
2095,579,2024-12-17,3,3,4,3,No,1422.0
2094,579,2025-12-12,3,3,4,3,No,1422.0
2103,580,2022-12-15,3,3,3,3,No,1138.0
2102,580,2023-12-23,3,4,2,4,No,1138.0
2101,580,2024-12-22,3,4,3,3,No,1138.0
2100,580,2025-12-23,3,4,3,3,Yes,1138.0
2109,581,2020-12-21,4,2,2,4,No,1367.0
2108,581,2021-12-20,3,1,4,4,No,1367.0
2107,581,2022-12-15,4,2,2,4,No,1367.0
2106,581,2024-01-01,3,2,4,4,No,1367.0
2105,581,2024-12-30,4,1,3,4,No,1367.0
2104,581,2025-12-27,4,2,3,4,No,1367.0
2115,582,2019-05-20,3,4,2,4,Yes,1973.0
2114,582,2020-05-06,3,2,1,4,Yes,1973.0
2113,582,2021-05-17,3,2,3,3,No,1973.0
2112,582,2022-05-12,3,2,2,4,Yes,1973.0
2111,582,2023-05-19,3,3,3,3,No,1973.0
2110,582,2024-05-05,3,3,2,4,Yes,1973.0
2120,584,2020-08-11,3,3,1,2,No,901.0
2119,584,2021-08-13,3,4,1,3,No,901.0
2118,584,2022-08-12,3,4,1,3,No,901.0
2117,584,2023-08-13,3,4,1,4,No,901.0
2116,584,2024-08-09,3,4,1,3,No,901.0
2124,585,2022-12-15,3,3,4,3,No,1732.0
2123,585,2023-12-16,3,1,4,2,No,1732.0
2122,585,2024-12-21,3,3,4,4,No,1732.0
2121,585,2025-12-16,3,2,4,3,No,1732.0
2130,586,2020-12-19,3,3,4,3,Yes,431.0
2129,586,2021-12-17,3,4,4,2,No,431.0
2128,586,2022-12-18,3,3,3,3,No,431.0
2127,586,2023-12-19,3,3,4,3,Yes,431.0
2126,586,2024-12-26,3,2,4,4,No,431.0
2125,586,2025-12-13,3,3,4,3,Yes,431.0
2132,587,2023-08-04,3,4,2,3,Yes,431.0
2131,587,2024-08-01,3,3,1,3,No,431.0
2136,590,2021-12-20,3,2,3,3,Yes,698.0
2135,590,2022-12-12,3,1,2,4,No,698.0
2134,590,2023-12-10,3,1,3,3,Yes,698.0
2133,590,2024-12-12,3,1,2,3,Yes,698.0
2139,591,2023-12-18,3,3,3,2,No,1035.0
2138,591,2024-12-22,3,4,3,3,No,1035.0
2137,591,2025-12-18,3,3,2,3,No,1035.0
2145,592,2020-12-18,3,3,1,3,No,1716.0
2144,592,2021-12-25,3,3,3,2,No,1716.0
2143,592,2022-12-20,3,4,2,1,No,1716.0
2142,592,2023-12-25,3,4,3,3,No,1716.0
2141,592,2024-12-29,3,3,3,3,No,1716.0
2140,592,2025-12-16,3,4,2,2,No,1716.0
2148,593,2022-07-01,3,3,4,2,No,468.0
2147,593,2023-07-05,3,3,2,3,Yes,468.0
2146,593,2024-07-06,3,3,3,3,No,468.0
2154,595,2020-12-23,3,4,2,3,No,986.0
2153,595,2021-12-30,3,4,2,2,No,986.0
2152,595,2022-12-30,3,4,2,3,No,986.0
2151,595,2023-12-21,3,4,3,4,No,986.0
2150,595,2024-12-27,3,3,2,4,No,986.0
2149,595,2025-12-27,3,4,2,3,No,986.0
2160,597,2020-12-24,3,3,1,3,Yes,374.0
2159,597,2021-12-31,3,3,1,3,No,374.0
2158,597,2022-12-25,4,1,1,3,Yes,374.0
2157,597,2023-12-25,4,1,2,2,No,374.0
2156,597,2024-12-31,3,1,1,3,Yes,374.0
2155,597,2025-12-24,4,2,1,3,No,374.0
2166,599,2020-12-11,3,4,4,3,Yes,2056.0
2165,599,2021-12-11,3,3,3,3,No,2056.0
2164,599,2022-12-31,3,4,4,4,No,2056.0
2163,599,2023-12-21,3,4,3,3,Yes,2056.0
2162,599,2024-12-31,3,4,4,4,No,2056.0
2161,599,2025-12-17,3,4,4,3,No,2056.0
2172,600,2020-12-15,3,2,2,2,No,1070.0
2171,600,2021-12-15,3,2,2,2,No,1070.0
2170,600,2022-12-28,3,2,2,3,No,1070.0
2169,600,2023-12-14,3,2,3,4,No,1070.0
2168,600,2024-12-19,3,2,3,4,No,1070.0
2167,600,2025-12-27,3,3,2,3,No,1070.0
2178,601,2020-12-30,3,4,1,3,No,1775.0
2177,601,2021-12-22,3,4,2,3,Yes,1775.0
2176,601,2022-12-25,3,3,1,2,No,1775.0
2175,601,2023-12-13,3,2,2,3,Yes,1775.0
2174,601,2024-12-16,3,4,3,4,No,1775.0
2173,601,2025-12-18,3,3,2,3,No,1775.0
2184,602,2020-12-29,3,2,3,2,Yes,1128.0
2183,602,2021-12-13,3,4,4,2,No,1128.0
2182,602,2022-12-23,3,2,3,4,No,1128.0
2181,602,2023-12-18,3,3,4,2,No,1128.0
2180,602,2024-12-16,3,2,4,2,No,1128.0
2179,602,2025-12-15,3,3,3,3,No,1128.0
2190,604,2020-12-13,3,4,1,3,Yes,1319.0
2189,604,2021-12-18,3,3,2,4,No,1319.0
2188,604,2022-12-16,3,4,2,4,No,1319.0
2187,604,2023-12-31,3,4,1,3,Yes,1319.0
2186,604,2024-12-11,3,4,1,4,No,1319.0
2185,604,2025-12-13,3,4,2,4,Yes,1319.0
2196,605,2020-12-29,3,1,4,2,Yes,1401.0
2195,605,2021-12-24,4,2,4,3,Yes,1401.0
2194,605,2022-12-13,4,1,3,3,Yes,1401.0
2193,605,2023-12-31,3,1,3,2,Yes,1401.0
2192,605,2024-12-23,4,1,4,2,Yes,1401.0
2191,605,2025-12-26,4,1,4,2,Yes,1401.0
2202,606,2020-12-18,3,3,4,4,No,1975.0
2201,606,2021-12-22,3,3,4,3,No,1975.0
2200,606,2022-12-24,3,3,4,4,Yes,1975.0
2199,606,2023-12-29,3,3,4,4,No,1975.0
2198,606,2024-12-30,3,3,4,4,No,1975.0
2197,606,2025-12-11,3,2,4,4,No,1975.0
2208,608,2020-01-03,3,4,2,3,Yes,590.0
2207,608,2020-12-30,3,4,2,1,No,590.0
2206,608,2022-01-16,3,3,1,2,No,590.0
2205,608,2023-01-18,3,2,3,1,No,590.0
2204,608,2023-12-31,3,3,1,2,No,590.0
2203,608,2025-01-12,3,3,2,2,Yes,590.0
2212,611,2022-12-31,3,4,4,4,No,1360.0
2211,611,2023-12-26,3,4,4,3,No,1360.0
2210,611,2024-12-30,3,4,4,4,No,1360.0
2209,611,2025-12-27,3,4,4,4,No,1360.0
2218,612,2020-12-14,3,2,1,2,No,141.0
2217,612,2021-12-15,3,2,1,3,No,141.0
2216,612,2022-12-28,3,3,1,3,No,141.0
2215,612,2023-12-12,3,3,2,3,No,141.0
2214,612,2024-12-22,3,3,1,3,No,141.0
2213,612,2025-12-21,3,3,1,3,No,141.0
2224,613,2020-12-26,4,4,4,2,No,1973.0
2223,613,2021-12-22,3,4,3,1,Yes,1973.0
2222,613,2022-12-21,4,4,2,2,Yes,1973.0
2221,613,2023-12-27,3,3,4,1,No,1973.0
2220,613,2024-12-28,4,3,4,1,No,1973.0
2219,613,2025-12-22,4,4,3,2,No,1973.0
2225,614,2025-11-03,3,2,2,3,Yes,302.0
2227,615,2024-12-24,3,2,3,3,Yes,1716.0
2226,615,2025-12-26,3,1,3,3,No,1716.0
2233,616,2020-12-29,3,2,1,4,No,372.0
2232,616,2021-12-23,3,3,1,3,Yes,372.0
2231,616,2022-12-17,3,2,1,4,Yes,372.0
2230,616,2023-12-23,3,2,1,2,Yes,372.0
2229,616,2024-12-18,3,4,1,4,Yes,372.0
2228,616,2025-12-21,3,3,1,3,Yes,372.0
2234,618,2025-12-20,3,3,1,3,No,2055.0
2240,620,2020-12-23,3,2,2,2,No,1070.0
2239,620,2021-12-23,3,4,1,3,No,1070.0
2238,620,2022-12-25,3,4,2,3,No,1070.0
2237,620,2023-12-27,3,3,1,2,No,1070.0
2236,620,2024-12-12,3,2,1,2,No,1070.0
2235,620,2025-12-13,3,3,1,3,No,1070.0
2246,621,2020-12-18,3,3,3,2,No,862.0
2245,621,2021-12-26,3,4,3,2,No,862.0
2244,621,2022-12-25,3,4,3,4,No,862.0
2243,621,2023-12-29,3,4,3,2,No,862.0
2242,621,2024-12-17,3,3,4,3,No,862.0
2241,621,2025-12-28,3,4,4,3,No,862.0
2248,622,2023-07-02,3,3,2,1,Yes,661.0
2247,622,2024-06-28,3,4,3,1,Yes,661.0
2254,623,2020-12-22,3,3,3,4,No,1367.0
2253,623,2021-12-17,3,4,1,4,No,1367.0
2252,623,2022-12-13,3,4,3,4,No,1367.0
2251,623,2023-12-31,3,3,3,4,No,1367.0
2250,623,2024-12-28,3,4,2,4,No,1367.0
2249,623,2025-12-21,3,4,2,4,No,1367.0
2257,624,2023-12-13,3,4,1,2,Yes,1606.0
2256,624,2024-12-23,3,2,1,1,No,1606.0
2255,624,2025-12-28,3,3,1,2,No,1606.0
2263,625,2020-12-27,3,2,1,2,No,1336.0
2262,625,2021-12-15,3,1,3,4,No,1336.0
2261,625,2022-12-24,3,1,2,2,No,1336.0
2260,625,2023-12-17,3,1,1,2,Yes,1336.0
2259,625,2024-12-24,3,2,2,2,No,1336.0
2258,625,2025-12-21,3,1,2,3,No,1336.0
2269,626,2020-12-14,3,1,1,4,No,1716.0
2268,626,2021-12-25,3,3,1,4,No,1716.0
2267,626,2022-12-16,3,1,1,3,No,1716.0
2266,626,2023-12-12,3,3,1,2,No,1716.0
2265,626,2024-12-16,3,1,1,4,No,1716.0
2264,626,2025-12-23,3,2,1,3,No,1716.0
2275,630,2020-12-30,3,1,3,4,No,638.0
2274,630,2021-12-16,3,2,4,2,No,638.0
2273,630,2022-12-14,3,1,4,4,Yes,638.0
2272,630,2023-12-25,3,1,3,2,No,638.0
2271,630,2024-12-11,3,1,4,4,No,638.0
2270,630,2025-12-21,3,1,4,3,Yes,638.0
2280,631,2021-04-14,3,2,4,4,No,1050.0
2279,631,2022-04-11,3,3,4,4,No,1050.0
2278,631,2023-04-13,3,2,4,2,No,1050.0
2277,631,2024-04-16,3,2,4,2,No,1050.0
2276,631,2025-04-15,3,3,4,3,No,1050.0
2283,632,2023-12-13,3,3,4,3,No,1869.0
2282,632,2024-12-23,3,4,4,4,No,1869.0
2281,632,2025-12-28,3,4,4,3,No,1869.0
2285,634,2024-12-16,3,3,3,2,No,119.0
2284,634,2025-12-18,3,3,3,3,No,119.0
2291,635,2020-12-28,3,3,3,1,No,601.0
2290,635,2021-12-16,3,1,2,3,No,601.0
2289,635,2022-12-23,3,3,3,2,No,601.0
2288,635,2023-12-12,3,2,3,1,No,601.0
2287,635,2024-12-28,3,3,2,3,Yes,601.0
2286,635,2025-12-27,3,2,2,2,No,601.0
2297,638,2020-12-24,3,4,4,4,No,1423.0
2296,638,2021-12-31,3,3,3,4,Yes,1423.0
2295,638,2022-12-29,3,2,3,2,Yes,1423.0
2294,638,2023-12-19,3,4,3,3,No,1423.0
2293,638,2024-12-18,3,2,4,4,Yes,1423.0
2292,638,2025-12-20,3,3,4,3,Yes,1423.0
2303,639,2020-12-12,3,4,3,4,No,1666.0
2302,639,2021-12-16,3,3,3,4,Yes,1666.0
2301,639,2022-12-25,3,4,3,4,Yes,1666.0
2300,639,2024-01-01,3,4,1,3,Yes,1666.0
2299,639,2024-12-13,3,4,2,3,No,1666.0
2298,639,2025-12-11,3,4,2,3,Yes,1666.0
2309,641,2020-12-29,4,2,2,4,No,2055.0
2308,641,2021-12-22,4,1,2,4,No,2055.0
2307,641,2022-12-18,3,2,2,3,Yes,2055.0
2306,641,2023-12-23,4,2,1,4,No,2055.0
2305,641,2024-12-26,4,1,1,3,No,2055.0
2304,641,2025-12-12,4,2,1,4,No,2055.0
2311,643,2024-12-28,4,1,4,4,Yes,1666.0
2310,643,2025-12-25,4,2,4,3,No,1666.0
2317,644,2020-12-23,3,3,1,2,No,140.0
2316,644,2021-12-16,3,3,1,2,No,140.0
2315,644,2022-12-24,3,3,1,4,No,140.0
2314,644,2023-12-30,3,2,1,2,No,140.0
2313,644,2024-12-30,3,2,1,3,No,140.0
2312,644,2025-12-24,3,2,1,3,No,140.0
2323,645,2020-12-25,3,2,1,3,No,1732.0
2322,645,2021-12-20,3,2,1,2,No,1732.0
2321,645,2022-12-22,3,3,2,4,No,1732.0
2320,645,2023-12-26,3,4,3,3,No,1732.0
2319,645,2024-12-22,3,3,1,4,Yes,1732.0
2318,645,2025-12-25,3,3,2,3,No,1732.0
2329,647,2020-03-19,3,3,1,3,Yes,1666.0
2328,647,2021-03-17,3,2,1,2,No,1666.0
2327,647,2022-03-28,3,3,2,3,Yes,1666.0
2326,647,2023-03-16,3,4,1,4,Yes,1666.0
2325,647,2024-03-15,3,3,2,4,Yes,1666.0
2324,647,2025-03-19,3,3,1,3,Yes,1666.0
2331,648,2023-04-01,3,1,1,3,No,1732.0
2330,648,2024-04-05,3,1,2,4,No,1732.0
2337,649,2020-12-29,3,4,2,4,Yes,386.0
2336,649,2021-12-27,3,4,2,2,No,386.0
2335,649,2022-12-23,3,4,2,4,Yes,386.0
2334,649,2023-12-18,3,3,3,3,Yes,386.0
2333,649,2024-12-12,3,3,2,2,No,386.0
2332,649,2025-12-15,3,4,2,3,Yes,386.0
2341,650,2022-01-12,3,1,3,1,No,1319.0
2340,650,2023-01-17,3,1,1,1,No,1319.0
2339,650,2024-01-11,3,1,3,2,No,1319.0
2338,650,2025-01-07,3,1,2,1,No,1319.0
2345,652,2022-12-24,3,4,2,2,Yes,1069.0
2344,652,2023-12-25,3,3,1,2,No,1069.0
2343,652,2024-12-31,3,3,1,4,No,1069.0
2342,652,2025-12-15,3,4,1,3,No,1069.0
2351,653,2020-12-19,3,3,2,3,No,1319.0
2350,653,2021-12-27,3,4,1,4,No,1319.0
2349,653,2022-12-23,4,4,1,4,No,1319.0
2348,653,2023-12-17,3,3,1,3,No,1319.0
2347,653,2024-12-19,3,3,2,4,No,1319.0
2346,653,2025-12-24,4,4,1,4,No,1319.0
2357,655,2020-12-14,3,3,1,1,Yes,1523.0
2356,655,2021-12-22,3,3,1,3,No,1523.0
2355,655,2022-12-14,3,4,1,1,No,1523.0
2354,655,2023-12-24,3,3,1,2,No,1523.0
2353,655,2024-12-22,3,2,1,1,No,1523.0
2352,655,2025-12-19,3,3,1,2,No,1523.0
2361,656,2022-12-27,3,3,3,1,Yes,81.0
2360,656,2023-12-30,3,4,4,3,No,81.0
2359,656,2024-12-28,3,2,3,2,Yes,81.0
2358,656,2025-12-11,3,3,4,2,Yes,81.0
2363,657,2024-12-11,3,2,4,4,No,612.0
2362,657,2025-12-12,3,2,4,4,No,612.0
2369,659,2020-12-11,3,4,2,4,No,372.0
2368,659,2021-12-23,3,3,3,3,Yes,372.0
2367,659,2022-12-24,3,4,4,3,No,372.0
2366,659,2023-12-23,3,3,4,3,No,372.0
2365,659,2024-12-24,3,3,2,2,No,372.0
2364,659,2025-12-19,3,4,3,3,No,372.0
2371,661,2024-12-12,3,4,1,2,Yes,141.0
2370,661,2025-12-17,3,4,2,2,Yes,141.0
2372,662,2025-12-23,3,1,3,2,No,1128.0
2378,663,2020-12-20,3,3,3,3,No,1941.0
2377,663,2021-12-14,3,4,4,2,No,1941.0
2376,663,2022-12-18,3,2,4,2,Yes,1941.0
2375,663,2023-12-28,3,2,4,3,No,1941.0
2374,663,2024-12-22,3,4,4,2,Yes,1941.0
2373,663,2025-12-26,3,3,4,3,Yes,1941.0
2382,664,2023-01-01,3,2,4,2,Yes,787.0
2381,664,2023-12-20,3,2,4,1,No,787.0
2380,664,2024-12-12,3,1,3,2,No,787.0
2379,664,2025-12-24,3,1,4,1,No,787.0
2385,665,2023-12-18,3,3,2,4,No,1744.0
2384,665,2024-12-26,3,3,2,3,No,1744.0
2383,665,2025-12-20,3,3,1,4,No,1744.0
2391,666,2020-12-30,3,4,4,2,No,580.0
2390,666,2021-12-11,3,2,3,2,Yes,580.0
2389,666,2022-12-14,3,4,2,3,Yes,580.0
2388,666,2023-12-30,3,4,2,4,Yes,580.0
2387,666,2024-12-24,3,2,2,4,Yes,580.0
2386,666,2025-12-15,3,3,3,3,Yes,580.0
2395,667,2021-06-12,3,1,3,3,Yes,1732.0
2394,667,2022-06-12,3,2,4,4,No,1732.0
2393,667,2023-06-20,3,1,4,4,No,1732.0
2392,667,2024-06-21,3,1,3,3,No,1732.0
2399,669,2022-12-25,3,3,3,3,No,302.0
2398,669,2023-12-25,3,3,3,3,No,302.0
2397,669,2024-12-18,3,3,3,3,Yes,302.0
2396,669,2025-12-30,3,3,3,3,No,302.0
2402,671,2023-12-23,3,3,3,3,No,140.0
2401,671,2024-12-21,3,4,4,4,Yes,140.0
2400,671,2025-12-22,3,4,4,4,Yes,140.0
2405,675,2023-12-30,4,4,1,3,No,468.0
2404,675,2024-12-20,3,2,1,3,No,468.0
2403,675,2025-12-14,4,3,1,3,No,468.0
2411,677,2020-12-23,3,4,2,2,No,1050.0
2410,677,2021-12-23,3,3,3,3,Yes,1050.0
2409,677,2022-12-25,3,3,4,2,No,1050.0
2408,677,2023-12-15,3,2,3,2,No,1050.0
2407,677,2024-12-22,3,3,2,2,No,1050.0
2406,677,2025-12-28,3,3,3,3,No,1050.0
2417,679,2020-12-15,3,4,1,2,No,1217.0
2416,679,2021-12-18,3,4,2,1,No,1217.0
2415,679,2022-12-20,3,4,2,1,No,1217.0
2414,679,2023-12-27,3,3,1,2,Yes,1217.0
2413,679,2024-12-28,3,4,1,2,Yes,1217.0
2412,679,2025-12-13,3,4,1,2,Yes,1217.0
2419,680,2024-12-15,4,4,3,4,No,1539.0
2418,680,2025-12-26,4,3,3,3,No,1539.0
2425,682,2020-12-25,4,1,3,4,No,986.0
2424,682,2021-12-30,3,1,4,4,No,986.0
2423,682,2022-12-31,3,1,4,3,No,986.0
2422,682,2023-12-27,4,1,4,4,No,986.0
2421,682,2024-12-24,3,1,4,4,No,986.0
2420,682,2025-12-23,4,1,4,4,No,986.0
2431,683,2020-12-31,3,3,3,3,No,386.0
2430,683,2021-12-31,3,4,3,2,No,386.0
2429,683,2022-12-29,3,3,2,2,No,386.0
2428,683,2023-12-26,3,4,3,3,No,386.0
2427,683,2024-12-12,3,3,1,1,Yes,386.0
2426,683,2025-12-19,3,4,2,2,No,386.0
2432,684,2024-12-12,3,1,1,3,No,1975.0
2436,686,2022-12-23,3,3,2,4,Yes,661.0
2435,686,2023-12-21,3,4,4,2,Yes,661.0
2434,686,2024-12-13,3,3,2,3,Yes,661.0
2433,686,2025-12-21,3,4,3,3,Yes,661.0
2442,689,2020-12-31,3,4,2,2,No,1367.0
2441,689,2021-12-16,3,4,4,2,No,1367.0
2440,689,2022-12-19,3,3,2,3,No,1367.0
2439,689,2023-12-20,3,2,2,4,No,1367.0
2438,689,2024-12-14,3,4,3,4,No,1367.0
2437,689,2025-12-15,3,3,3,3,No,1367.0
2448,690,2020-12-20,3,3,1,1,No,1391.0
2447,690,2021-12-16,3,3,1,2,No,1391.0
2446,690,2022-12-25,3,2,3,2,No,1391.0
2445,690,2023-12-14,3,3,3,3,No,1391.0
2444,690,2024-12-16,3,2,3,3,Yes,1391.0
2443,690,2025-12-27,3,3,2,2,No,1391.0
2454,691,2020-12-21,3,3,1,2,No,1069.0
2453,691,2021-12-12,3,4,1,4,No,1069.0
2452,691,2022-12-12,3,4,3,4,No,1069.0
2451,691,2023-12-20,3,3,2,4,No,1069.0
2450,691,2024-12-12,3,4,3,2,No,1069.0
2449,691,2025-12-13,3,4,2,3,No,1069.0
2460,692,2020-12-24,4,4,2,2,No,1697.0
2459,692,2021-12-21,4,4,2,1,No,1697.0
2458,692,2022-12-26,4,4,4,1,No,1697.0
2457,692,2023-12-25,3,3,4,1,No,1697.0
2456,692,2024-12-31,4,4,4,1,No,1697.0
2455,692,2025-12-23,4,4,3,1,No,1697.0
2466,698,2020-12-22,3,2,3,4,Yes,
2465,698,2021-12-20,3,2,2,4,No,
2464,698,2022-12-15,3,2,4,4,No,
2463,698,2023-12-29,3,1,2,3,No,
2462,698,2024-12-21,3,2,4,3,No,
2461,698,2025-12-15,3,2,3,4,No,
2470,699,2022-12-22,3,2,1,2,No,1026.0
2469,699,2023-12-18,3,2,2,4,Yes,1026.0
2468,699,2024-12-21,3,3,1,2,Yes,1026.0
2467,699,2025-12-27,3,2,2,3,Yes,1026.0
2475,700,2021-12-27,3,4,1,2,Yes,1523.0
2474,700,2022-12-16,3,3,1,4,Yes,1523.0
2473,700,2023-12-30,3,4,2,2,No,1523.0
2472,700,2024-12-25,3,3,1,3,Yes,1523.0
2471,700,2025-12-31,3,4,1,3,No,1523.0
2477,701,2024-02-04,3,3,4,4,Yes,612.0
2476,701,2025-01-24,3,3,4,3,Yes,612.0
2483,702,2020-12-22,3,1,1,3,Yes,901.0
2482,702,2021-12-19,3,2,2,3,No,901.0
2481,702,2022-12-15,3,1,1,4,Yes,901.0
2480,702,2023-12-08,3,1,1,2,Yes,901.0
2479,702,2024-12-17,3,1,1,3,Yes,901.0
2478,702,2025-12-05,3,1,1,3,Yes,901.0
2485,704,2024-12-14,3,2,3,4,Yes,1250.0
2484,704,2025-12-18,3,3,3,3,No,1250.0
2489,705,2022-12-25,3,1,1,4,No,468.0
2488,705,2023-12-28,3,2,1,4,Yes,468.0
2487,705,2024-12-14,3,1,2,3,No,468.0
2486,705,2025-12-26,3,1,1,4,No,468.0
2493,707,2022-12-15,3,2,4,2,No,840.0
2492,707,2023-12-19,4,2,4,4,No,840.0
2491,707,2024-12-17,4,1,4,2,No,840.0
2490,707,2025-12-17,4,2,4,3,No,840.0
2499,709,2020-12-16,3,4,3,4,Yes,573.0
2498,709,2021-12-25,3,3,3,2,No,573.0
2497,709,2022-12-25,4,4,4,2,No,573.0
2496,709,2023-12-30,3,4,4,3,No,573.0
2495,709,2024-12-24,4,4,4,4,Yes,573.0
2494,709,2025-12-30,4,4,4,3,No,573.0
2505,710,2020-12-28,3,3,1,4,No,1655.0
2504,710,2021-12-29,3,3,1,2,No,1655.0
2503,710,2022-12-13,3,4,1,3,No,1655.0
2502,710,2023-12-23,3,4,3,4,No,1655.0
2501,710,2024-12-28,3,4,3,4,Yes,1655.0
2500,710,2025-12-31,3,4,2,3,No,1655.0
2508,712,2023-12-27,3,2,3,3,No,986.0
2507,712,2024-12-15,3,1,3,2,No,986.0
2506,712,2025-12-27,3,2,2,3,No,986.0
2514,714,2020-12-19,4,3,4,3,Yes,2055.0
2513,714,2021-12-17,4,3,3,4,No,2055.0
2512,714,2022-12-20,3,4,4,4,No,2055.0
2511,714,2023-12-23,4,4,3,2,Yes,2055.0
2510,714,2024-12-12,3,4,4,4,Yes,2055.0
2509,714,2025-12-20,4,4,4,3,Yes,2055.0
2516,715,2024-12-11,3,4,3,4,No,1837.0
2515,715,2025-12-24,3,4,4,3,No,1837.0
2522,716,2020-12-11,3,3,4,3,Yes,58.0
2521,716,2021-12-16,3,3,4,2,Yes,58.0
2520,716,2022-12-30,3,4,4,2,Yes,58.0
2519,716,2023-12-22,3,4,4,2,No,58.0
2518,716,2024-12-15,3,4,4,2,Yes,58.0
2517,716,2025-12-26,3,3,4,3,Yes,58.0
2528,717,2020-12-15,3,3,4,3,Yes,431.0
2527,717,2021-12-18,3,2,4,4,No,431.0
2526,717,2022-12-23,3,3,4,4,No,431.0
2525,717,2023-12-28,3,2,3,4,No,431.0
2524,717,2024-12-15,3,1,3,3,No,431.0
2523,717,2025-12-24,3,2,4,4,No,431.0
2531,720,2023-03-02,3,4,1,2,Yes,118.0
2530,720,2024-03-06,3,3,1,3,No,118.0
2529,720,2025-02-25,3,3,1,3,No,118.0
2537,721,2020-12-26,3,3,4,3,No,119.0
2536,721,2021-12-25,3,3,3,4,No,119.0
2535,721,2022-12-27,3,4,3,4,No,119.0
2534,721,2023-12-16,3,4,4,2,No,119.0
2533,721,2024-12-19,3,2,3,3,Yes,119.0
2532,721,2025-12-24,3,3,4,3,No,119.0
2543,722,2020-12-14,3,3,4,2,Yes,1050.0
2542,722,2021-12-26,3,3,4,3,No,1050.0
2541,722,2022-12-16,3,3,4,2,No,1050.0
2540,722,2023-12-20,3,4,4,3,Yes,1050.0
2539,722,2024-12-24,3,4,4,2,No,1050.0
2538,722,2025-12-14,3,4,4,2,No,1050.0
2548,723,2021-05-19,3,3,3,4,No,986.0
2547,723,2022-05-20,3,2,3,3,Yes,986.0
2546,723,2023-05-17,3,3,3,2,No,986.0
2545,723,2024-05-23,3,2,2,3,No,986.0
2544,723,2025-05-15,3,3,2,3,Yes,986.0
2554,724,2020-12-26,3,4,1,3,Yes,119.0
2553,724,2021-12-12,3,4,2,3,No,119.0
2552,724,2022-12-21,3,4,2,3,No,119.0
2551,724,2023-12-12,3,3,1,2,Yes,119.0
2550,724,2024-12-11,3,4,1,2,Yes,119.0
2549,724,2025-12-17,3,4,2,2,No,119.0
2560,725,2020-12-31,3,1,3,4,Yes,1005.0
2559,725,2021-12-22,3,2,4,4,No,1005.0
2558,725,2022-12-30,3,1,3,4,No,1005.0
2557,725,2023-12-18,3,2,4,3,No,1005.0
2556,725,2024-12-14,3,1,3,4,No,1005.0
2555,725,2025-12-28,3,1,3,3,No,1005.0
2566,727,2020-12-14,3,4,4,3,No,638.0
2565,727,2021-12-23,3,4,2,3,No,638.0
2564,727,2022-12-16,3,4,4,3,No,638.0
2563,727,2023-12-14,3,4,2,3,No,638.0
2562,727,2024-12-23,3,4,2,2,No,638.0
2561,727,2025-12-26,3,4,3,3,No,638.0
2572,728,2020-12-14,3,1,4,4,No,986.0
2571,728,2021-12-31,3,1,4,3,Yes,986.0
2570,728,2022-12-22,3,1,4,4,No,986.0
2569,728,2023-12-28,3,2,4,4,No,986.0
2568,728,2024-12-18,3,1,4,3,No,986.0
2567,728,2025-12-27,3,1,4,3,No,986.0
2578,729,2020-12-21,4,1,4,3,Yes,1716.0
2577,729,2021-12-22,3,1,3,3,No,1716.0
2576,729,2022-12-21,3,2,3,4,No,1716.0
2575,729,2023-12-16,4,2,4,4,Yes,1716.0
2574,729,2024-12-26,3,1,3,4,No,1716.0
2573,729,2025-12-15,4,1,4,3,Yes,1716.0
2584,730,2020-12-27,3,2,4,4,No,162.0
2583,730,2021-12-29,3,4,3,4,No,162.0
2582,730,2022-12-17,3,4,3,3,No,162.0
2581,730,2023-12-13,3,2,4,3,No,162.0
2580,730,2024-12-18,3,2,3,2,No,162.0
2579,730,2025-12-16,3,3,3,3,No,162.0
2590,731,2020-12-14,3,4,3,2,No,1191.0
2589,731,2021-12-25,3,4,1,3,Yes,1191.0
2588,731,2022-12-22,3,3,1,3,No,1191.0
2587,731,2023-12-15,3,4,1,3,No,1191.0
2586,731,2024-12-13,3,4,1,2,No,1191.0
2585,731,2025-12-17,3,4,2,2,No,1191.0
2593,732,2023-12-28,3,2,2,4,No,1167.0
2592,732,2024-12-23,3,1,2,2,No,1167.0
2591,732,2025-12-22,3,1,1,3,No,1167.0
2599,733,2020-12-21,4,1,3,2,No,1005.0
2598,733,2021-12-11,3,2,4,1,No,1005.0
2597,733,2022-12-27,4,2,4,3,No,1005.0
2596,733,2023-12-21,3,2,4,2,No,1005.0
2595,733,2024-12-12,3,1,4,2,No,1005.0
2594,733,2025-12-18,4,1,4,2,No,1005.0
2605,734,2020-12-12,3,4,3,2,No,1191.0
2604,734,2021-12-28,3,4,4,4,No,1191.0
2603,734,2022-12-23,3,4,3,2,No,1191.0
2602,734,2023-12-17,3,2,3,4,No,1191.0
2601,734,2024-12-27,3,2,4,4,No,1191.0
2600,734,2025-12-22,3,3,4,3,No,1191.0
2608,738,2023-12-20,3,2,4,2,No,118.0
2607,738,2024-12-29,3,3,4,3,No,118.0
2606,738,2025-12-20,3,2,4,3,No,118.0
2614,741,2020-04-04,3,2,1,3,Yes,575.0
2613,741,2021-03-31,3,1,1,4,Yes,575.0
2612,741,2022-04-03,3,2,2,4,Yes,575.0
2611,741,2023-04-10,3,3,1,2,No,575.0
2610,741,2024-04-12,3,1,2,4,Yes,575.0
2609,741,2025-04-09,3,2,1,3,Yes,575.0
2620,742,2020-12-30,3,2,1,2,No,396.0
2619,742,2021-12-19,3,1,1,4,Yes,396.0
2618,742,2022-12-15,3,1,2,2,No,396.0
2617,742,2023-12-21,3,2,1,2,No,396.0
2616,742,2024-12-18,3,2,2,2,No,396.0
2615,742,2025-12-12,3,1,1,3,No,396.0
2622,743,2024-12-26,3,2,4,4,No,1367.0
2621,743,2025-12-30,3,3,3,4,Yes,1367.0
2628,744,2020-12-13,3,4,2,3,No,999.0
2627,744,2021-12-30,3,2,1,3,Yes,999.0
2626,744,2022-12-18,3,2,2,2,No,999.0
2625,744,2023-12-24,3,3,2,4,No,999.0
2624,744,2024-12-26,3,3,2,3,No,999.0
2623,744,2025-12-29,3,3,1,3,No,999.0
2634,746,2020-12-29,3,3,3,1,No,131.0
2633,746,2021-12-20,3,3,4,3,Yes,131.0
2632,746,2022-12-26,3,2,4,1,No,131.0
2631,746,2023-12-13,3,2,4,1,No,131.0
2630,746,2024-12-30,3,3,4,1,No,131.0
2629,746,2025-12-17,3,3,4,2,Yes,131.0
2640,747,2020-12-24,4,3,2,2,Yes,1319.0
2639,747,2021-12-30,4,4,2,1,No,1319.0
2638,747,2022-12-27,3,3,2,2,No,1319.0
2637,747,2023-12-29,4,3,3,3,Yes,1319.0
2636,747,2024-12-26,4,4,4,2,No,1319.0
2635,747,2025-12-20,4,4,3,2,No,1319.0
2642,749,2024-12-23,3,4,2,4,No,1732.0
2641,749,2025-12-31,3,3,3,3,No,1732.0
2645,752,2023-10-16,3,4,2,2,Yes,1035.0
2644,752,2024-10-17,3,4,2,3,No,1035.0
2643,752,2025-11-03,3,3,3,3,Yes,1035.0
2648,754,2023-12-31,3,4,4,3,Yes,1975.0
2647,754,2024-12-23,3,4,4,3,Yes,1975.0
2646,754,2025-12-24,3,4,4,3,No,1975.0
2654,757,2020-12-30,3,4,3,3,No,1127.0
2653,757,2021-12-14,3,3,1,4,No,1127.0
2652,757,2022-12-24,3,2,1,4,No,1127.0
2651,757,2023-12-15,3,4,2,2,No,1127.0
2650,757,2024-12-25,3,3,3,3,No,1127.0
2649,757,2025-12-24,3,3,2,3,No,1127.0
2659,758,2021-12-29,3,2,3,4,No,468.0
2658,758,2022-12-21,3,2,2,3,No,468.0
2657,758,2023-12-20,3,1,2,3,No,468.0
2656,758,2024-12-24,3,2,3,4,No,468.0
2655,758,2025-12-19,3,1,2,4,No,468.0
2665,760,2020-12-31,3,1,2,1,No,1744.0
2664,760,2021-12-21,3,2,2,1,No,1744.0
2663,760,2022-12-28,3,1,2,1,No,1744.0
2662,760,2023-12-23,3,2,3,1,Yes,1744.0
2661,760,2024-12-31,3,1,3,1,No,1744.0
2660,760,2025-12-24,3,2,3,1,No,1744.0
2671,762,2020-12-31,3,3,4,2,No,
2670,762,2021-12-11,3,4,2,2,No,
2669,762,2022-12-16,3,3,2,3,No,
2668,762,2024-01-01,3,4,2,3,No,
2667,762,2024-12-17,3,4,2,1,No,
2666,762,2025-12-19,3,4,3,2,No,
2676,763,2021-12-18,3,4,4,3,No,352.0
2675,763,2022-12-20,3,4,4,2,Yes,352.0
2674,763,2023-12-29,3,3,4,3,No,352.0
2673,763,2024-12-30,4,4,4,1,Yes,352.0
2672,763,2025-12-17,4,4,4,2,Yes,352.0
2682,764,2020-12-19,3,2,4,1,No,165.0
2681,764,2021-12-29,3,1,4,1,No,165.0
2680,764,2022-12-29,3,2,4,1,No,165.0
2679,764,2023-12-21,3,1,4,2,No,165.0
2678,764,2024-12-13,3,1,4,1,No,165.0
2677,764,2025-12-26,3,1,4,1,No,165.0
2685,766,2024-01-01,3,1,4,3,No,1732.0
2684,766,2024-12-26,3,1,4,4,No,1732.0
2683,766,2025-12-17,3,2,4,3,No,1732.0
2688,769,2023-12-17,3,3,4,2,No,638.0
2687,769,2024-12-31,3,4,4,3,No,638.0
2686,769,2025-12-11,3,4,4,3,No,638.0
2690,771,2024-12-26,3,2,4,4,No,1127.0
2689,771,2025-12-11,3,1,4,4,No,1127.0
2696,772,2020-12-29,3,4,2,3,Yes,1217.0
2695,772,2021-12-19,3,4,1,3,No,1217.0
2694,772,2022-12-12,3,4,1,3,No,1217.0
2693,772,2023-12-23,3,4,1,2,Yes,1217.0
2692,772,2024-12-31,3,3,1,3,Yes,1217.0
2691,772,2025-12-18,3,4,1,3,No,1217.0
2698,773,2024-12-30,3,4,4,2,Yes,1128.0
2697,773,2025-12-17,3,3,4,1,Yes,1128.0
2699,775,2025-12-30,3,1,2,3,No,1283.0
2705,776,2020-12-26,3,1,3,4,No,374.0
2704,776,2021-12-12,3,2,4,4,Yes,374.0
2703,776,2022-12-30,3,1,3,4,Yes,374.0
2702,776,2024-01-01,3,1,2,4,Yes,374.0
2701,776,2024-12-14,3,1,3,4,Yes,374.0
2700,776,2025-12-25,3,1,3,4,No,374.0
2711,780,2019-05-11,3,4,4,2,No,901.0
2710,780,2020-05-08,3,4,4,2,No,901.0
2709,780,2021-05-10,3,3,4,2,Yes,901.0
2708,780,2022-04-30,3,4,3,2,Yes,901.0
2707,780,2023-05-05,3,3,4,3,Yes,901.0
2706,780,2024-05-07,3,4,4,2,Yes,901.0
2717,781,2020-12-26,4,4,4,1,No,840.0
2716,781,2021-12-16,3,3,2,3,No,840.0
2715,781,2022-12-19,4,4,4,1,No,840.0
2714,781,2024-01-01,4,4,4,1,No,840.0
2713,781,2024-12-11,4,4,4,1,No,840.0
2712,781,2025-12-17,4,4,3,2,No,840.0
2723,783,2020-12-18,3,3,1,3,No,1975.0
2722,783,2021-12-29,3,2,1,2,No,1975.0
2721,783,2022-12-25,3,3,3,2,No,1975.0
2720,783,2023-12-30,3,4,2,4,Yes,1975.0
2719,783,2024-12-16,3,3,1,2,No,1975.0
2718,783,2025-12-15,3,3,2,3,No,1975.0
2726,784,2023-12-20,3,2,2,2,No,468.0
2725,784,2024-12-28,3,3,1,2,No,468.0
2724,784,2025-12-29,3,3,1,3,No,468.0
2732,785,2020-12-14,3,4,2,4,No,1975.0
2731,785,2021-11-29,3,3,2,3,No,1975.0
2730,785,2022-12-06,3,3,3,2,Yes,1975.0
2729,785,2023-12-06,3,3,3,2,Yes,1975.0
2728,785,2024-12-06,3,2,3,3,No,1975.0
2727,785,2025-12-12,3,3,2,3,Yes,1975.0
2738,786,2020-12-12,4,4,4,4,No,862.0
2737,786,2021-12-19,3,3,4,4,No,862.0
2736,786,2022-12-26,4,3,4,2,No,862.0
2735,786,2023-12-19,3,4,4,4,Yes,862.0
2734,786,2024-12-31,3,3,4,2,No,862.0
2733,786,2025-12-13,4,4,4,3,No,862.0
2744,787,2020-06-19,3,2,4,3,Yes,549.0
2743,787,2021-06-22,3,1,4,2,Yes,549.0
2742,787,2022-06-19,3,2,4,2,Yes,549.0
2741,787,2023-06-26,3,1,4,3,No,549.0
2740,787,2024-06-25,3,1,4,2,Yes,549.0
2739,787,2025-06-15,3,1,4,3,Yes,549.0
2750,789,2020-12-18,3,2,1,3,No,1716.0
2749,789,2021-12-27,3,1,1,4,Yes,1716.0
2748,789,2022-12-17,3,1,1,3,No,1716.0
2747,789,2023-12-12,3,2,2,4,No,1716.0
2746,789,2024-12-28,3,2,1,2,No,1716.0
2745,789,2025-12-19,3,1,1,3,No,1716.0
2755,791,2021-12-19,3,3,3,3,No,58.0
2754,791,2022-12-15,3,3,4,2,No,58.0
2753,791,2023-12-30,3,3,4,4,No,58.0
2752,791,2024-12-17,3,3,4,3,No,58.0
2751,791,2025-12-26,3,4,4,3,No,58.0
2758,792,2023-12-24,3,4,1,3,Yes,661.0
2757,792,2024-12-17,3,4,1,3,No,661.0
2756,792,2025-12-20,3,4,1,3,No,661.0
2764,793,2020-12-24,3,2,2,2,No,165.0
2763,793,2021-12-30,3,4,1,3,No,165.0
2762,793,2022-12-22,3,3,2,1,Yes,165.0
2761,793,2023-12-15,3,2,2,2,No,165.0
2760,793,2024-12-16,3,2,1,3,No,165.0
2759,793,2025-12-20,3,3,2,2,No,165.0
2769,796,2021-04-06,3,1,4,2,No,2055.0
2768,796,2022-04-11,3,2,4,2,Yes,2055.0
2767,796,2023-04-21,3,1,4,2,No,2055.0
2766,796,2024-04-18,3,1,3,1,No,2055.0
2765,796,2025-04-10,3,1,4,2,No,2055.0
2774,797,2021-12-14,3,3,3,2,No,386.0
2773,797,2022-12-22,3,3,1,2,No,386.0
2772,797,2023-12-29,3,3,2,3,No,386.0
2771,797,2024-12-18,3,4,1,3,No,386.0
2770,797,2025-12-16,3,4,2,3,No,386.0
2780,799,2020-12-18,3,1,4,2,Yes,1005.0
2779,799,2021-12-26,3,2,4,2,No,1005.0
2778,799,2022-12-19,3,1,4,2,Yes,1005.0
2777,799,2023-12-18,3,1,4,4,No,1005.0
2776,799,2024-12-13,3,1,4,2,Yes,1005.0
2775,799,2025-12-20,3,1,4,3,Yes,1005.0
2785,800,2021-12-30,3,4,4,4,No,2055.0
2784,800,2023-01-01,3,4,4,4,No,2055.0
2783,800,2023-12-21,3,4,3,3,No,2055.0
2782,800,2024-12-13,3,4,2,3,Yes,2055.0
2781,800,2025-12-22,3,4,3,3,No,2055.0
2791,802,2020-12-20,3,1,3,3,Yes,1837.0
2790,802,2021-12-15,3,1,4,3,No,1837.0
2789,802,2022-12-31,3,2,4,1,No,1837.0
2788,802,2023-12-14,3,1,4,1,Yes,1837.0
2787,802,2024-12-20,3,2,3,1,Yes,1837.0
2786,802,2025-12-11,3,1,4,2,Yes,1837.0
2797,803,2020-12-26,3,1,2,4,Yes,601.0
2796,803,2021-12-23,3,1,1,2,No,601.0
2795,803,2022-12-27,3,1,1,4,Yes,601.0
2794,803,2023-12-21,3,2,1,3,No,601.0
2793,803,2024-12-18,3,2,1,4,No,601.0
2792,803,2025-12-20,3,1,1,3,Yes,601.0
2803,804,2020-12-17,3,1,4,3,No,386.0
2802,804,2021-12-11,3,2,4,2,No,386.0
2801,804,2022-12-13,3,1,2,4,Yes,386.0
2800,804,2023-12-17,3,1,2,3,No,386.0
2799,804,2024-12-25,3,2,3,3,No,386.0
2798,804,2025-12-17,3,1,3,3,No,386.0
2807,805,2022-12-16,3,4,1,2,No,244.0
2806,805,2023-12-20,3,4,1,3,No,244.0
2805,805,2024-12-19,3,4,1,1,No,244.0
2804,805,2025-12-14,3,4,1,2,No,244.0
2810,806,2023-12-21,4,4,3,3,No,1539.0
2809,806,2024-12-22,4,4,4,4,No,1539.0
2808,806,2025-12-19,4,3,4,3,No,1539.0
2816,807,2020-12-20,4,2,3,3,No,119.0
2815,807,2021-12-23,4,2,2,4,Yes,119.0
2814,807,2022-12-26,3,1,4,4,No,119.0
2813,807,2023-12-25,3,2,2,2,No,119.0
2812,807,2024-12-17,4,3,3,3,No,119.0
2811,807,2025-12-17,4,2,3,3,No,119.0
2820,808,2022-12-28,3,1,4,2,No,862.0
2819,808,2023-12-18,3,2,3,2,No,862.0
2818,808,2024-12-19,3,1,2,2,No,862.0
2817,808,2025-12-17,3,1,3,3,No,862.0
2826,809,2020-12-30,3,4,2,2,No,1191.0
2825,809,2021-12-14,3,4,1,2,No,1191.0
2824,809,2023-01-01,3,4,3,3,Yes,1191.0
2823,809,2023-12-12,3,3,1,1,No,1191.0
2822,809,2024-12-29,3,3,3,2,Yes,1191.0
2821,809,2025-12-18,3,4,2,2,No,1191.0
2827,811,2025-05-09,4,1,3,3,Yes,468.0
2829,812,2024-12-22,3,1,3,3,No,1666.0
2828,812,2025-12-23,3,2,3,3,No,1666.0
2835,813,2020-12-25,3,3,4,4,No,638.0
2834,813,2021-12-31,4,3,4,3,No,638.0
2833,813,2022-12-25,3,3,4,3,Yes,638.0
2832,813,2023-12-29,3,3,4,3,Yes,638.0
2831,813,2024-12-19,4,4,4,3,No,638.0
2830,813,2025-12-30,4,3,4,3,No,638.0
2840,815,2021-12-30,3,4,4,2,No,162.0
2839,815,2022-12-18,3,2,2,4,No,162.0
2838,815,2023-12-30,3,3,2,4,No,162.0
2837,815,2024-12-11,3,3,3,2,No,162.0
2836,815,2025-12-12,3,3,3,3,No,162.0
2842,816,2024-04-16,3,2,1,2,No,1655.0
2841,816,2025-04-02,3,1,2,3,Yes,1655.0
2848,817,2020-12-25,3,3,3,4,Yes,638.0
2847,817,2021-12-21,3,3,4,4,No,638.0
2846,817,2022-12-12,3,4,4,4,No,638.0
2845,817,2023-12-20,3,4,4,4,No,638.0
2844,817,2024-12-14,3,3,3,4,No,638.0
2843,817,2025-12-17,3,3,3,4,No,638.0
2852,819,2021-08-14,3,1,2,4,Yes,1050.0
2851,819,2022-08-25,3,1,1,3,No,1050.0
2850,819,2023-08-24,3,2,1,4,No,1050.0
2849,819,2024-08-14,3,1,1,3,No,1050.0
2858,820,2020-12-18,3,4,3,2,No,787.0
2857,820,2021-12-13,3,3,4,3,No,787.0
2856,820,2022-12-28,3,3,3,3,Yes,787.0
2855,820,2023-12-17,3,4,2,2,No,787.0
2854,820,2024-12-30,3,4,2,2,No,787.0
2853,820,2025-12-24,3,4,3,2,Yes,787.0
2864,823,2020-12-19,3,1,4,2,No,1026.0
2863,823,2021-12-29,3,3,2,2,No,1026.0
2862,823,2022-12-24,3,1,2,2,No,1026.0
2861,823,2023-12-25,3,3,4,3,No,1026.0
2860,823,2024-12-21,3,1,4,2,No,1026.0
2859,823,2025-12-16,3,2,3,3,No,1026.0
2870,824,2020-12-24,4,3,2,2,No,1655.0
2869,824,2021-12-26,4,3,4,2,No,1655.0
2868,824,2022-12-18,4,2,2,3,No,1655.0
2867,824,2023-12-18,3,4,3,3,Yes,1655.0
2866,824,2024-12-26,3,4,2,3,No,1655.0
2865,824,2025-12-12,4,3,3,3,No,1655.0
2876,825,2019-07-04,3,2,4,2,Yes,
2875,825,2020-07-08,3,2,4,3,Yes,
2874,825,2021-07-06,3,2,4,2,Yes,
2873,825,2022-07-19,3,2,4,4,No,
2872,825,2023-07-03,3,3,4,3,Yes,
2871,825,2024-07-20,3,2,4,3,Yes,
2879,826,2023-12-24,3,4,3,2,No,1422.0
2878,826,2024-12-28,3,2,3,2,No,1422.0
2877,826,2025-12-23,3,3,4,3,No,1422.0
2884,827,2021-12-31,3,4,4,2,No,2034.0
2883,827,2022-12-25,3,4,3,3,No,2034.0
2882,827,2023-12-15,3,3,4,4,Yes,2034.0
2881,827,2024-12-14,3,4,4,3,Yes,2034.0
2880,827,2025-12-21,3,4,4,3,Yes,2034.0
2887,828,2023-11-08,3,3,2,1,No,575.0
2886,828,2024-11-13,3,2,4,3,No,575.0
2885,828,2025-11-09,3,3,3,2,No,575.0
2893,829,2020-12-17,3,1,3,3,Yes,1098.0
2892,829,2021-12-29,3,2,3,4,No,1098.0
2891,829,2022-12-25,3,1,2,4,No,1098.0
2890,829,2023-12-21,3,1,2,4,Yes,1098.0
2889,829,2024-12-25,3,3,2,2,Yes,1098.0
2888,829,2025-12-24,3,2,3,3,No,1098.0
2899,830,2020-12-20,3,4,2,2,No,1283.0
2898,830,2021-12-24,3,4,2,3,Yes,1283.0
2897,830,2022-12-25,3,4,4,4,No,1283.0
2896,830,2023-12-19,3,3,2,4,No,1283.0
2895,830,2024-12-25,3,2,2,3,No,1283.0
2894,830,2025-12-14,3,3,3,3,No,1283.0
2901,832,2024-12-19,3,2,1,4,No,1263.0
2900,832,2025-12-17,3,3,1,3,No,1263.0
2902,833,2025-12-11,4,4,3,2,Yes,1360.0
2904,834,2024-12-16,3,2,1,2,No,999.0
2903,834,2025-12-21,3,3,2,3,No,999.0
2910,836,2020-12-28,3,1,2,2,No,601.0
2909,836,2021-12-25,3,3,1,2,No,601.0
2908,836,2022-12-15,3,2,1,1,No,601.0
2907,836,2023-12-21,3,3,3,2,Yes,601.0
2906,836,2024-12-27,3,2,2,3,No,601.0
2905,836,2025-12-31,3,2,2,2,No,601.0
2915,837,2021-12-19,3,1,1,1,No,119.0
2914,837,2022-12-27,3,2,1,1,No,119.0
2913,837,2023-12-29,3,1,2,3,No,119.0
2912,837,2024-12-20,3,1,1,3,No,119.0
2911,837,2025-12-17,3,1,1,2,No,119.0
2921,838,2020-12-29,3,4,4,4,Yes,386.0
2920,838,2021-12-25,3,3,2,2,No,386.0
2919,838,2022-12-14,3,4,2,4,No,386.0
2918,838,2023-12-15,3,4,4,4,Yes,386.0
2917,838,2024-12-27,3,4,3,4,No,386.0
2916,838,2025-12-17,3,4,3,3,No,386.0
2927,840,2019-09-09,3,4,3,4,No,1138.0
2926,840,2020-08-30,3,4,4,4,No,1138.0
2925,840,2021-08-31,3,3,4,4,No,1138.0
2924,840,2022-08-25,3,3,2,4,Yes,1138.0
2923,840,2023-09-10,3,3,3,4,No,1138.0
2922,840,2024-09-03,3,4,3,4,No,1138.0
2933,842,2020-02-16,3,4,4,1,No,986.0
2932,842,2021-02-28,3,4,3,3,No,986.0
2931,842,2022-03-06,3,4,4,1,No,986.0
2930,842,2023-02-20,3,4,4,3,Yes,986.0
2929,842,2024-02-19,3,4,3,2,No,986.0
2928,842,2025-02-19,3,4,3,2,No,986.0
2937,843,2022-12-28,4,2,1,2,Yes,141.0
2936,843,2023-12-31,3,1,3,3,No,141.0
2935,843,2024-12-19,3,2,2,4,No,141.0
2934,843,2025-12-31,4,1,2,3,No,141.0
2943,844,2020-12-13,3,4,3,2,Yes,638.0
2942,844,2021-12-15,3,3,3,3,Yes,638.0
2941,844,2022-12-18,3,3,2,4,Yes,638.0
2940,844,2023-12-27,3,4,4,4,No,638.0
2939,844,2024-12-28,3,3,3,4,Yes,638.0
2938,844,2025-12-12,3,4,3,3,Yes,638.0
2949,845,2020-12-11,3,3,4,3,No,1367.0
2948,845,2021-12-21,4,4,4,4,No,1367.0
2947,845,2022-12-14,4,2,2,4,No,1367.0
2946,845,2023-12-16,4,4,4,3,No,1367.0
2945,845,2024-12-14,3,3,4,3,Yes,1367.0
2944,845,2025-12-17,4,3,3,4,No,1367.0
2955,846,2020-12-29,4,1,2,2,Yes,174.0
2954,846,2021-12-22,3,3,2,4,No,174.0
2953,846,2022-12-13,3,3,1,2,No,174.0
2952,846,2023-12-15,4,2,2,3,No,174.0
2951,846,2024-12-23,3,3,3,4,No,174.0
2950,846,2025-12-16,4,2,2,3,Yes,174.0
2959,847,2022-12-25,3,3,4,1,No,1098.0
2958,847,2023-12-31,3,4,3,1,No,1098.0
2957,847,2024-12-17,3,4,2,1,No,1098.0
2956,847,2025-12-23,3,4,3,1,No,1098.0
2965,848,2019-04-14,3,4,4,2,No,661.0
2964,848,2020-04-11,3,4,4,3,No,661.0
2963,848,2021-04-06,3,4,4,4,No,661.0
2962,848,2022-04-07,3,4,3,3,Yes,661.0
2961,848,2023-04-12,3,4,4,4,No,661.0
2960,848,2024-04-14,3,3,3,3,Yes,661.0
2966,850,2025-12-23,3,4,4,2,No,1523.0
2972,851,2020-12-26,3,2,1,3,No,374.0
2971,851,2021-12-26,3,2,1,2,No,374.0
2970,851,2022-12-21,3,2,2,3,No,374.0
2969,851,2023-12-19,3,2,2,2,Yes,374.0
2968,851,2024-12-28,3,2,1,2,No,374.0
2967,851,2025-12-22,3,3,1,2,No,374.0
2978,852,2020-12-14,3,3,4,1,No,1661.0
2977,852,2021-12-22,3,2,4,1,No,1661.0
2976,852,2022-12-19,3,3,4,2,No,1661.0
2975,852,2023-12-24,3,3,4,3,No,1661.0
2974,852,2024-12-31,3,3,4,1,No,1661.0
2973,852,2025-12-22,3,2,4,2,No,1661.0
2983,854,2021-12-22,3,1,1,1,No,1666.0
2982,854,2022-12-29,3,1,2,3,No,1666.0
2981,854,2023-12-16,3,2,1,3,No,1666.0
2980,854,2024-12-24,3,2,1,1,No,1666.0
2979,854,2025-12-12,3,1,1,2,No,1666.0
2989,855,2020-12-29,3,1,2,3,No,1050.0
2988,855,2021-12-28,4,1,2,3,No,1050.0
2987,855,2022-12-27,3,2,1,3,No,1050.0
2986,855,2023-12-21,3,2,2,2,No,1050.0
2985,855,2024-12-28,4,1,1,4,Yes,1050.0
2984,855,2025-12-22,4,1,1,3,No,1050.0
2995,856,2020-12-29,3,1,4,3,Yes,1422.0
2994,856,2021-12-20,3,1,4,2,No,1422.0
2993,856,2022-12-18,3,2,2,2,No,1422.0
2992,856,2023-12-15,3,1,2,2,Yes,1422.0
2991,856,2024-12-28,3,1,4,3,Yes,1422.0
2990,856,2025-12-23,3,1,3,2,No,1422.0
3001,857,2020-12-28,3,4,3,2,Yes,81.0
3000,857,2021-12-25,3,4,3,1,No,81.0
2999,857,2022-12-30,3,4,2,3,Yes,81.0
2998,857,2024-01-01,3,3,2,1,Yes,81.0
2997,857,2024-12-15,3,4,2,3,No,81.0
2996,857,2025-12-26,3,4,2,2,Yes,81.0
3007,859,2020-12-26,3,4,3,3,No,1050.0
3006,859,2021-12-26,3,4,1,2,No,1050.0
3005,859,2022-12-18,3,4,3,1,Yes,1050.0
3004,859,2023-12-25,3,4,2,3,No,1050.0
3003,859,2024-12-24,3,4,2,3,Yes,1050.0
3002,859,2025-12-12,3,4,2,2,No,1050.0
3013,861,2020-12-29,3,4,3,2,No,1539.0
3012,861,2021-12-21,3,4,3,1,Yes,1539.0
3011,861,2022-12-23,3,4,1,1,Yes,1539.0
3010,861,2023-12-29,3,3,1,3,No,1539.0
3009,861,2024-12-19,3,4,3,3,Yes,1539.0
3008,861,2025-12-13,3,4,2,2,No,1539.0
3019,862,2020-12-23,3,4,1,2,No,1372.0
3018,862,2021-12-12,3,3,2,2,No,1372.0
3017,862,2022-12-25,3,3,1,2,No,1372.0
3016,862,2023-12-20,3,4,1,2,Yes,1372.0
3015,862,2024-12-28,3,4,1,3,No,1372.0
3014,862,2025-12-30,3,4,1,3,Yes,1372.0
3025,864,2020-12-26,3,1,3,4,Yes,1716.0
3024,864,2021-12-27,3,1,4,2,No,1716.0
3023,864,2022-12-13,3,2,4,3,Yes,1716.0
3022,864,2023-12-18,3,1,3,4,Yes,1716.0
3021,864,2024-12-24,3,1,3,3,Yes,1716.0
3020,864,2025-12-30,3,1,4,3,Yes,1716.0
3031,865,2020-12-16,3,2,2,1,No,1217.0
3030,865,2021-12-15,3,3,2,2,No,1217.0
3029,865,2022-12-19,3,2,2,1,Yes,1217.0
3028,865,2023-12-21,3,2,3,3,No,1217.0
3027,865,2024-12-23,3,2,4,1,No,1217.0
3026,865,2025-12-28,3,3,3,2,No,1217.0
3037,867,2020-12-25,3,3,2,2,No,1373.0
3036,867,2021-12-27,4,4,4,4,No,1373.0
3035,867,2022-12-29,3,3,2,3,No,1373.0
3034,867,2023-12-30,3,4,3,4,No,1373.0
3033,867,2024-12-23,4,4,2,4,No,1373.0
3032,867,2025-12-16,4,4,3,3,No,1373.0
3039,868,2024-12-19,3,3,4,3,No,81.0
3038,868,2025-12-17,3,3,4,3,No,81.0
3045,869,2020-12-28,3,4,1,3,No,590.0
3044,869,2021-12-17,3,4,1,3,No,590.0
3043,869,2022-12-14,3,4,1,2,No,590.0
3042,869,2023-12-26,3,3,3,3,No,590.0
3041,869,2024-12-30,3,4,2,2,No,590.0
3040,869,2025-12-23,3,4,2,3,No,590.0
3048,872,2023-12-18,3,3,3,1,No,112.0
3047,872,2024-12-12,3,4,3,2,Yes,112.0
3046,872,2025-12-13,4,4,4,1,No,112.0
3052,874,2022-12-15,4,3,1,3,Yes,999.0
3051,874,2023-12-28,3,3,2,3,No,999.0
3050,874,2024-12-28,3,4,1,1,Yes,999.0
3049,874,2025-12-15,4,4,1,2,Yes,999.0
3055,875,2023-12-20,3,4,3,2,Yes,1035.0
3054,875,2024-12-24,3,3,1,2,No,1035.0
3053,875,2025-12-26,3,4,2,3,Yes,1035.0
3061,878,2020-12-13,3,1,2,4,Yes,1098.0
3060,878,2021-12-13,4,1,1,3,No,1098.0
3059,878,2022-12-26,4,2,1,4,No,1098.0
3058,878,2023-12-29,3,1,1,4,No,1098.0
3057,878,2024-12-15,3,1,2,2,No,1098.0
3056,878,2025-12-29,4,1,1,3,No,1098.0
3067,879,2020-12-31,3,2,2,3,No,840.0
3066,879,2021-12-31,3,2,4,3,No,840.0
3065,879,2022-12-16,3,2,2,3,Yes,840.0
3064,879,2023-12-12,3,1,4,3,No,840.0
3063,879,2024-12-13,3,1,4,4,Yes,840.0
3062,879,2025-12-25,3,1,3,3,Yes,840.0
3073,880,2020-12-22,3,3,3,3,No,1367.0
3072,880,2021-12-27,3,4,4,2,No,1367.0
3071,880,2022-12-20,3,2,3,3,No,1367.0
3070,880,2023-12-14,3,2,3,3,No,1367.0
3069,880,2024-12-27,3,2,3,4,Yes,1367.0
3068,880,2025-12-19,4,3,4,3,Yes,1367.0
3079,881,2019-05-13,3,2,4,2,No,1422.0
3078,881,2020-05-08,3,2,3,1,No,1422.0
3077,881,2021-05-08,3,3,4,2,Yes,1422.0
3076,881,2022-05-04,3,2,3,2,Yes,1422.0
3075,881,2023-05-15,3,2,3,1,Yes,1422.0
3074,881,2024-05-16,3,2,4,2,Yes,1422.0
3083,882,2022-12-15,3,4,3,2,No,1472.0
3082,882,2023-12-13,3,4,4,3,Yes,1472.0
3081,882,2024-12-19,3,4,3,2,No,1472.0
3080,882,2025-12-26,3,4,4,3,No,1472.0
3089,885,2020-12-29,3,1,3,3,No,840.0
3088,885,2021-12-28,3,1,3,4,No,840.0
3087,885,2022-12-24,3,2,4,3,No,840.0
3086,885,2023-12-27,3,1,2,4,No,840.0
3085,885,2024-12-29,3,1,3,4,Yes,840.0
3084,885,2025-12-26,3,1,3,4,No,840.0
3094,887,2021-12-26,3,1,2,2,No,58.0
3093,887,2022-12-15,3,1,2,2,Yes,58.0
3092,887,2023-12-19,3,1,2,3,No,58.0
3091,887,2024-12-27,3,1,2,4,No,58.0
3090,887,2025-12-23,3,1,3,3,No,58.0
3100,888,2020-12-17,3,4,2,2,No,1666.0
3099,888,2021-12-21,3,4,1,3,Yes,1666.0
3098,888,2022-12-25,3,4,2,1,No,1666.0
3097,888,2023-12-30,3,3,2,1,No,1666.0
3096,888,2024-12-25,3,4,1,2,No,1666.0
3095,888,2025-12-16,3,4,1,2,No,1666.0
3106,889,2020-12-30,3,3,3,3,Yes,1968.0
3105,889,2021-12-21,3,3,1,3,Yes,1968.0
3104,889,2022-12-30,3,2,2,2,No,1968.0
3103,889,2023-12-31,3,3,3,4,No,1968.0
3102,889,2024-12-27,3,2,2,4,Yes,1968.0
3101,889,2025-12-23,3,2,2,3,No,1968.0
3109,893,2023-12-23,3,1,2,3,No,118.0
3108,893,2024-12-15,3,2,2,4,No,118.0
3107,893,2025-12-16,3,2,2,3,No,118.0
3115,894,2020-12-16,3,3,3,1,No,1263.0
3114,894,2021-12-25,3,4,3,2,Yes,1263.0
3113,894,2022-12-31,3,4,4,2,Yes,1263.0
3112,894,2023-12-25,3,4,4,3,Yes,1263.0
3111,894,2024-12-31,3,3,3,1,Yes,1263.0
3110,894,2025-12-17,3,4,3,2,Yes,1263.0
3121,895,2020-12-19,3,4,3,4,Yes,997.0
3120,895,2021-12-26,3,4,4,3,Yes,997.0
3119,895,2022-12-24,3,4,4,2,No,997.0
3118,895,2023-12-29,3,4,4,3,Yes,997.0
3117,895,2024-12-13,3,4,4,2,No,997.0
3116,895,2025-12-29,3,4,4,3,Yes,997.0
3125,896,2021-10-27,3,2,2,3,No,1732.0
3124,896,2022-10-28,3,2,2,2,Yes,1732.0
3123,896,2023-10-30,3,3,3,3,No,1732.0
3122,896,2024-10-23,3,3,2,3,Yes,1732.0
3128,897,2023-12-30,3,4,2,2,No,131.0
3127,897,2024-12-14,3,4,2,3,No,131.0
3126,897,2025-12-24,3,4,1,3,No,131.0
3134,899,2020-12-16,3,2,4,4,No,1367.0
3133,899,2021-12-20,3,2,4,2,No,1367.0
3132,899,2022-12-24,3,3,4,3,No,1367.0
3131,899,2023-12-24,3,2,3,4,Yes,1367.0
3130,899,2024-12-19,3,1,4,3,No,1367.0
3129,899,2025-12-25,3,2,4,3,No,1367.0
3140,900,2020-12-22,3,3,4,2,No,244.0
3139,900,2021-12-21,3,3,2,2,No,244.0
3138,900,2022-12-14,3,3,3,2,No,244.0
3137,900,2023-12-16,3,4,3,2,Yes,244.0
3136,900,2024-12-15,3,4,4,2,No,244.0
3135,900,2025-12-17,3,4,3,3,No,244.0
3146,901,2020-12-25,3,4,4,2,Yes,162.0
3145,901,2021-12-30,3,3,4,4,Yes,162.0
3144,901,2022-12-15,3,4,3,3,No,162.0
3143,901,2023-12-28,3,4,4,3,Yes,162.0
3142,901,2024-12-15,3,4,4,3,No,162.0
3141,901,2025-12-29,3,4,4,3,No,162.0
3152,902,2020-12-23,3,4,4,2,No,372.0
3151,902,2021-12-16,3,3,4,3,No,372.0
3150,902,2022-12-18,3,3,4,2,No,372.0
3149,902,2023-12-15,3,3,4,1,No,372.0
3148,902,2024-12-24,3,3,4,3,No,372.0
3147,902,2025-12-16,3,4,4,2,No,372.0
3158,903,2020-12-18,3,4,2,2,No,1975.0
3157,903,2021-12-19,4,4,2,3,Yes,1975.0
3156,903,2022-12-17,3,3,3,3,No,1975.0
3155,903,2023-12-19,4,4,3,4,No,1975.0
3154,903,2024-12-22,4,3,4,2,No,1975.0
3153,903,2025-12-11,4,4,3,3,Yes,1975.0
3164,904,2020-12-14,3,2,1,2,No,1716.0
3163,904,2021-12-18,3,1,1,4,Yes,1716.0
3162,904,2022-12-14,3,2,2,4,Yes,1716.0
3161,904,2023-12-15,3,1,1,3,Yes,1716.0
3160,904,2024-12-30,3,3,2,3,Yes,1716.0
3159,904,2025-12-19,3,2,1,3,Yes,1716.0
3170,905,2020-12-22,3,1,1,4,No,787.0
3169,905,2021-12-19,3,1,2,3,No,787.0
3168,905,2022-12-17,3,1,2,2,No,787.0
3167,905,2024-01-01,3,2,1,3,No,787.0
3166,905,2024-12-13,3,1,1,4,Yes,787.0
3165,905,2025-12-11,3,1,1,3,No,787.0
3176,909,2020-12-30,3,4,4,3,No,1744.0
3175,909,2021-12-18,3,4,3,3,Yes,1744.0
3174,909,2022-12-13,3,3,3,3,No,1744.0
3173,909,2023-12-19,3,4,3,3,No,1744.0
3172,909,2024-12-20,3,3,3,4,No,1744.0
3171,909,2025-12-30,3,4,4,3,No,1744.0
3181,910,2021-12-25,3,2,4,4,Yes,2040.0
3180,910,2022-12-21,3,1,4,4,Yes,2040.0
3179,910,2023-12-18,3,3,3,4,Yes,2040.0
3178,910,2024-12-25,3,2,4,4,Yes,2040.0
3177,910,2025-12-26,3,2,4,4,Yes,2040.0
3183,911,2024-10-29,3,3,2,1,No,815.0
3182,911,2025-11-03,4,4,1,1,Yes,815.0
3188,912,2021-12-21,3,3,2,2,No,1655.0
3187,912,2022-12-12,3,4,1,4,No,1655.0
3186,912,2023-12-25,3,4,2,3,No,1655.0
3185,912,2024-12-27,3,3,2,4,Yes,1655.0
3184,912,2025-12-19,3,4,1,3,No,1655.0
3194,913,2020-12-18,3,2,2,2,No,999.0
3193,913,2021-12-19,3,1,3,3,No,999.0
3192,913,2022-12-29,3,1,3,4,Yes,999.0
3191,913,2024-01-01,3,1,1,2,No,999.0
3190,913,2024-12-28,3,1,1,3,No,999.0
3189,913,2025-12-27,3,1,2,3,Yes,999.0
3199,916,2021-12-26,3,3,2,4,No,174.0
3198,916,2022-12-30,3,4,2,2,No,174.0
3197,916,2023-12-12,3,4,1,3,Yes,174.0
3196,916,2024-12-15,3,4,1,4,No,174.0
3195,916,2025-12-14,3,4,1,3,No,174.0
3201,918,2023-05-25,3,3,3,2,Yes,1608.0
3200,918,2024-05-25,3,4,4,2,Yes,1608.0
3203,920,2024-12-16,3,3,1,4,No,2034.0
3202,920,2025-12-12,4,2,1,4,No,2034.0
3206,922,2022-06-16,3,2,4,1,No,302.0
3205,922,2023-06-16,3,3,4,2,No,302.0
3204,922,2024-06-20,3,3,3,2,No,302.0
3208,923,2024-09-19,3,4,4,3,No,612.0
3207,923,2025-09-30,3,4,4,2,No,612.0
3214,924,2020-12-30,3,4,4,3,Yes,119.0
3213,924,2021-12-24,3,3,4,2,Yes,119.0
3212,924,2022-12-20,3,4,2,1,No,119.0
3211,924,2023-12-21,3,4,3,2,Yes,119.0
3210,924,2024-12-16,3,4,2,3,No,119.0
3209,924,2025-12-15,3,4,3,2,Yes,119.0
3218,925,2022-12-27,3,3,4,3,No,118.0
3217,925,2023-12-27,3,3,4,3,Yes,118.0
3216,925,2024-12-19,3,3,4,3,No,118.0
3215,925,2025-12-13,3,4,4,2,Yes,118.0
3222,926,2021-11-28,3,2,1,3,No,112.0
3221,926,2022-11-26,3,4,3,4,No,112.0
3220,926,2023-11-16,3,4,1,4,No,112.0
3219,926,2024-11-25,3,3,2,4,Yes,112.0
3228,927,2019-12-16,3,4,2,3,Yes,1035.0
3227,927,2020-12-20,3,3,1,2,Yes,1035.0
3226,927,2021-12-22,3,4,3,3,Yes,1035.0
3225,927,2022-12-11,3,3,2,2,Yes,1035.0
3224,927,2023-12-09,3,4,1,2,No,1035.0
3223,927,2024-12-04,3,4,2,2,Yes,1035.0
3231,930,2023-12-16,3,4,3,4,No,575.0
3230,930,2024-12-27,3,3,4,4,Yes,575.0
3229,930,2025-12-19,3,3,3,3,No,575.0
3234,932,2022-03-23,3,1,4,1,No,1128.0
3233,932,2023-04-02,4,1,3,1,No,1128.0
3232,932,2024-03-19,4,1,4,1,Yes,1128.0
3236,933,2024-12-20,3,3,2,2,Yes,1523.0
3235,933,2025-12-31,3,3,2,3,No,1523.0
3238,934,2024-12-11,3,3,3,4,Yes,386.0
3237,934,2025-12-13,3,2,2,3,No,386.0
3244,936,2020-12-13,3,3,4,4,No,1975.0
3243,936,2021-12-16,3,4,3,4,No,1975.0
3242,936,2022-12-16,3,4,4,3,No,1975.0
3241,936,2023-12-23,3,3,4,4,No,1975.0
3240,936,2024-12-13,3,3,3,4,No,1975.0
3239,936,2025-12-31,3,3,3,3,No,1975.0
3248,939,2022-12-22,3,2,2,2,Yes,901.0
3247,939,2023-12-23,3,2,3,4,No,901.0
3246,939,2024-12-20,3,2,4,3,No,901.0
3245,939,2025-12-15,3,1,3,3,Yes,901.0
3254,940,2020-12-26,3,2,2,2,No,1606.0
3253,940,2021-12-15,3,3,4,3,No,1606.0
3252,940,2023-01-01,3,2,2,2,Yes,1606.0
3251,940,2023-12-14,3,1,3,2,No,1606.0
3250,940,2024-12-28,3,3,3,4,No,1606.0
3249,940,2025-12-25,3,2,3,3,Yes,1606.0
3260,941,2020-12-15,3,2,1,4,Yes,580.0
3259,941,2021-12-18,3,4,1,3,No,580.0
3258,941,2022-12-20,3,3,2,4,Yes,580.0
3257,941,2023-12-13,3,2,3,4,No,580.0
3256,941,2024-12-27,3,4,3,3,No,580.0
3255,941,2025-12-25,3,3,2,4,No,580.0
3266,942,2020-12-26,4,4,3,2,No,1127.0
3265,942,2021-12-28,3,3,3,1,No,1127.0
3264,942,2022-12-23,3,3,4,2,No,1127.0
3263,942,2023-12-20,4,4,4,1,No,1127.0
3262,942,2024-12-15,4,3,4,1,No,1127.0
3261,942,2025-12-27,4,4,4,1,Yes,1127.0
3272,944,2020-12-16,3,2,1,1,No,1061.0
3271,944,2021-12-20,3,3,1,2,No,1061.0
3270,944,2022-12-23,3,1,1,2,No,1061.0
3269,944,2023-12-13,3,3,1,3,No,1061.0
3268,944,2024-12-13,3,1,1,2,No,1061.0
3267,944,2025-12-26,3,2,1,2,No,1061.0
3273,945,2025-12-25,3,3,4,2,No,58.0
3279,947,2020-12-27,3,2,3,1,No,1319.0
3278,947,2021-12-20,3,3,4,1,Yes,1319.0
3277,947,2022-12-14,3,3,4,3,Yes,1319.0
3276,947,2023-12-21,3,3,3,3,No,1319.0
3275,947,2024-12-30,3,4,4,2,Yes,1319.0
3274,947,2025-12-23,3,3,4,2,No,1319.0
3285,949,2020-12-31,3,3,3,4,No,1424.0
3284,949,2021-12-12,3,4,3,4,No,1424.0
3283,949,2022-12-20,3,4,2,4,Yes,1424.0
3282,949,2023-12-19,3,4,1,3,Yes,1424.0
3281,949,2024-12-22,3,4,2,3,Yes,1424.0
3280,949,2025-12-23,3,4,2,3,No,1424.0
3291,950,2020-12-31,3,1,4,3,No,396.0
3290,950,2021-12-19,3,1,4,2,No,396.0
3289,950,2022-12-31,3,2,4,3,No,396.0
3288,950,2023-12-12,3,1,4,3,Yes,396.0
3287,950,2024-12-28,3,1,4,3,No,396.0
3286,950,2025-12-19,3,1,4,3,No,396.0
3295,951,2022-12-19,3,1,2,3,No,815.0
3294,951,2023-12-30,3,3,4,4,Yes,815.0
3293,951,2024-12-21,4,2,4,4,No,815.0
3292,951,2025-12-12,4,2,3,3,No,815.0
3297,952,2024-11-22,3,2,3,3,Yes,1732.0
3296,952,2025-12-06,3,2,3,3,Yes,1732.0
3299,954,2024-12-28,3,2,2,3,No,1716.0
3298,954,2025-12-26,3,2,1,2,No,1716.0
3305,956,2020-12-16,3,1,2,3,No,2055.0
3304,956,2021-12-28,3,1,2,2,No,2055.0
3303,956,2022-12-23,3,1,3,4,No,2055.0
3302,956,2023-12-24,3,1,4,3,No,2055.0
3301,956,2024-12-24,3,2,3,3,No,2055.0
3300,956,2025-12-30,3,1,3,3,No,2055.0
3311,957,2020-12-25,3,1,4,2,No,1035.0
3310,957,2021-12-25,3,1,3,2,Yes,1035.0
3309,957,2022-12-24,3,2,3,2,Yes,1035.0
3308,957,2023-12-26,3,1,4,2,No,1035.0
3307,957,2024-12-22,3,2,4,3,Yes,1035.0
3306,957,2025-12-19,3,1,4,3,Yes,1035.0
3317,958,2020-12-31,4,4,2,2,No,1250.0
3316,958,2021-12-14,4,2,3,2,No,1250.0
3315,958,2022-12-16,4,3,4,3,No,1250.0
3314,958,2023-12-25,4,4,4,2,No,1250.0
3313,958,2024-12-24,3,3,2,3,No,1250.0
3312,958,2025-12-25,4,3,3,3,No,1250.0
3319,959,2024-04-24,3,2,4,4,Yes,302.0
3318,959,2025-05-03,3,2,4,4,Yes,302.0
3321,960,2023-06-30,3,2,2,4,No,612.0
3320,960,2024-07-16,3,1,1,3,No,612.0
3327,961,2020-12-13,3,4,4,1,No,1697.0
3326,961,2021-12-22,3,4,4,1,Yes,1697.0
3325,961,2022-12-19,3,3,3,1,No,1697.0
3324,961,2023-12-18,3,4,4,1,No,1697.0
3323,961,2024-12-28,3,4,3,1,Yes,1697.0
3322,961,2025-12-18,3,4,4,1,Yes,1697.0
3329,964,2024-12-22,3,2,4,3,No,352.0
3328,964,2025-12-27,3,2,4,3,Yes,352.0
3335,966,2020-12-21,3,2,2,4,No,1283.0
3334,966,2021-12-11,3,1,2,3,No,1283.0
3333,966,2022-12-18,3,1,3,4,No,1283.0
3332,966,2023-12-19,3,2,3,4,No,1283.0
3331,966,2024-12-16,3,1,3,4,No,1283.0
3330,966,2025-12-17,3,1,3,4,No,1283.0
3341,967,2020-11-15,3,3,3,2,No,1863.0
3340,967,2021-11-13,3,4,3,4,Yes,1863.0
3339,967,2022-11-25,3,3,2,3,Yes,1863.0
3338,967,2023-11-13,3,4,2,2,Yes,1863.0
3337,967,2024-11-20,3,4,3,4,Yes,1863.0
3336,967,2025-11-23,3,4,3,3,Yes,1863.0
3347,969,2020-12-13,3,4,2,4,No,1697.0
3346,969,2021-12-12,3,4,3,2,No,1697.0
3345,969,2023-01-01,3,4,3,4,Yes,1697.0
3344,969,2024-01-01,3,3,1,3,Yes,1697.0
3343,969,2024-12-26,3,4,1,2,No,1697.0
3342,969,2025-12-25,3,4,2,3,No,1697.0
3353,970,2020-05-31,3,4,1,1,No,1716.0
3352,970,2021-06-01,3,2,2,1,Yes,1716.0
3351,970,2022-06-09,3,4,1,1,No,1716.0
3350,970,2023-06-20,3,4,2,2,No,1716.0
3349,970,2024-06-14,3,2,1,2,No,1716.0
3348,970,2025-06-04,3,3,1,1,No,1716.0
3359,972,2020-12-30,3,3,3,2,No,1941.0
3358,972,2021-12-15,3,1,2,3,No,1941.0
3357,972,2022-12-22,3,3,2,3,Yes,1941.0
3356,972,2023-12-16,3,2,4,3,No,1941.0
3355,972,2024-12-12,3,2,3,2,No,1941.0
3354,972,2025-12-21,3,2,3,2,No,1941.0
3363,974,2022-12-18,3,3,4,2,No,1732.0
3362,974,2023-12-15,3,3,4,2,No,1732.0
3361,974,2024-12-17,3,3,3,3,No,1732.0
3360,974,2025-12-31,3,4,3,3,No,1732.0
3369,975,2020-12-19,3,4,2,2,No,1070.0
3368,975,2021-12-29,3,2,2,3,No,1070.0
3367,975,2022-12-13,3,2,4,4,No,1070.0
3366,975,2023-12-20,3,3,2,4,Yes,1070.0
3365,975,2024-12-11,3,2,4,3,Yes,1070.0
3364,975,2025-12-21,3,3,3,3,No,1070.0
3375,976,2020-12-19,3,3,4,1,Yes,374.0
3374,976,2021-12-31,3,4,4,3,No,374.0
3373,976,2022-12-15,3,3,3,3,No,374.0
3372,976,2023-12-28,3,4,4,1,No,374.0
3371,976,2024-12-26,3,3,3,1,No,374.0
3370,976,2025-12-31,3,4,4,2,No,374.0
3377,977,2023-06-24,4,3,4,2,No,1255.0
3376,977,2024-06-21,4,3,4,3,No,1255.0
3383,981,2020-12-11,3,4,4,4,Yes,374.0
3382,981,2021-12-30,3,2,4,4,No,374.0
3381,981,2022-12-23,3,3,2,4,Yes,374.0
3380,981,2023-12-26,3,3,4,4,No,374.0
3379,981,2024-12-18,3,2,3,3,No,374.0
3378,981,2025-12-19,3,3,3,4,No,374.0
3389,982,2020-12-14,3,3,3,4,No,404.0
3388,982,2021-12-16,3,3,2,3,No,404.0
3387,982,2022-12-28,3,2,3,4,No,404.0
3386,982,2023-12-17,3,4,4,3,Yes,404.0
3385,982,2024-12-29,3,3,2,4,Yes,404.0
3384,982,2025-12-14,3,3,3,4,No,404.0
3395,983,2020-12-27,3,4,3,3,Yes,573.0
3394,983,2021-12-25,3,4,4,4,Yes,573.0
3393,983,2023-01-01,3,4,3,3,Yes,573.0
3392,983,2023-12-17,3,3,4,3,No,573.0
3391,983,2024-12-12,3,4,4,2,Yes,573.0
3390,983,2025-12-16,3,4,3,3,Yes,573.0
3401,984,2020-12-23,3,4,4,3,No,1863.0
3400,984,2021-12-17,3,3,3,4,Yes,1863.0
3399,984,2022-12-17,3,3,4,4,No,1863.0
3398,984,2024-01-01,3,3,4,4,No,1863.0
3397,984,2024-12-29,3,4,4,2,No,1863.0
3396,984,2025-12-11,3,4,4,3,No,1863.0
3407,985,2020-12-12,3,4,1,2,No,1716.0
3406,985,2021-12-22,3,4,1,4,No,1716.0
3405,985,2022-12-17,3,2,1,3,No,1716.0
3404,985,2023-12-22,3,3,2,4,No,1716.0
3403,985,2024-12-21,3,3,2,4,No,1716.0
3402,985,2025-12-19,3,3,1,3,No,1716.0
3409,986,2024-07-26,3,1,2,1,No,532.0
3408,986,2025-07-25,3,2,2,2,Yes,532.0
3415,987,2020-12-30,3,3,2,4,Yes,1005.0
3414,987,2021-12-23,3,4,3,3,No,1005.0
3413,987,2023-01-01,3,3,4,3,No,1005.0
3412,987,2023-12-28,3,2,4,4,Yes,1005.0
3411,987,2024-12-20,3,3,2,4,Yes,1005.0
3410,987,2025-12-12,3,3,3,4,Yes,1005.0
3421,990,2020-12-16,3,4,1,2,No,81.0
3420,990,2021-12-18,3,3,1,4,No,81.0
3419,990,2022-12-28,3,3,2,3,No,81.0
3418,990,2023-12-13,3,4,1,3,No,81.0
3417,990,2024-12-28,3,4,2,4,No,81.0
3416,990,2025-12-12,3,4,1,3,No,81.0
3425,991,2021-09-30,3,1,2,3,No,997.0
3424,991,2022-10-06,3,1,3,3,Yes,997.0
3423,991,2023-10-03,4,1,3,4,Yes,997.0
3422,991,2024-10-11,4,1,3,3,Yes,997.0
3431,992,2020-12-23,3,3,4,2,No,1578.0
3430,992,2021-12-21,3,3,4,3,No,1578.0
3429,992,2022-12-20,3,3,3,3,Yes,1578.0
3428,992,2023-12-27,3,4,3,3,No,1578.0
3427,992,2024-12-27,3,3,4,3,No,1578.0
3426,992,2025-12-23,3,3,4,3,No,1578.0
3432,994,2025-07-13,4,1,4,3,Yes,1655.0
3436,995,2022-12-28,3,4,1,2,No,901.0
3435,995,2023-12-24,3,4,1,2,Yes,901.0
3434,995,2024-12-24,3,3,1,3,Yes,901.0
3433,995,2025-12-17,3,4,2,3,No,901.0
3442,996,2020-12-30,3,3,3,3,No,999.0
3441,996,2021-12-29,3,4,3,2,No,999.0
3440,996,2022-12-28,3,4,4,3,No,999.0
3439,996,2023-12-19,3,3,4,2,No,999.0
3438,996,2024-12-30,3,4,4,4,No,999.0
3437,996,2025-12-21,3,4,4,3,No,999.0
3448,997,2020-12-31,4,4,4,1,No,162.0
3447,997,2021-12-26,4,4,4,2,No,162.0
3446,997,2022-12-31,3,4,4,1,No,162.0
3445,997,2023-12-25,4,4,4,3,No,162.0
3444,997,2024-12-20,4,4,4,2,Yes,162.0
3443,997,2025-12-27,4,4,4,2,No,162.0
3454,998,2020-12-19,3,3,4,2,Yes,1697.0
3453,998,2021-12-14,3,2,3,3,Yes,1697.0
3452,998,2022-12-16,3,1,2,2,Yes,1697.0
3451,998,2023-12-30,3,2,4,2,No,1697.0
3450,998,2024-12-25,3,3,4,3,Yes,1697.0
3449,998,2025-12-30,3,2,3,3,Yes,1697.0
3460,999,2020-12-12,3,2,1,4,No,522.0
3459,999,2021-12-26,3,3,1,4,No,522.0
3458,999,2022-12-19,3,3,1,4,No,522.0
3457,999,2024-01-01,3,2,1,3,No,522.0
3456,999,2024-12-20,3,4,1,4,Yes,522.0
3455,999,2025-12-12,3,3,1,4,No,522.0
3463,1001,2023-12-27,3,3,4,3,No,1523.0
3462,1001,2024-12-12,3,3,2,4,No,1523.0
3461,1001,2025-12-28,3,2,3,3,No,1523.0
3469,1002,2020-12-11,3,1,4,3,Yes,1941.0
3468,1002,2021-12-14,3,1,3,3,No,1941.0
3467,1002,2022-12-12,3,1,4,2,No,1941.0
3466,1002,2023-12-22,3,1,3,3,No,1941.0
3465,1002,2024-12-21,3,1,3,4,Yes,1941.0
3464,1002,2025-12-21,3,1,4,3,Yes,1941.0
3475,1003,2020-12-21,3,4,3,2,Yes,1975.0
3474,1003,2021-12-11,3,3,4,3,Yes,1975.0
3473,1003,2022-12-28,3,4,4,2,Yes,1975.0
3472,1003,2023-12-25,3,4,4,2,Yes,1975.0
3471,1003,2024-12-16,3,4,4,4,No,1975.0
3470,1003,2025-12-21,3,4,4,3,Yes,1975.0
3481,1004,2020-10-16,3,4,1,4,No,1539.0
3480,1004,2021-10-22,3,2,1,3,Yes,1539.0
3479,1004,2022-10-19,3,3,2,4,Yes,1539.0
3478,1004,2023-10-19,3,4,1,2,No,1539.0
3477,1004,2024-10-24,3,2,1,3,Yes,1539.0
3476,1004,2025-10-19,3,3,1,3,Yes,1539.0
3487,1005,2020-12-17,3,3,4,4,No,1373.0
3486,1005,2021-12-16,3,3,4,2,Yes,1373.0
3485,1005,2022-12-13,3,3,3,4,No,1373.0
3484,1005,2023-12-29,3,2,3,4,Yes,1373.0
3483,1005,2024-12-13,3,3,3,4,No,1373.0
3482,1005,2025-12-13,3,3,4,3,Yes,1373.0
3490,1006,2023-12-13,3,2,3,3,No,1128.0
3489,1006,2024-12-12,3,2,2,1,No,1128.0
3488,1006,2025-12-17,3,3,3,2,No,1128.0
3496,1007,2020-12-22,3,3,4,3,No,867.0
3495,1007,2021-12-21,3,2,4,2,Yes,867.0
3494,1007,2022-12-30,3,4,4,4,Yes,867.0
3493,1007,2023-12-23,3,2,3,2,No,867.0
3492,1007,2024-12-14,3,4,3,2,No,867.0
3491,1007,2025-12-11,3,3,4,3,No,867.0
3501,1009,2021-12-31,3,2,3,2,No,112.0
3500,1009,2022-12-28,3,4,3,2,Yes,112.0
3499,1009,2023-12-31,3,4,3,3,No,112.0
3498,1009,2024-12-13,3,3,3,2,No,112.0
3497,1009,2025-12-17,3,3,4,3,No,112.0
3506,1010,2020-02-19,4,3,2,1,Yes,1422.0
3505,1010,2021-02-27,3,1,4,1,No,1422.0
3504,1010,2022-02-10,4,1,3,2,No,1422.0
3503,1010,2023-02-20,4,3,4,1,Yes,1422.0
3502,1010,2024-02-16,4,2,3,1,Yes,1422.0
3511,1011,2021-12-28,3,1,2,2,Yes,1283.0
3510,1011,2022-12-12,3,1,2,4,Yes,1283.0
3509,1011,2023-12-15,3,1,2,3,No,1283.0
3508,1011,2024-12-15,3,1,4,3,No,1283.0
3507,1011,2025-12-27,3,1,3,3,No,1283.0
3512,1012,2025-12-23,3,4,2,3,No,612.0
3518,1013,2020-12-22,3,3,3,3,No,867.0
3517,1013,2021-12-17,3,4,3,3,No,867.0
3516,1013,2022-12-23,3,4,2,2,No,867.0
3515,1013,2023-12-18,3,3,2,2,No,867.0
3514,1013,2024-12-22,3,4,2,2,No,867.0
3513,1013,2025-12-18,3,3,3,3,No,867.0
3524,1014,2020-12-11,3,4,3,3,Yes,431.0
3523,1014,2021-12-29,3,4,4,2,No,431.0
3522,1014,2023-01-01,3,3,2,1,Yes,431.0
3521,1014,2023-12-12,3,2,4,3,Yes,431.0
3520,1014,2024-12-18,3,4,2,1,No,431.0
3519,1014,2025-12-27,3,3,3,2,Yes,431.0
3530,1015,2020-12-18,3,2,1,3,Yes,638.0
3529,1015,2021-12-29,3,1,3,3,No,638.0
3528,1015,2022-12-23,3,2,1,2,Yes,638.0
3527,1015,2023-12-27,3,2,3,2,Yes,638.0
3526,1015,2024-12-18,3,1,1,2,No,638.0
3525,1015,2025-12-24,3,1,2,2,Yes,638.0
3532,1016,2024-10-31,3,1,4,2,Yes,612.0
3531,1016,2025-10-23,3,1,4,3,Yes,612.0
3536,1017,2022-03-07,3,2,1,2,Yes,1539.0
3535,1017,2023-03-16,3,1,3,3,No,1539.0
3534,1017,2024-03-04,3,1,1,4,No,1539.0
3533,1017,2025-03-18,3,2,2,3,No,1539.0
3542,1018,2020-12-16,3,4,4,3,No,1360.0
3541,1018,2021-12-16,3,4,3,4,No,1360.0
3540,1018,2022-12-24,3,4,4,4,No,1360.0
3539,1018,2023-12-20,3,3,3,2,No,1360.0
3538,1018,2024-12-26,3,4,4,4,No,1360.0
3537,1018,2025-12-26,3,4,4,3,No,1360.0
3547,1019,2021-12-22,3,1,3,2,No,1485.0
3546,1019,2022-12-23,3,1,3,2,No,1485.0
3545,1019,2023-12-31,3,2,1,1,No,1485.0
3544,1019,2024-12-21,3,1,3,2,No,1485.0
3543,1019,2025-12-27,3,1,2,2,No,1485.0
3550,1022,2023-12-17,3,3,1,3,No,1661.0
3549,1022,2024-12-30,3,2,1,4,No,1661.0
3548,1022,2025-12-16,3,3,1,3,No,1661.0
3556,1024,2020-12-14,3,2,3,2,No,1606.0
3555,1024,2021-12-19,3,2,3,4,No,1606.0
3554,1024,2022-12-16,3,3,4,3,No,1606.0
3553,1024,2023-12-14,3,2,3,2,No,1606.0
3552,1024,2024-12-22,3,2,4,4,No,1606.0
3551,1024,2025-12-20,3,3,3,3,No,1606.0
3559,1025,2023-12-28,3,4,4,2,No,601.0
3558,1025,2024-12-25,3,2,3,2,No,601.0
3557,1025,2025-12-19,3,3,4,3,No,601.0
3565,1026,2020-12-31,3,4,3,4,Yes,1775.0
3564,1026,2021-12-22,3,4,4,2,No,1775.0
3563,1026,2022-12-18,3,3,4,3,No,1775.0
3562,1026,2023-12-25,3,3,4,2,No,1775.0
3561,1026,2024-12-11,3,3,4,3,No,1775.0
3560,1026,2025-12-29,3,4,4,3,No,1775.0
3569,1027,2022-12-19,3,4,1,3,Yes,1360.0
3568,1027,2023-12-16,3,3,1,2,Yes,1360.0
3567,1027,2024-12-19,3,3,2,4,No,1360.0
3566,1027,2025-12-21,3,4,1,3,No,1360.0
3573,1028,2022-12-26,4,4,1,2,No,1422.0
3572,1028,2023-12-26,4,4,3,2,No,1422.0
3571,1028,2024-12-12,4,4,3,2,No,1422.0
3570,1028,2025-12-14,4,4,2,2,No,1422.0
3575,1029,2024-12-27,3,4,3,4,No,1191.0
3574,1029,2025-12-19,3,3,4,4,No,1191.0
3577,1030,2024-12-24,3,4,1,4,Yes,58.0
3576,1030,2025-12-20,3,4,1,3,No,58.0
3583,1032,2020-12-31,3,3,2,3,Yes,
3582,1032,2021-12-23,3,4,3,3,No,
3581,1032,2022-12-30,3,3,3,3,No,
3580,1032,2023-12-21,3,4,4,3,No,
3579,1032,2024-12-24,3,3,2,3,Yes,
3578,1032,2025-12-17,3,4,3,3,Yes,
3585,1033,2023-07-04,3,2,2,1,Yes,119.0
3584,1033,2024-06-20,3,2,1,1,No,119.0
3591,1034,2020-12-22,3,2,4,4,No,431.0
3590,1034,2021-12-19,3,3,4,3,No,431.0
3589,1034,2022-12-16,3,1,4,3,No,431.0
3588,1034,2023-12-16,3,2,3,2,Yes,431.0
3587,1034,2024-12-24,3,2,4,4,No,431.0
3586,1034,2025-12-16,3,2,3,3,Yes,431.0
3597,1035,2020-12-23,4,4,3,4,No,522.0
3596,1035,2021-12-25,3,4,2,2,No,522.0
3595,1035,2022-12-28,4,3,3,2,No,522.0
3594,1035,2023-12-23,4,4,3,2,Yes,522.0
3593,1035,2024-12-21,4,4,1,2,No,522.0
3592,1035,2025-12-20,4,3,2,3,No,522.0
3599,1036,2024-12-24,3,3,3,3,No,573.0
3598,1036,2025-12-27,3,4,2,3,Yes,573.0
3602,1037,2022-06-14,3,1,2,4,Yes,2055.0
3601,1037,2023-06-23,3,1,1,3,No,2055.0
3600,1037,2024-06-27,3,1,2,3,No,2055.0
3608,1038,2019-12-15,3,4,2,2,No,140.0
3607,1038,2020-12-10,3,4,2,4,No,140.0
3606,1038,2021-12-08,3,4,1,4,No,140.0
3605,1038,2022-12-11,3,3,2,4,No,140.0
3604,1038,2023-12-09,3,4,1,3,No,140.0
3603,1038,2024-12-21,3,4,1,3,No,140.0
3614,1039,2020-12-18,3,4,4,4,Yes,532.0
3613,1039,2021-12-31,3,3,4,4,No,532.0
3612,1039,2022-12-30,3,4,4,4,No,532.0
3611,1039,2023-12-27,3,4,4,4,Yes,532.0
3610,1039,2024-12-25,3,4,3,4,Yes,532.0
3609,1039,2025-12-21,3,4,4,3,Yes,532.0
3620,1040,2020-12-28,3,3,3,3,No,986.0
3619,1040,2021-12-16,3,4,3,3,Yes,986.0
3618,1040,2022-12-22,3,2,4,2,No,986.0
3617,1040,2023-12-25,3,3,4,4,No,986.0
3616,1040,2024-12-25,3,4,3,3,No,986.0
3615,1040,2025-12-24,3,3,4,3,No,986.0
3626,1042,2020-08-23,3,2,2,3,No,1250.0
3625,1042,2021-08-30,3,2,2,4,No,1250.0
3624,1042,2022-08-18,3,1,2,3,No,1250.0
3623,1042,2023-08-19,3,1,4,4,No,1250.0
3622,1042,2024-08-27,3,1,3,4,No,1250.0
3621,1042,2025-08-31,3,1,3,3,No,1250.0
3632,1043,2020-12-19,3,1,3,3,Yes,1367.0
3631,1043,2021-12-30,3,1,3,2,No,1367.0
3630,1043,2022-12-18,3,1,3,2,No,1367.0
3629,1043,2023-12-29,3,1,4,3,Yes,1367.0
3628,1043,2024-12-25,3,1,4,3,Yes,1367.0
3627,1043,2025-12-28,3,1,4,3,Yes,1367.0
3635,1044,2023-12-13,3,4,1,3,No,580.0
3634,1044,2024-12-12,3,4,1,1,No,580.0
3633,1044,2025-12-26,3,4,2,2,No,580.0
3641,1045,2020-12-20,3,4,4,4,No,787.0
3640,1045,2021-12-23,3,3,3,3,No,787.0
3639,1045,2022-12-31,3,4,4,3,No,787.0
3638,1045,2023-12-24,3,4,4,4,No,787.0
3637,1045,2024-12-15,3,4,4,4,No,787.0
3636,1045,2025-12-22,3,4,4,4,No,787.0
3647,1046,2020-12-23,3,4,3,4,No,815.0
3646,1046,2021-12-26,3,3,4,2,Yes,815.0
3645,1046,2022-12-30,3,3,3,2,No,815.0
3644,1046,2023-12-25,3,2,4,4,No,815.0
3643,1046,2024-12-19,3,4,4,3,No,815.0
3642,1046,2025-12-28,3,3,4,3,No,815.0
3653,1047,2020-12-30,3,4,3,3,No,862.0
3652,1047,2021-12-21,3,4,3,2,No,862.0
3651,1047,2022-12-24,3,3,3,2,No,862.0
3650,1047,2023-12-29,3,4,2,1,No,862.0
3649,1047,2024-12-11,3,4,3,3,No,862.0
3648,1047,2025-12-13,3,4,2,2,No,862.0
3659,1048,2020-12-13,3,4,2,1,Yes,1578.0
3658,1048,2021-12-21,3,3,1,1,Yes,1578.0
3657,1048,2022-12-17,3,4,3,2,No,1578.0
3656,1048,2023-12-30,3,3,3,2,No,1578.0
3655,1048,2024-12-14,3,4,2,1,Yes,1578.0
3654,1048,2025-12-20,3,4,2,1,Yes,1578.0
3665,1049,2020-12-13,3,2,2,3,No,1098.0
3664,1049,2021-12-23,3,3,3,3,No,1098.0
3663,1049,2022-12-12,3,2,3,2,No,1098.0
3662,1049,2023-12-19,3,1,3,4,No,1098.0
3661,1049,2024-12-17,3,3,2,3,No,1098.0
3660,1049,2025-12-21,3,2,2,3,No,1098.0
3671,1050,2020-12-20,3,3,4,3,Yes,1372.0
3670,1050,2021-12-21,3,2,4,2,No,1372.0
3669,1050,2022-12-15,3,1,2,2,No,1372.0
3668,1050,2024-01-01,3,1,4,2,No,1372.0
3667,1050,2024-12-11,3,1,2,3,No,1372.0
3666,1050,2025-12-16,3,2,3,3,No,1372.0
3673,1052,2023-07-31,3,2,2,1,Yes,447.0
3672,1052,2024-08-18,3,3,1,2,No,447.0
3677,1053,2021-10-02,3,1,1,2,Yes,661.0
3676,1053,2022-10-18,3,2,1,4,Yes,661.0
3675,1053,2023-10-06,3,1,1,2,No,661.0
3674,1053,2024-10-20,3,1,1,3,Yes,661.0
3679,1055,2024-12-25,3,4,3,3,Yes,580.0
3678,1055,2025-12-13,3,3,3,3,Yes,580.0
3681,1056,2024-12-29,4,2,4,3,No,1732.0
3680,1056,2025-12-22,4,2,4,3,No,1732.0
3684,1060,2023-12-15,3,2,2,3,No,1128.0
3683,1060,2024-12-17,3,4,4,2,No,1128.0
3682,1060,2025-12-26,3,3,3,3,No,1128.0
3690,1061,2020-12-27,3,3,3,1,Yes,1423.0
3689,1061,2021-12-25,3,4,3,2,No,1423.0
3688,1061,2022-12-13,3,3,3,2,Yes,1423.0
3687,1061,2023-12-31,3,2,3,3,Yes,1423.0
3686,1061,2024-12-13,3,3,2,3,No,1423.0
3685,1061,2025-12-26,3,3,2,2,Yes,1423.0
3695,1062,2021-12-27,3,1,4,1,Yes,119.0
3694,1062,2022-12-20,3,1,4,1,Yes,119.0
3693,1062,2024-01-01,3,2,3,3,Yes,119.0
3692,1062,2024-12-15,3,2,4,3,No,119.0
3691,1062,2025-12-15,3,2,4,2,No,119.0
3701,1066,2020-12-22,3,1,2,3,No,2056.0
3700,1066,2021-12-24,3,1,4,2,Yes,2056.0
3699,1066,2022-12-26,3,1,4,3,No,2056.0
3698,1066,2023-12-13,3,2,2,2,No,2056.0
3697,1066,2024-12-22,3,1,2,2,No,2056.0
3696,1066,2025-12-22,3,1,3,2,No,2056.0
3707,1068,2020-12-31,3,2,2,2,No,661.0
3706,1068,2021-12-16,3,3,1,2,No,661.0
3705,1068,2022-12-23,3,2,2,4,No,661.0
3704,1068,2023-12-25,3,2,1,3,No,661.0
3703,1068,2024-12-16,3,2,1,3,No,661.0
3702,1068,2025-12-15,3,3,1,3,No,661.0
3710,1069,2023-12-27,3,4,4,4,No,254.0
3709,1069,2024-12-20,3,3,4,4,No,254.0
3708,1069,2025-12-25,3,4,4,3,No,254.0
3716,1070,2020-12-11,3,4,3,4,Yes,1372.0
3715,1070,2021-12-11,3,3,3,2,No,1372.0
3714,1070,2022-12-20,3,3,3,2,No,1372.0
3713,1070,2023-12-21,3,4,2,3,No,1372.0
3712,1070,2024-12-30,3,2,2,2,No,1372.0
3711,1070,2025-12-14,3,3,3,3,No,1372.0
3722,1071,2020-12-19,3,4,1,4,No,1255.0
3721,1071,2021-12-21,3,3,1,3,Yes,1255.0
3720,1071,2022-12-17,3,4,1,3,No,1255.0
3719,1071,2024-01-01,3,2,1,2,No,1255.0
3718,1071,2024-12-18,3,4,1,3,No,1255.0
3717,1071,2025-12-22,3,3,1,3,No,1255.0
3728,1073,2020-12-31,3,3,4,1,No,1367.0
3727,1073,2021-12-29,3,4,4,1,No,1367.0
3726,1073,2022-12-20,3,3,4,3,No,1367.0
3725,1073,2023-12-29,3,4,4,1,No,1367.0
3724,1073,2024-12-23,3,3,3,1,No,1367.0
3723,1073,2025-12-22,3,4,4,2,No,1367.0
3734,1074,2020-12-16,3,2,3,3,No,374.0
3733,1074,2021-12-14,3,1,2,3,No,374.0
3732,1074,2022-12-16,3,1,4,3,No,374.0
3731,1074,2023-12-13,3,1,3,3,Yes,374.0
3730,1074,2024-12-29,3,1,3,4,No,374.0
3729,1074,2025-12-17,3,1,3,4,No,374.0
3736,1076,2024-12-12,3,4,4,2,No,1716.0
3735,1076,2025-12-20,3,4,3,3,No,1716.0
3739,1077,2023-05-16,3,4,3,2,No,302.0
3738,1077,2024-05-01,3,4,4,4,Yes,302.0
3737,1077,2025-05-09,3,4,4,3,Yes,302.0
3741,1079,2023-05-19,3,1,4,1,No,612.0
3740,1079,2024-05-31,3,1,3,2,No,612.0
3747,1080,2020-12-17,4,2,4,3,Yes,1941.0
3746,1080,2021-12-20,3,1,3,4,No,1941.0
3745,1080,2022-12-29,3,2,4,4,No,1941.0
3744,1080,2023-12-16,3,2,4,3,Yes,1941.0
3743,1080,2024-12-31,4,1,3,3,No,1941.0
3742,1080,2025-12-27,4,1,4,3,Yes,1941.0
3753,1081,2020-03-03,3,2,1,4,No,58.0
3752,1081,2021-02-26,3,4,1,4,Yes,58.0
3751,1081,2022-02-24,3,3,1,3,Yes,58.0
3750,1081,2023-03-04,3,4,1,3,No,58.0
3749,1081,2024-03-04,3,4,1,4,No,58.0
3748,1081,2025-02-22,3,3,1,4,Yes,58.0
3759,1082,2020-01-25,3,2,1,2,No,431.0
3758,1082,2021-01-16,3,1,3,1,No,431.0
3757,1082,2022-01-25,3,1,3,2,No,431.0
3756,1082,2023-01-16,3,1,2,3,No,431.0
3755,1082,2024-01-30,3,1,3,2,Yes,431.0
3754,1082,2025-01-25,3,1,2,2,No,431.0
3765,1083,2020-12-29,3,1,2,4,No,661.0
3764,1083,2021-12-22,3,1,2,2,No,661.0
3763,1083,2022-12-20,3,1,1,2,No,661.0
3762,1083,2023-12-26,3,1,1,4,No,661.0
3761,1083,2024-12-29,3,1,1,2,No,661.0
3760,1083,2025-12-15,3,1,1,3,No,661.0
3771,1084,2020-12-11,3,1,2,2,Yes,1360.0
3770,1084,2021-12-30,3,2,4,2,No,1360.0
3769,1084,2022-12-23,3,1,2,2,No,1360.0
3768,1084,2023-12-27,3,1,2,1,No,1360.0
3767,1084,2024-12-27,3,1,3,2,No,1360.0
3766,1084,2025-12-20,3,1,3,2,No,1360.0
3777,1085,2020-12-11,3,2,2,4,No,1035.0
3776,1085,2021-12-29,3,2,2,3,No,1035.0
3775,1085,2022-12-14,3,4,2,3,No,1035.0
3774,1085,2023-12-28,3,2,1,2,No,1035.0
3773,1085,2024-12-17,3,3,2,2,No,1035.0
3772,1085,2025-12-31,3,3,2,3,No,1035.0
3783,1088,2020-12-15,3,2,3,2,No,431.0
3782,1088,2021-12-27,3,4,4,1,No,431.0
3781,1088,2022-12-18,3,2,3,2,No,431.0
3780,1088,2023-12-18,3,4,4,2,No,431.0
3779,1088,2024-12-18,3,3,2,1,No,431.0
3778,1088,2025-12-25,3,3,3,2,No,431.0
3789,1092,2020-12-29,4,3,1,4,No,431.0
3788,1092,2021-12-19,3,3,1,2,No,431.0
3787,1092,2022-12-26,4,3,2,4,No,431.0
3786,1092,2023-12-15,4,3,2,2,No,431.0
3785,1092,2024-12-17,3,4,1,4,No,431.0
3784,1092,2025-12-12,4,4,1,3,No,431.0
3793,1094,2022-12-24,3,2,2,4,No,1523.0
3792,1094,2023-12-26,3,3,1,3,No,1523.0
3791,1094,2024-12-27,3,3,1,4,Yes,1523.0
3790,1094,2025-12-12,3,3,1,3,No,1523.0
3797,1096,2022-12-15,3,1,3,3,No,867.0
3796,1096,2023-12-17,3,2,4,2,Yes,867.0
3795,1096,2024-12-30,3,3,3,3,No,867.0
3794,1096,2025-12-14,3,2,4,3,No,867.0
3803,1097,2020-12-20,3,2,4,4,No,1608.0
3802,1097,2021-12-22,3,4,2,4,Yes,1608.0
3801,1097,2022-12-19,3,2,3,4,No,1608.0
3800,1097,2023-12-17,3,2,4,4,No,1608.0
3799,1097,2024-12-31,3,4,3,3,No,1608.0
3798,1097,2025-12-16,3,3,3,4,No,1608.0
3809,1098,2019-03-23,3,2,3,4,No,698.0
3808,1098,2020-03-23,3,2,2,4,No,698.0
3807,1098,2021-03-23,3,1,2,4,No,698.0
3806,1098,2022-03-27,3,1,3,4,No,698.0
3805,1098,2023-04-01,3,2,1,3,No,698.0
3804,1098,2024-04-03,3,1,2,3,No,698.0
3813,1099,2022-12-26,3,4,4,3,No,431.0
3812,1099,2023-12-14,3,3,4,4,No,431.0
3811,1099,2024-12-31,3,4,4,3,No,431.0
3810,1099,2025-12-20,3,4,4,3,No,431.0
3819,1100,2020-01-06,4,2,4,2,No,1863.0
3818,1100,2021-01-12,4,2,4,4,No,1863.0
3817,1100,2022-01-16,4,1,4,4,Yes,1863.0
3816,1100,2023-01-04,4,2,3,2,Yes,1863.0
3815,1100,2024-01-08,4,1,4,4,No,1863.0
3814,1100,2025-01-20,4,1,4,3,Yes,1863.0
3825,1101,2020-09-19,4,4,1,3,Yes,1069.0
3824,1101,2021-09-19,4,4,2,3,No,1069.0
3823,1101,2022-09-19,4,2,2,3,Yes,1069.0
3822,1101,2023-09-09,3,2,1,3,No,1069.0
3821,1101,2024-09-05,4,3,1,4,No,1069.0
3820,1101,2025-09-15,4,3,1,3,No,1069.0
3830,1102,2021-12-13,3,3,1,3,No,575.0
3829,1102,2022-12-25,3,3,1,1,No,575.0
3828,1102,2023-12-27,3,2,2,3,No,575.0
3827,1102,2024-12-24,3,2,1,2,No,575.0
3826,1102,2025-12-31,3,3,1,2,No,575.0
3836,1103,2020-12-19,3,3,1,2,No,1697.0
3835,1103,2021-12-25,3,3,2,1,No,1697.0
3834,1103,2022-12-16,3,4,2,2,No,1697.0
3833,1103,2023-12-15,3,3,2,3,No,1697.0
3832,1103,2024-12-12,3,4,1,2,No,1697.0
3831,1103,2025-12-22,3,4,1,2,No,1697.0
3838,1105,2024-12-16,3,3,3,2,Yes,81.0
3837,1105,2025-12-20,3,4,4,3,Yes,81.0
3844,1106,2020-06-24,3,4,4,4,Yes,1666.0
3843,1106,2021-06-23,3,4,4,4,Yes,1666.0
3842,1106,2022-06-22,3,4,3,3,No,1666.0
3841,1106,2023-06-21,3,3,4,3,Yes,1666.0
3840,1106,2024-06-09,3,4,3,4,Yes,1666.0
3839,1106,2025-06-11,3,4,4,4,Yes,1666.0
3846,1107,2023-11-24,4,2,1,1,No,843.0
3845,1107,2024-12-11,4,3,1,2,No,843.0
3849,1108,2022-08-20,4,3,1,4,Yes,901.0
3848,1108,2023-08-11,3,1,2,3,Yes,901.0
3847,1108,2024-08-17,4,2,1,3,Yes,901.0
3855,1109,2020-12-13,3,2,3,3,No,1336.0
3854,1109,2021-12-12,3,1,4,2,No,1336.0
3853,1109,2022-12-30,3,1,4,3,No,1336.0
3852,1109,2023-12-13,3,1,3,3,No,1336.0
3851,1109,2024-12-22,3,1,4,3,Yes,1336.0
3850,1109,2025-12-15,3,1,4,3,No,1336.0
3857,1111,2024-09-30,3,2,1,4,No,575.0
3856,1111,2025-09-21,3,2,1,3,No,575.0
3858,1113,2024-09-19,3,3,4,3,Yes,986.0
3862,1114,2022-12-16,3,3,3,3,Yes,1050.0
3861,1114,2023-12-29,3,1,4,3,Yes,1050.0
3860,1114,2024-12-16,3,3,4,4,No,1050.0
3859,1114,2025-12-25,3,2,4,3,No,1050.0
3863,1115,2025-12-13,3,4,3,3,No,386.0
3869,1116,2020-12-19,3,4,1,1,No,787.0
3868,1116,2021-12-16,3,3,1,1,No,787.0
3867,1116,2022-12-18,4,3,1,2,No,787.0
3866,1116,2023-12-14,3,4,2,3,No,787.0
3865,1116,2024-12-26,4,4,1,3,No,787.0
3864,1116,2025-12-22,4,4,1,2,No,787.0
3875,1117,2020-12-18,3,3,3,3,No,1975.0
3874,1117,2021-12-26,3,3,2,4,No,1975.0
3873,1117,2022-12-31,3,4,3,2,No,1975.0
3872,1117,2023-12-13,3,2,1,3,No,1975.0
3871,1117,2024-12-12,3,2,3,2,No,1975.0
3870,1117,2025-12-24,3,3,2,3,No,1975.0
3881,1118,2020-12-19,3,1,1,3,No,1606.0
3880,1118,2021-12-19,3,2,1,3,Yes,1606.0
3879,1118,2022-12-23,3,3,1,3,No,1606.0
3878,1118,2024-01-01,3,3,2,4,No,1606.0
3877,1118,2024-12-18,3,1,1,4,No,1606.0
3876,1118,2025-12-12,3,2,2,3,No,1606.0
3887,1119,2020-12-31,3,2,2,3,Yes,1716.0
3886,1119,2021-12-18,3,2,4,3,No,1716.0
3885,1119,2022-12-16,3,3,2,2,Yes,1716.0
3884,1119,2023-12-29,3,4,4,3,Yes,1716.0
3883,1119,2024-12-28,3,2,3,2,No,1716.0
3882,1119,2025-12-20,3,3,3,3,Yes,1716.0
3893,1120,2020-12-30,4,3,3,2,Yes,1655.0
3892,1120,2021-12-30,3,4,2,3,No,1655.0
3891,1120,2022-12-31,4,4,3,2,No,1655.0
3890,1120,2023-12-16,4,4,3,4,No,1655.0
3889,1120,2024-12-30,4,4,4,3,Yes,1655.0
3888,1120,2025-12-25,4,4,3,3,No,1655.0
3899,1121,2020-12-25,3,1,4,2,No,1005.0
3898,1121,2021-12-25,3,1,4,2,No,1005.0
3897,1121,2022-12-25,3,3,3,2,No,1005.0
3896,1121,2023-12-18,3,2,3,1,No,1005.0
3895,1121,2024-12-26,3,2,3,1,No,1005.0
3894,1121,2025-12-20,3,2,4,2,No,1005.0
3905,1124,2020-12-19,3,3,1,3,No,787.0
3904,1124,2021-12-16,3,4,1,4,No,787.0
3903,1124,2022-12-18,3,3,2,4,No,787.0
3902,1124,2023-12-15,3,2,2,2,No,787.0
3901,1124,2024-12-26,3,2,1,4,Yes,787.0
3900,1124,2025-12-20,3,3,1,3,No,787.0
3907,1125,2024-12-18,3,2,3,3,Yes,1716.0
3906,1125,2025-12-22,3,2,4,3,No,1716.0
3913,1126,2020-12-21,3,1,4,4,No,1401.0
3912,1126,2021-12-18,3,2,3,3,No,1401.0
3911,1126,2022-12-22,3,1,2,2,No,1401.0
3910,1126,2023-12-26,3,1,4,4,No,1401.0
3909,1126,2024-12-21,3,1,2,4,No,1401.0
3908,1126,2025-12-20,3,1,3,3,No,1401.0
3919,1127,2019-06-22,3,3,1,4,No,258.0
3918,1127,2020-06-21,3,3,1,4,No,258.0
3917,1127,2021-06-14,3,4,1,4,Yes,258.0
3916,1127,2022-06-14,3,3,1,3,No,258.0
3915,1127,2023-06-05,3,4,1,2,No,258.0
3914,1127,2024-06-11,3,4,1,3,No,258.0
3925,1128,2020-12-21,3,2,3,4,No,522.0
3924,1128,2021-12-13,3,3,4,3,No,522.0
3923,1128,2022-12-12,3,4,2,4,No,522.0
3922,1128,2023-12-18,3,3,2,3,Yes,522.0
3921,1128,2024-12-17,3,2,4,3,Yes,522.0
3920,1128,2025-12-23,3,3,3,4,No,522.0
3928,1131,2023-12-29,3,3,4,4,No,612.0
3927,1131,2024-12-26,3,3,3,4,No,612.0
3926,1131,2025-12-23,3,2,4,4,Yes,612.0
3934,1132,2020-12-30,3,1,3,2,No,1263.0
3933,1132,2021-12-23,3,3,2,3,No,1263.0
3932,1132,2022-12-24,3,2,3,2,Yes,1263.0
3931,1132,2023-12-19,3,3,4,3,No,1263.0
3930,1132,2024-12-19,3,3,4,2,Yes,1263.0
3929,1132,2025-12-31,3,2,3,2,No,1263.0
3940,1133,2020-12-29,4,4,2,3,No,1026.0
3939,1133,2021-12-18,4,3,1,4,No,1026.0
3938,1133,2022-12-30,3,4,1,3,Yes,1026.0
3937,1133,2023-12-26,4,4,1,3,No,1026.0
3936,1133,2024-12-15,3,3,1,2,No,1026.0
3935,1133,2025-12-16,4,4,1,3,No,1026.0
3943,1135,2023-12-23,3,4,4,4,No,580.0
3942,1135,2024-12-31,3,4,2,4,No,580.0
3941,1135,2025-12-15,3,4,3,3,No,580.0
3948,1136,2021-12-29,3,1,1,1,No,575.0
3947,1136,2022-12-28,3,2,1,1,No,575.0
3946,1136,2023-12-14,3,3,1,1,No,575.0
3945,1136,2024-12-11,3,3,2,1,Yes,575.0
3944,1136,2025-12-29,3,2,1,1,No,575.0
3954,1137,2020-12-12,3,3,4,3,No,1070.0
3953,1137,2021-12-30,3,3,4,3,No,1070.0
3952,1137,2022-12-31,3,4,3,3,No,1070.0
3951,1137,2023-12-22,3,3,4,3,No,1070.0
3950,1137,2024-12-19,3,4,4,2,No,1070.0
3949,1137,2025-12-24,3,4,4,3,No,1070.0
3960,1138,2020-12-26,3,3,4,4,No,131.0
3959,1138,2021-12-22,3,1,4,2,No,131.0
3958,1138,2022-12-31,3,1,3,3,No,131.0
3957,1138,2023-12-23,3,1,3,3,No,131.0
3956,1138,2024-12-11,3,2,4,3,No,131.0
3955,1138,2025-12-14,3,2,4,3,No,131.0
3964,1140,2022-12-29,3,4,3,1,No,1283.0
3963,1140,2023-12-25,3,3,4,1,No,1283.0
3962,1140,2024-12-25,3,2,4,3,No,1283.0
3961,1140,2025-12-20,3,3,4,2,No,1283.0
3970,1143,2020-12-31,3,2,4,3,No,1655.0
3969,1143,2021-12-13,3,1,4,3,Yes,1655.0
3968,1143,2022-12-30,3,2,4,3,No,1655.0
3967,1143,2023-12-17,3,3,3,2,No,1655.0
3966,1143,2024-12-16,3,3,4,1,No,1655.0
3965,1143,2025-12-24,3,2,4,2,No,1655.0
3972,1148,2024-12-28,3,4,2,3,No,1263.0
3971,1148,2025-12-20,3,4,2,3,No,1263.0
3978,1150,2020-12-16,3,4,3,3,Yes,1360.0
3977,1150,2021-12-31,3,4,2,2,No,1360.0
3976,1150,2022-12-23,3,4,3,2,No,1360.0
3975,1150,2023-12-17,3,4,2,1,Yes,1360.0
3974,1150,2024-12-12,3,4,2,2,Yes,1360.0
3973,1150,2025-12-23,3,4,2,2,Yes,1360.0
3984,1152,2020-12-21,3,2,3,4,No,1098.0
3983,1152,2021-12-20,3,4,3,4,No,1098.0
3982,1152,2022-12-16,3,3,2,4,No,1098.0
3981,1152,2023-12-30,3,2,2,3,No,1098.0
3980,1152,2024-12-21,3,4,4,4,Yes,1098.0
3979,1152,2025-12-29,3,3,3,4,No,1098.0
3988,1154,2022-12-29,3,2,2,3,Yes,575.0
3987,1154,2023-12-29,3,4,3,2,No,575.0
3986,1154,2024-12-31,3,3,2,2,Yes,575.0
3985,1154,2025-12-29,3,3,3,3,Yes,575.0
3989,1156,2024-10-25,3,3,3,3,No,612.0
3995,1157,2019-07-19,3,2,1,4,Yes,1050.0
3994,1157,2020-07-30,3,1,1,3,Yes,1050.0
3993,1157,2021-07-28,3,1,1,2,No,1050.0
3992,1157,2022-07-12,3,1,1,4,Yes,1050.0
3991,1157,2023-07-26,3,1,1,4,Yes,1050.0
3990,1157,2024-07-21,3,1,1,3,Yes,1050.0
3997,1158,2024-12-13,3,4,2,4,No,1035.0
3996,1158,2025-12-29,3,4,2,3,Yes,1035.0
4000,1160,2022-01-07,3,4,4,3,No,997.0
3999,1160,2022-12-26,3,2,4,1,No,997.0
3998,1160,2024-01-13,3,3,3,2,No,997.0
4006,1161,2020-12-19,3,4,2,3,Yes,119.0
4005,1161,2021-12-13,3,4,2,4,No,119.0
4004,1161,2022-12-23,3,3,2,3,No,119.0
4003,1161,2023-12-21,3,3,4,2,No,119.0
4002,1161,2024-12-31,3,3,2,2,Yes,119.0
4001,1161,2025-12-19,3,4,3,3,No,119.0
4011,1162,2021-12-24,3,4,3,4,No,1523.0
4010,1162,2022-12-30,3,4,4,2,No,1523.0
4009,1162,2023-12-23,3,2,4,2,No,1523.0
4008,1162,2024-12-24,3,3,4,3,No,1523.0
4007,1162,2025-12-26,3,3,4,3,No,1523.0
4017,1163,2020-12-13,4,2,1,2,Yes,862.0
4016,1163,2021-12-16,4,3,2,3,No,862.0
4015,1163,2022-12-17,4,2,3,1,No,862.0
4014,1163,2023-12-12,3,2,2,1,No,862.0
4013,1163,2024-12-16,4,3,1,1,No,862.0
4012,1163,2025-12-17,4,3,2,2,No,862.0
4023,1164,2020-12-19,3,2,2,1,No,1098.0
4022,1164,2021-12-25,3,4,3,1,No,1098.0
4021,1164,2022-12-14,3,2,4,1,No,1098.0
4020,1164,2023-12-26,3,2,3,1,No,1098.0
4019,1164,2024-12-29,3,2,3,2,No,1098.0
4018,1164,2025-12-22,3,3,3,1,No,1098.0
4029,1165,2019-08-19,3,1,3,1,No,1167.0
4028,1165,2020-08-06,3,1,4,1,No,1167.0
4027,1165,2021-08-18,3,2,4,2,No,1167.0
4026,1165,2022-08-01,3,1,3,2,No,1167.0
4025,1165,2023-08-06,3,1,4,2,No,1167.0
4024,1165,2024-08-04,3,1,4,1,No,1167.0
4035,1166,2020-12-24,3,2,2,1,No,396.0
4034,1166,2021-12-11,3,4,1,1,Yes,396.0
4033,1166,2022-12-16,3,2,1,2,No,396.0
4032,1166,2023-12-28,3,3,3,3,No,396.0
4031,1166,2024-12-21,3,2,3,1,No,396.0
4030,1166,2025-12-18,3,3,2,2,No,396.0
4041,1167,2020-01-09,3,1,2,2,Yes,532.0
4040,1167,2021-01-19,3,1,4,2,Yes,532.0
4039,1167,2022-01-11,3,2,3,1,No,532.0
4038,1167,2023-01-10,3,1,4,1,Yes,532.0
4037,1167,2024-01-14,3,1,3,1,No,532.0
4036,1167,2025-01-24,3,1,3,2,Yes,532.0
4047,1171,2020-12-19,3,1,1,3,No,1975.0
4046,1171,2021-12-20,3,2,2,4,No,1975.0
4045,1171,2022-12-18,3,1,3,4,No,1975.0
4044,1171,2023-12-18,3,2,2,4,Yes,1975.0
4043,1171,2024-12-16,3,1,1,4,No,1975.0
4042,1171,2025-12-16,3,1,2,4,No,1975.0
4053,1172,2020-12-14,3,2,3,2,Yes,1422.0
4052,1172,2021-12-18,3,3,4,2,No,1422.0
4051,1172,2022-12-24,3,4,4,3,No,1422.0
4050,1172,2024-01-01,3,3,4,4,No,1422.0
4049,1172,2024-12-24,3,3,4,3,No,1422.0
4048,1172,2025-12-16,3,3,4,3,No,1422.0
4058,1173,2021-12-31,4,2,3,3,No,1666.0
4057,1173,2022-12-30,3,1,3,2,No,1666.0
4056,1173,2023-12-17,3,3,4,3,No,1666.0
4055,1173,2024-12-24,3,1,3,3,Yes,1666.0
4054,1173,2025-12-31,4,2,4,3,No,1666.0
4060,1175,2024-08-07,3,4,3,3,Yes,575.0
4059,1175,2025-08-02,3,4,3,2,Yes,575.0
4066,1177,2020-12-28,4,4,2,3,No,843.0
4065,1177,2021-12-24,4,4,2,2,Yes,843.0
4064,1177,2022-12-12,3,4,1,2,No,843.0
4063,1177,2023-12-31,3,4,1,2,No,843.0
4062,1177,2024-12-16,3,4,1,4,No,843.0
4061,1177,2025-12-23,4,4,1,3,No,843.0
4072,1179,2020-12-21,3,2,4,2,No,1391.0
4071,1179,2021-12-23,3,2,4,3,No,1391.0
4070,1179,2022-12-17,3,2,2,2,No,1391.0
4069,1179,2023-12-30,3,2,3,3,No,1391.0
4068,1179,2024-12-26,3,2,2,3,No,1391.0
4067,1179,2025-12-12,3,3,3,3,No,1391.0
4074,1180,2024-12-18,3,3,2,1,Yes,1263.0
4073,1180,2025-12-15,3,4,3,1,Yes,1263.0
4080,1182,2020-12-16,3,1,2,4,Yes,1367.0
4079,1182,2021-12-30,3,2,3,3,No,1367.0
4078,1182,2022-12-23,3,2,3,4,No,1367.0
4077,1182,2023-12-15,3,3,4,4,No,1367.0
4076,1182,2024-12-21,3,1,3,3,No,1367.0
4075,1182,2025-12-31,3,2,3,4,No,1367.0
4086,1184,2020-12-21,3,1,3,2,No,1697.0
4085,1184,2021-12-25,4,1,4,4,Yes,1697.0
4084,1184,2023-01-01,4,1,4,3,No,1697.0
4083,1184,2023-12-28,3,1,4,3,No,1697.0
4082,1184,2024-12-22,3,1,3,2,Yes,1697.0
4081,1184,2025-12-27,4,1,4,3,No,1697.0
4089,1185,2023-12-20,3,4,3,4,No,1422.0
4088,1185,2024-12-22,3,4,3,3,No,1422.0
4087,1185,2025-12-16,3,4,4,4,No,1422.0
4094,1188,2020-07-08,3,2,1,1,No,1975.0
4093,1188,2021-06-30,3,4,1,2,No,1975.0
4092,1188,2022-06-29,3,4,1,1,No,1975.0
4091,1188,2023-07-12,3,2,1,1,No,1975.0
4090,1188,2024-07-09,3,3,1,2,No,1975.0
4096,1190,2024-12-21,3,2,3,2,No,580.0
4095,1190,2025-12-18,3,1,3,3,No,580.0
4102,1191,2020-12-14,3,2,3,4,No,549.0
4101,1191,2021-12-29,3,2,4,4,No,549.0
4100,1191,2022-12-19,3,1,3,2,No,549.0
4099,1191,2023-12-21,3,1,3,4,No,549.0
4098,1191,2024-12-12,3,1,4,2,No,549.0
4097,1191,2025-12-24,3,1,4,3,No,549.0
4108,1192,2020-12-29,3,4,3,3,No,1655.0
4107,1192,2021-12-31,3,4,3,3,No,1655.0
4106,1192,2022-12-13,3,3,3,4,No,1655.0
4105,1192,2023-12-16,3,4,2,2,No,1655.0
4104,1192,2024-12-20,3,3,2,3,No,1655.0
4103,1192,2025-12-20,3,4,2,3,No,1655.0
4110,1193,2024-12-11,3,1,2,2,Yes,612.0
4109,1193,2025-12-17,4,1,3,3,No,612.0
4114,1195,2022-12-26,3,4,1,1,Yes,999.0
4113,1195,2023-12-18,3,3,1,3,No,999.0
4112,1195,2024-12-22,3,2,1,1,Yes,999.0
4111,1195,2025-12-30,3,3,1,2,Yes,999.0
4120,1196,2020-12-11,3,4,4,1,No,601.0
4119,1196,2021-12-28,3,3,4,3,No,601.0
4118,1196,2022-12-28,3,4,4,1,No,601.0
4117,1196,2023-12-18,3,3,4,3,No,601.0
4116,1196,2024-12-18,3,3,4,2,No,601.0
4115,1196,2025-12-19,3,4,4,2,No,601.0
4123,1198,2023-12-20,3,4,2,3,Yes,612.0
4122,1198,2024-12-28,3,2,1,3,Yes,612.0
4121,1198,2025-12-21,3,3,1,2,No,612.0
4129,1200,2020-10-09,3,4,4,2,Yes,999.0
4128,1200,2021-10-10,3,4,3,3,No,999.0
4127,1200,2022-10-11,3,2,3,3,Yes,999.0
4126,1200,2023-10-09,3,4,3,3,No,999.0
4125,1200,2024-10-13,3,2,4,2,No,999.0
4124,1200,2025-10-14,3,3,3,3,Yes,999.0
4135,1201,2020-12-31,3,4,3,2,No,140.0
4134,1201,2021-12-20,3,2,3,2,No,140.0
4133,1201,2022-12-27,3,4,4,2,Yes,140.0
4132,1201,2024-01-01,3,3,4,3,Yes,140.0
4131,1201,2024-12-19,3,3,3,2,No,140.0
4130,1201,2025-12-27,3,3,4,3,No,140.0
4141,1202,2020-12-16,3,3,1,1,Yes,1443.0
4140,1202,2021-12-30,3,4,1,1,Yes,1443.0
4139,1202,2022-12-26,3,3,3,3,Yes,1443.0
4138,1202,2023-12-29,3,4,1,3,Yes,1443.0
4137,1202,2024-12-18,3,3,1,1,Yes,1443.0
4136,1202,2025-12-21,3,4,2,2,Yes,1443.0
4142,1203,2025-10-17,3,4,3,3,Yes,1485.0
4148,1204,2020-12-15,4,1,2,3,No,787.0
4147,1204,2021-12-20,4,1,4,3,No,787.0
4146,1204,2022-12-15,3,2,2,4,No,787.0
4145,1204,2023-12-27,4,2,2,3,No,787.0
4144,1204,2024-12-29,4,1,2,3,No,787.0
4143,1204,2025-12-26,4,1,3,3,No,787.0
4149,1206,2025-12-19,3,3,4,3,No,999.0
4155,1207,2020-12-13,3,2,2,4,Yes,2040.0
4154,1207,2021-12-23,3,4,1,2,No,2040.0
4153,1207,2022-12-19,3,3,2,3,No,2040.0
4152,1207,2023-12-30,3,2,2,4,No,2040.0
4151,1207,2024-12-15,3,4,2,4,No,2040.0
4150,1207,2025-12-30,3,3,2,3,No,2040.0
4157,1210,2024-11-13,3,1,2,2,No,1035.0
4156,1210,2025-11-12,3,1,1,1,No,1035.0
4162,1211,2021-12-18,3,1,3,4,No,1391.0
4161,1211,2022-12-12,3,1,3,4,Yes,1391.0
4160,1211,2023-12-17,3,1,4,3,No,1391.0
4159,1211,2024-12-24,3,1,3,4,Yes,1391.0
4158,1211,2025-12-24,3,1,3,3,No,1391.0
4163,1212,2025-12-25,3,2,2,3,No,2056.0
4166,1215,2023-12-20,3,2,4,4,No,787.0
4165,1215,2024-12-29,3,1,3,2,No,787.0
4164,1215,2025-12-15,4,1,4,3,No,787.0
4172,1216,2020-12-14,3,2,4,3,No,575.0
4171,1216,2021-12-26,3,1,4,4,No,575.0
4170,1216,2022-12-28,3,1,4,2,No,575.0
4169,1216,2023-12-23,3,1,3,2,No,575.0
4168,1216,2024-12-29,3,2,4,2,No,575.0
4167,1216,2025-12-15,3,1,4,3,No,575.0
4177,1217,2021-12-21,3,2,4,4,No,1770.0
4176,1217,2022-12-27,3,1,4,2,No,1770.0
4175,1217,2023-12-30,3,2,4,3,No,1770.0
4174,1217,2024-12-26,3,3,3,4,No,1770.0
4173,1217,2025-12-15,3,2,4,3,No,1770.0
4183,1218,2020-12-26,3,2,3,3,No,1070.0
4182,1218,2021-12-20,3,1,4,2,Yes,1070.0
4181,1218,2022-12-29,3,1,4,2,Yes,1070.0
4180,1218,2023-12-16,3,1,3,3,No,1070.0
4179,1218,2024-12-13,3,2,2,2,No,1070.0
4178,1218,2025-12-28,3,1,3,3,Yes,1070.0
4185,1219,2024-10-14,3,3,4,1,No,1666.0
4184,1219,2025-10-09,3,2,4,1,No,1666.0
4191,1220,2020-12-20,3,3,1,1,No,1050.0
4190,1220,2021-12-27,3,4,2,2,Yes,1050.0
4189,1220,2022-12-13,3,4,2,1,No,1050.0
4188,1220,2024-01-01,3,2,2,3,Yes,1050.0
4187,1220,2024-12-19,3,2,2,3,No,1050.0
4186,1220,2025-12-26,3,3,2,2,No,1050.0
4197,1221,2020-12-21,3,4,3,3,No,1250.0
4196,1221,2021-12-11,3,3,3,3,No,1250.0
4195,1221,2022-12-17,3,3,2,2,Yes,1250.0
4194,1221,2023-12-19,3,4,2,2,No,1250.0
4193,1221,2024-12-16,3,4,2,3,No,1250.0
4192,1221,2025-12-17,3,3,3,3,No,1250.0
4203,1224,2020-12-14,3,4,3,3,No,1608.0
4202,1224,2021-12-14,3,2,4,2,No,1608.0
4201,1224,2023-01-01,3,4,3,3,No,1608.0
4200,1224,2023-12-12,3,3,2,1,No,1608.0
4199,1224,2024-12-19,3,4,4,1,No,1608.0
4198,1224,2025-12-16,3,3,3,2,No,1608.0
4209,1225,2020-12-21,4,4,4,4,No,1941.0
4208,1225,2021-12-15,4,4,4,3,No,1941.0
4207,1225,2022-12-23,4,3,4,2,No,1941.0
4206,1225,2024-01-01,4,3,3,2,Yes,1941.0
4205,1225,2024-12-14,4,3,4,4,No,1941.0
4204,1225,2025-12-12,4,4,4,3,No,1941.0
4212,1226,2023-12-23,3,3,3,2,Yes,302.0
4211,1226,2024-12-31,3,3,2,4,No,302.0
4210,1226,2025-12-24,3,4,3,3,No,302.0
4218,1228,2020-12-18,3,4,3,1,Yes,2034.0
4217,1228,2021-12-23,3,3,4,3,No,2034.0
4216,1228,2022-12-18,3,4,4,2,No,2034.0
4215,1228,2023-12-22,3,4,3,3,No,2034.0
4214,1228,2024-12-19,3,3,4,3,No,2034.0
4213,1228,2025-12-14,3,4,4,2,No,2034.0
4223,1231,2021-12-29,3,1,3,4,No,1744.0
4222,1231,2022-12-20,3,2,4,3,No,1744.0
4221,1231,2023-12-22,3,2,4,4,No,1744.0
4220,1231,2024-12-27,3,1,4,4,No,1744.0
4219,1231,2025-12-28,3,1,4,4,No,1744.0
4229,1233,2020-12-14,3,3,1,2,No,1167.0
4228,1233,2021-12-30,3,3,2,3,No,1167.0
4227,1233,2022-12-17,3,4,3,4,Yes,1167.0
4226,1233,2023-12-31,3,4,2,4,Yes,1167.0
4225,1233,2024-12-23,3,3,3,3,No,1167.0
4224,1233,2025-12-11,3,4,2,3,Yes,1167.0
4232,1234,2023-12-23,4,3,4,2,Yes,815.0
4231,1234,2024-12-13,3,3,2,2,Yes,815.0
4230,1234,2025-12-16,4,2,3,3,No,815.0
4238,1235,2020-12-16,3,3,3,4,No,1789.0
4237,1235,2021-12-13,3,4,4,4,No,1789.0
4236,1235,2022-12-30,3,3,4,4,No,1789.0
4235,1235,2023-12-29,3,4,4,2,Yes,1789.0
4234,1235,2024-12-26,3,2,4,3,No,1789.0
4233,1235,2025-12-25,3,3,4,3,Yes,1789.0
4244,1237,2020-12-17,3,1,2,2,No,1367.0
4243,1237,2021-12-19,3,1,4,4,Yes,1367.0
4242,1237,2022-12-12,4,1,2,3,Yes,1367.0
4241,1237,2023-12-12,3,1,4,3,Yes,1367.0
4240,1237,2024-12-30,4,2,2,3,No,1367.0
4239,1237,2025-12-19,4,1,3,3,Yes,1367.0
4250,1238,2020-12-15,3,3,2,2,Yes,901.0
4249,1238,2021-12-18,3,4,2,2,No,901.0
4248,1238,2022-12-12,3,3,1,3,No,901.0
4247,1238,2023-12-29,3,4,1,4,No,901.0
4246,1238,2024-12-22,3,4,1,4,No,901.0
4245,1238,2025-12-14,3,4,1,3,No,901.0
4256,1239,2020-12-17,3,1,1,3,No,2056.0
4255,1239,2021-12-31,3,3,2,4,No,2056.0
4254,1239,2022-12-27,3,3,1,4,No,2056.0
4253,1239,2023-12-22,3,3,1,3,No,2056.0
4252,1239,2024-12-19,3,2,2,3,No,2056.0
4251,1239,2025-12-15,3,2,2,4,No,2056.0
4261,1240,2021-12-14,3,3,4,2,Yes,840.0
4260,1240,2022-12-17,3,4,2,3,No,840.0
4259,1240,2023-12-18,3,4,4,2,Yes,840.0
4258,1240,2024-12-19,3,3,4,4,No,840.0
4257,1240,2025-12-25,3,4,3,3,No,840.0
4267,1241,2020-12-23,4,1,4,4,No,1539.0
4266,1241,2021-12-16,4,1,4,3,No,1539.0
4265,1241,2022-12-23,4,3,4,3,No,1539.0
4264,1241,2023-12-28,4,3,3,4,Yes,1539.0
4263,1241,2024-12-30,3,2,4,4,Yes,1539.0
4262,1241,2025-12-25,4,2,4,3,Yes,1539.0
4269,1242,2024-12-21,3,1,1,3,No,396.0
4268,1242,2025-12-16,3,1,1,3,Yes,396.0
4275,1243,2020-12-13,3,4,4,2,Yes,1863.0
4274,1243,2021-12-18,3,4,2,1,Yes,1863.0
4273,1243,2022-12-26,3,3,3,1,No,1863.0
4272,1243,2023-12-22,3,3,3,3,Yes,1863.0
4271,1243,2024-12-25,3,4,2,2,Yes,1863.0
4270,1243,2025-12-15,3,4,3,2,Yes,1863.0
4281,1244,2020-12-12,3,1,2,1,No,520.0
4280,1244,2021-12-14,3,1,1,1,No,520.0
4279,1244,2022-12-31,3,2,1,2,Yes,520.0
4278,1244,2023-12-15,3,2,1,2,No,520.0
4277,1244,2024-12-22,3,1,1,3,No,520.0
4276,1244,2025-12-27,3,1,1,2,Yes,520.0
4287,1245,2020-12-25,3,3,4,1,No,867.0
4286,1245,2021-12-13,3,3,3,1,Yes,867.0
4285,1245,2022-12-23,3,4,3,1,No,867.0
4284,1245,2023-12-26,3,3,4,1,Yes,867.0
4283,1245,2024-12-11,3,2,3,1,No,867.0
4282,1245,2025-12-11,3,3,4,1,No,867.0
4293,1246,2020-12-26,3,4,1,3,No,999.0
4292,1246,2021-12-16,3,4,2,2,No,999.0
4291,1246,2022-12-15,3,3,2,4,No,999.0
4290,1246,2023-12-18,3,4,1,2,No,999.0
4289,1246,2024-12-11,3,4,1,4,No,999.0
4288,1246,2025-12-16,3,4,1,3,No,999.0
4295,1248,2024-08-05,4,2,2,3,No,612.0
4294,1248,2025-08-22,4,2,1,4,Yes,612.0
4299,1249,2022-12-14,3,3,1,4,No,1443.0
4298,1249,2023-12-28,3,4,2,3,No,1443.0
4297,1249,2024-12-27,3,3,1,3,No,1443.0
4296,1249,2025-12-15,3,4,1,3,No,1443.0
4305,1250,2020-12-26,3,3,4,3,No,162.0
4304,1250,2021-12-19,3,4,3,2,No,162.0
4303,1250,2022-12-14,3,4,3,3,No,162.0
4302,1250,2023-12-25,3,4,3,3,No,162.0
4301,1250,2024-12-11,3,3,4,2,Yes,162.0
4300,1250,2025-12-11,3,4,4,3,No,162.0
4311,1251,2020-12-17,3,1,4,2,No,165.0
4310,1251,2021-12-15,3,1,4,1,Yes,165.0
4309,1251,2022-12-24,3,2,4,1,Yes,165.0
4308,1251,2023-12-31,3,2,3,2,Yes,165.0
4307,1251,2024-12-20,3,1,2,1,No,165.0
4306,1251,2025-12-11,3,1,3,2,Yes,165.0
4317,1252,2020-12-28,3,2,2,2,Yes,165.0
4316,1252,2021-12-12,3,1,4,2,No,165.0
4315,1252,2022-12-13,3,1,2,2,No,165.0
4314,1252,2023-12-18,3,2,3,3,Yes,165.0
4313,1252,2024-12-16,3,1,3,2,No,165.0
4312,1252,2025-12-31,3,1,3,3,No,165.0
4323,1254,2020-12-14,3,4,2,4,No,1167.0
4322,1254,2021-12-14,3,4,2,4,Yes,1167.0
4321,1254,2023-01-01,3,4,4,4,No,1167.0
4320,1254,2023-12-14,3,3,2,2,Yes,1167.0
4319,1254,2024-12-24,3,4,4,2,No,1167.0
4318,1254,2025-12-25,3,4,3,3,No,1167.0
4329,1255,2020-12-16,3,3,3,4,No,1770.0
4328,1255,2021-12-28,3,4,4,4,No,1770.0
4327,1255,2022-12-17,3,4,4,4,No,1770.0
4326,1255,2023-12-23,3,4,3,2,No,1770.0
4325,1255,2024-12-26,3,4,4,3,No,1770.0
4324,1255,2025-12-24,3,4,3,3,No,1770.0
4331,1256,2024-12-28,3,4,1,4,No,140.0
4330,1256,2025-12-19,3,3,1,4,No,140.0
4337,1257,2020-12-22,3,3,3,1,No,1250.0
4336,1257,2021-12-25,3,1,2,3,No,1250.0
4335,1257,2022-12-28,3,2,2,3,No,1250.0
4334,1257,2023-12-16,3,2,4,1,No,1250.0
4333,1257,2024-12-13,3,1,2,2,No,1250.0
4332,1257,2025-12-15,3,2,3,2,No,1250.0
4339,1258,2024-12-31,3,3,4,2,No,58.0
4338,1258,2025-12-27,3,2,4,2,No,58.0
4345,1259,2020-12-29,3,4,1,4,No,520.0
4344,1259,2021-12-17,3,3,1,4,Yes,520.0
4343,1259,2022-12-28,3,2,1,2,No,520.0
4342,1259,2023-12-12,3,2,2,4,No,520.0
4341,1259,2024-12-19,3,4,1,2,No,520.0
4340,1259,2025-12-22,3,3,1,3,No,520.0
4351,1260,2020-12-14,3,4,3,3,No,165.0
4350,1260,2021-12-24,3,3,3,4,No,165.0
4349,1260,2022-12-25,3,3,3,3,Yes,165.0
4348,1260,2023-12-26,3,3,2,4,Yes,165.0
4347,1260,2024-12-25,3,4,3,2,Yes,165.0
4346,1260,2025-12-12,3,4,3,3,Yes,165.0
4353,1263,2024-12-14,3,3,3,4,No,254.0
4352,1263,2025-12-31,3,4,4,4,No,254.0
4359,1264,2020-12-30,3,4,3,3,No,385.0
4358,1264,2021-12-27,3,3,3,3,No,385.0
4357,1264,2022-12-21,3,4,4,2,No,385.0
4356,1264,2023-12-26,3,4,4,1,No,385.0
4355,1264,2024-12-28,3,4,4,1,No,385.0
4354,1264,2025-12-11,3,4,4,2,No,385.0
4361,1265,2024-12-19,3,3,2,2,No,386.0
4360,1265,2025-12-31,3,3,3,2,No,386.0
4367,1267,2020-12-23,3,1,3,4,Yes,140.0
4366,1267,2021-12-15,3,2,3,2,No,140.0
4365,1267,2022-12-30,3,2,1,4,No,140.0
4364,1267,2023-12-28,3,3,3,2,No,140.0
4363,1267,2024-12-15,3,1,2,3,No,140.0
4362,1267,2025-12-18,3,2,2,3,No,140.0
4373,1268,2020-12-17,3,4,4,3,Yes,1863.0
4372,1268,2021-12-15,3,2,4,2,Yes,1863.0
4371,1268,2022-12-22,3,4,4,4,No,1863.0
4370,1268,2023-12-16,3,4,4,2,Yes,1863.0
4369,1268,2024-12-16,3,3,4,4,No,1863.0
4368,1268,2025-12-16,3,3,4,3,Yes,1863.0
4375,1269,2024-12-15,3,4,2,4,Yes,612.0
4374,1269,2025-12-19,3,4,2,3,Yes,612.0
4377,1270,2024-12-30,4,2,4,2,No,468.0
4376,1270,2025-12-20,4,3,4,3,No,468.0
4379,1273,2023-08-05,3,4,4,4,No,1732.0
4378,1273,2024-08-22,3,4,3,3,Yes,1732.0
4385,1275,2020-12-11,4,4,3,1,No,843.0
4384,1275,2021-12-29,4,3,4,3,No,843.0
4383,1275,2022-12-27,3,4,2,2,No,843.0
4382,1275,2023-12-23,4,3,3,2,Yes,843.0
4381,1275,2024-12-20,4,4,4,2,Yes,843.0
4380,1275,2025-12-18,4,4,3,2,Yes,843.0
4391,1277,2019-07-07,3,2,1,4,No,140.0
4390,1277,2020-07-19,3,2,1,2,No,140.0
4389,1277,2021-07-23,3,3,1,3,Yes,140.0
4388,1277,2022-07-08,3,1,1,2,Yes,140.0
4387,1277,2023-07-07,3,1,1,3,Yes,140.0
4386,1277,2024-07-17,3,2,1,3,Yes,140.0
4397,1278,2020-12-20,3,1,4,2,Yes,762.0
4396,1278,2021-12-13,3,3,4,2,No,762.0
4395,1278,2022-12-19,3,2,4,2,Yes,762.0
4394,1278,2024-01-01,3,3,3,3,Yes,762.0
4393,1278,2024-12-23,3,1,3,4,Yes,762.0
4392,1278,2025-12-20,3,2,4,3,Yes,762.0
4400,1279,2023-10-20,3,2,2,1,No,612.0
4399,1279,2024-10-09,4,4,1,2,No,612.0
4398,1279,2025-10-19,4,3,1,1,No,612.0
4406,1280,2020-12-21,3,3,3,3,Yes,140.0
4405,1280,2021-12-19,3,2,4,2,No,140.0
4404,1280,2022-12-15,3,3,4,3,No,140.0
4403,1280,2023-12-26,3,2,3,2,No,140.0
4402,1280,2024-12-12,3,1,4,4,Yes,140.0
4401,1280,2025-12-14,3,2,4,3,No,140.0
4410,1281,2022-12-18,3,1,2,2,No,862.0
4409,1281,2023-12-30,3,1,3,3,Yes,862.0
4408,1281,2024-12-25,3,1,2,4,No,862.0
4407,1281,2025-12-23,3,1,3,3,Yes,862.0
4416,1282,2020-12-16,4,1,4,2,No,140.0
4415,1282,2021-12-14,3,2,3,1,No,140.0
4414,1282,2022-12-19,4,3,4,1,No,140.0
4413,1282,2023-12-17,3,3,3,1,Yes,140.0
4412,1282,2024-12-28,3,3,3,2,No,140.0
4411,1282,2025-12-22,4,2,4,2,Yes,140.0
4422,1283,2020-12-22,3,4,3,2,No,1775.0
4421,1283,2021-12-18,3,4,4,2,No,1775.0
4420,1283,2022-12-27,3,3,4,1,No,1775.0
4419,1283,2023-12-29,3,4,4,3,No,1775.0
4418,1283,2024-12-20,3,3,3,1,Yes,1775.0
4417,1283,2025-12-27,3,4,4,2,No,1775.0
4428,1285,2020-12-18,3,1,3,4,No,1069.0
4427,1285,2021-12-12,3,2,4,4,No,1069.0
4426,1285,2022-12-17,3,1,3,3,Yes,1069.0
4425,1285,2023-12-25,3,2,3,3,Yes,1069.0
4424,1285,2024-12-15,3,3,3,4,No,1069.0
4423,1285,2025-12-12,3,2,3,4,No,1069.0
4433,1286,2021-12-17,3,2,4,2,No,575.0
4432,1286,2022-12-21,3,3,3,1,No,575.0
4431,1286,2023-12-16,3,3,4,3,Yes,575.0
4430,1286,2024-12-14,3,4,3,3,Yes,575.0
4429,1286,2025-12-15,3,3,4,2,Yes,575.0
4439,1288,2020-12-28,3,1,2,2,Yes,140.0
4438,1288,2021-12-18,3,1,2,3,No,140.0
4437,1288,2022-12-25,3,1,2,2,No,140.0
4436,1288,2024-01-01,3,2,3,2,No,140.0
4435,1288,2024-12-22,3,1,3,2,No,140.0
4434,1288,2025-12-11,3,1,3,2,No,140.0
4445,1289,2020-12-31,3,1,4,4,No,1744.0
4444,1289,2021-12-29,3,1,2,4,No,1744.0
4443,1289,2022-12-18,3,2,2,3,No,1744.0
4442,1289,2023-12-14,3,1,4,4,Yes,1744.0
4441,1289,2024-12-31,3,1,4,3,No,1744.0
4440,1289,2025-12-30,3,2,3,4,No,1744.0
4449,1291,2022-12-19,3,3,2,3,Yes,1422.0
4448,1291,2024-01-01,3,3,3,3,Yes,1422.0
4447,1291,2024-12-12,3,3,3,3,Yes,1422.0
4446,1291,2025-12-11,3,3,3,3,Yes,1422.0
4451,1292,2024-12-29,3,1,3,3,No,1263.0
4450,1292,2025-12-28,3,2,2,3,Yes,1263.0
4457,1293,2020-12-31,3,3,4,4,No,1716.0
4456,1293,2021-12-27,3,4,4,4,No,1716.0
4455,1293,2022-12-30,3,3,3,4,Yes,1716.0
4454,1293,2023-12-31,3,4,4,3,No,1716.0
4453,1293,2024-12-12,3,3,4,4,No,1716.0
4452,1293,2025-12-22,3,4,4,4,No,1716.0
4463,1294,2020-12-17,3,3,4,2,Yes,1026.0
4462,1294,2021-12-20,3,3,3,2,Yes,1026.0
4461,1294,2022-12-22,3,1,2,3,Yes,1026.0
4460,1294,2023-12-25,3,2,3,2,No,1026.0
4459,1294,2024-12-26,3,3,2,3,Yes,1026.0
4458,1294,2025-12-22,3,2,3,3,Yes,1026.0
4469,1295,2020-03-17,3,4,2,4,Yes,1606.0
4468,1295,2021-02-27,3,3,2,4,No,1606.0
4467,1295,2022-03-04,3,4,2,4,No,1606.0
4466,1295,2023-03-10,3,4,1,3,No,1606.0
4465,1295,2024-03-02,3,4,1,4,No,1606.0
4464,1295,2025-03-13,3,4,1,3,No,1606.0
4472,1296,2023-12-30,3,3,4,4,Yes,575.0
4471,1296,2024-12-14,3,4,3,2,Yes,575.0
4470,1296,2025-12-17,3,4,4,3,Yes,575.0
4478,1297,2020-12-20,3,2,1,3,No,58.0
4477,1297,2021-12-21,3,3,3,2,No,58.0
4476,1297,2022-12-31,3,2,1,3,No,58.0
4475,1297,2023-12-30,3,2,3,2,No,58.0
4474,1297,2024-12-12,3,4,2,1,No,58.0
4473,1297,2025-12-20,3,3,2,2,No,58.0
4484,1298,2020-12-21,3,2,4,3,No,1360.0
4483,1298,2021-12-11,3,2,2,3,No,1360.0
4482,1298,2022-12-19,3,2,2,2,Yes,1360.0
4481,1298,2023-12-25,3,4,3,3,No,1360.0
4480,1298,2024-12-27,3,2,2,2,Yes,1360.0
4479,1298,2025-12-23,3,3,3,3,Yes,1360.0
4490,1299,2019-04-30,3,2,3,3,No,1443.0
4489,1299,2020-04-26,3,3,2,4,No,1443.0
4488,1299,2021-04-23,3,4,2,4,Yes,1443.0
4487,1299,2022-04-20,3,3,3,4,No,1443.0
4486,1299,2023-05-02,3,3,3,4,Yes,1443.0
4485,1299,2024-05-02,3,3,2,3,Yes,1443.0
4494,1301,2022-12-25,3,1,3,1,Yes,575.0
4493,1301,2023-12-30,3,1,4,1,No,575.0
4492,1301,2024-12-12,3,1,4,2,No,575.0
4491,1301,2025-12-28,3,1,4,2,No,575.0
4497,1303,2023-12-27,3,1,4,1,No,1666.0
4496,1303,2024-12-23,3,1,3,1,No,1666.0
4495,1303,2025-12-14,3,2,4,2,No,1666.0
4503,1304,2020-12-14,3,3,4,4,No,1968.0
4502,1304,2021-12-20,3,3,2,4,No,1968.0
4501,1304,2022-12-29,3,4,2,4,No,1968.0
4500,1304,2023-12-14,3,4,4,3,No,1968.0
4499,1304,2024-12-19,3,4,3,4,No,1968.0
4498,1304,2025-12-31,3,4,3,4,No,1968.0
4504,1306,2025-12-16,4,2,2,3,No,140.0
4510,1307,2020-12-20,3,1,4,4,Yes,1578.0
4509,1307,2021-12-12,3,1,4,3,Yes,1578.0
4508,1307,2022-12-30,3,2,3,2,Yes,1578.0
4507,1307,2023-12-29,3,3,4,2,Yes,1578.0
4506,1307,2024-12-28,3,1,2,3,No,1578.0
4505,1307,2025-12-20,3,2,3,3,Yes,1578.0
4513,1308,2023-12-27,3,3,1,2,Yes,1255.0
4512,1308,2024-12-13,3,3,1,2,No,1255.0
4511,1308,2025-12-13,3,3,1,3,No,1255.0
4519,1309,2020-01-25,3,4,4,2,No,1789.0
4518,1309,2021-01-20,3,4,3,2,No,1789.0
4517,1309,2022-01-17,3,2,4,4,No,1789.0
4516,1309,2023-01-28,3,4,4,2,No,1789.0
4515,1309,2024-01-18,3,2,4,2,Yes,1789.0
4514,1309,2025-01-11,3,3,4,3,No,1789.0
4525,1310,2020-06-11,3,1,2,3,No,1128.0
4524,1310,2021-06-14,3,1,4,3,No,1128.0
4523,1310,2022-05-30,3,1,2,3,No,1128.0
4522,1310,2023-06-16,3,1,2,3,No,1128.0
4521,1310,2024-06-09,3,2,4,3,Yes,1128.0
4520,1310,2025-05-29,3,1,3,3,No,1128.0
4531,1311,2020-12-27,3,3,2,2,No,1608.0
4530,1311,2021-12-30,3,4,1,2,No,1608.0
4529,1311,2022-12-31,3,3,1,3,Yes,1608.0
4528,1311,2023-12-20,3,4,2,3,Yes,1608.0
4527,1311,2024-12-25,3,4,1,4,No,1608.0
4526,1311,2025-12-18,3,4,1,3,No,1608.0
4537,1312,2020-12-23,3,2,3,2,No,431.0
4536,1312,2021-12-16,3,2,3,3,No,431.0
4535,1312,2022-12-19,3,4,4,2,Yes,431.0
4534,1312,2023-12-13,3,2,4,3,No,431.0
4533,1312,2024-12-29,3,3,4,4,No,431.0
4532,1312,2025-12-18,3,3,4,3,No,431.0
4543,1314,2020-12-22,3,1,4,4,No,1098.0
4542,1314,2021-12-29,3,1,3,4,No,1098.0
4541,1314,2022-12-15,3,2,3,4,No,1098.0
4540,1314,2023-12-27,3,1,3,4,No,1098.0
4539,1314,2024-12-19,3,1,3,4,Yes,1098.0
4538,1314,2025-12-14,3,1,4,4,No,1098.0
4549,1315,2020-12-19,3,4,4,4,No,1608.0
4548,1315,2021-12-14,3,4,4,3,No,1608.0
4547,1315,2022-12-12,3,4,2,2,Yes,1608.0
4546,1315,2023-12-13,3,3,2,2,No,1608.0
4545,1315,2024-12-23,3,4,2,2,No,1608.0
4544,1315,2025-12-14,3,4,3,3,No,1608.0
4553,1317,2022-12-15,3,2,4,2,Yes,80.0
4552,1317,2023-12-16,3,1,4,2,Yes,80.0
4551,1317,2024-12-13,3,2,4,3,Yes,80.0
4550,1317,2025-12-22,3,1,4,3,Yes,80.0
4559,1318,2019-09-07,3,1,4,3,No,1716.0
4558,1318,2020-08-24,3,1,4,4,Yes,1716.0
4557,1318,2021-08-31,3,1,3,2,Yes,1716.0
4556,1318,2022-08-19,3,1,4,4,Yes,1716.0
4555,1318,2023-08-20,3,3,3,3,Yes,1716.0
4554,1318,2024-09-05,3,2,4,3,Yes,1716.0
4565,1319,2019-07-14,3,1,1,3,No,897.0
4564,1319,2020-07-09,3,3,2,3,Yes,897.0
4563,1319,2021-07-18,3,3,3,3,No,897.0
4562,1319,2022-07-27,3,1,2,3,Yes,897.0
4561,1319,2023-07-25,3,2,2,1,No,897.0
4560,1319,2024-07-12,3,2,2,2,Yes,897.0
4571,1321,2020-12-29,4,1,2,4,No,1973.0
4570,1321,2021-12-31,3,2,2,2,Yes,1973.0
4569,1321,2022-12-20,4,2,1,2,No,1973.0
4568,1321,2023-12-24,3,1,2,3,No,1973.0
4567,1321,2024-12-15,4,1,1,4,No,1973.0
4566,1321,2025-12-13,4,1,2,3,Yes,1973.0
4577,1322,2020-12-27,3,4,2,2,No,601.0
4576,1322,2021-12-16,3,4,1,3,No,601.0
4575,1322,2022-12-28,3,2,2,4,No,601.0
4574,1322,2023-12-15,3,2,2,2,No,601.0
4573,1322,2024-12-13,3,4,1,4,No,601.0
4572,1322,2025-12-28,3,3,1,3,No,601.0
4583,1324,2020-12-11,3,2,4,2,Yes,1039.0
4582,1324,2021-12-24,3,2,3,1,No,1039.0
4581,1324,2022-12-23,3,3,4,1,Yes,1039.0
4580,1324,2023-12-24,3,3,4,2,No,1039.0
4579,1324,2024-12-30,3,2,3,1,Yes,1039.0
4578,1324,2025-12-31,3,3,4,2,Yes,1039.0
4589,1329,2020-12-14,3,1,2,2,No,2056.0
4588,1329,2021-12-31,3,2,2,4,No,2056.0
4587,1329,2022-12-12,3,3,4,4,Yes,2056.0
4586,1329,2023-12-21,3,2,3,2,No,2056.0
4585,1329,2024-12-26,3,1,3,2,No,2056.0
4584,1329,2025-12-17,3,2,3,3,No,2056.0
4593,1331,2021-02-22,3,3,4,4,Yes,1457.0
4592,1331,2022-02-17,3,3,4,4,No,1457.0
4591,1331,2023-02-12,3,1,4,4,Yes,1457.0
4590,1331,2024-02-17,3,2,4,4,Yes,1457.0
4597,1333,2022-07-16,3,2,2,4,Yes,999.0
4596,1333,2023-07-18,3,1,1,4,No,999.0
4595,1333,2024-07-10,3,1,1,4,No,999.0
4594,1333,2025-07-04,3,1,1,4,No,999.0
4603,1334,2020-12-28,3,2,4,1,No,1336.0
4602,1334,2021-12-18,3,2,4,3,Yes,1336.0
4601,1334,2022-12-12,3,3,4,3,No,1336.0
4600,1334,2023-12-13,3,2,3,2,No,1336.0
4599,1334,2024-12-17,3,3,3,2,Yes,1336.0
4598,1334,2025-12-13,3,3,3,2,Yes,1336.0
4609,1336,2020-12-30,3,4,3,2,No,549.0
4608,1336,2021-12-15,3,2,4,3,Yes,549.0
4607,1336,2022-12-23,3,3,4,3,Yes,549.0
4606,1336,2023-12-23,3,4,4,2,No,549.0
4605,1336,2024-12-13,3,4,3,3,No,549.0
4604,1336,2025-12-31,3,3,4,3,No,549.0
4615,1338,2020-12-12,3,2,4,4,No,549.0
4614,1338,2021-12-31,3,1,4,3,No,549.0
4613,1338,2022-12-30,3,2,4,4,No,549.0
4612,1338,2024-01-01,3,3,3,4,No,549.0
4611,1338,2024-12-30,3,2,3,4,No,549.0
4610,1338,2025-12-16,3,2,4,3,No,549.0
4620,1340,2021-12-21,3,2,2,4,Yes,352.0
4619,1340,2022-12-28,3,3,2,4,Yes,352.0
4618,1340,2023-12-26,3,2,4,3,No,352.0
4617,1340,2024-12-29,3,2,3,4,No,352.0
4616,1340,2025-12-12,3,3,3,3,No,352.0
4626,1344,2020-12-12,3,3,4,2,Yes,431.0
4625,1344,2021-12-17,3,4,4,1,No,431.0
4624,1344,2022-12-28,3,4,4,2,Yes,431.0
4623,1344,2024-01-01,3,4,4,1,No,431.0
4622,1344,2024-12-21,3,4,4,2,Yes,431.0
4621,1344,2025-12-30,3,4,4,2,No,431.0
4632,1346,2020-12-22,3,3,3,3,No,1263.0
4631,1346,2021-12-27,3,4,3,3,Yes,1263.0
4630,1346,2022-12-29,3,3,3,3,No,1263.0
4629,1346,2024-01-01,3,4,4,4,No,1263.0
4628,1346,2024-12-16,3,4,4,4,No,1263.0
4627,1346,2025-12-25,3,4,3,3,No,1263.0
4638,1349,2020-12-20,3,2,4,4,No,2056.0
4637,1349,2021-12-28,3,1,2,2,No,2056.0
4636,1349,2022-12-26,3,1,2,4,No,2056.0
4635,1349,2023-12-19,3,2,2,4,Yes,2056.0
4634,1349,2024-12-13,3,1,4,3,No,2056.0
4633,1349,2025-12-19,3,1,3,3,No,2056.0
4644,1350,2020-12-17,3,4,4,4,No,1069.0
4643,1350,2021-12-22,3,4,4,2,No,1069.0
4642,1350,2022-12-14,3,2,2,4,Yes,1069.0
4641,1350,2023-12-25,3,3,4,2,Yes,1069.0
4640,1350,2024-12-31,3,4,3,3,Yes,1069.0
4639,1350,2025-12-18,3,3,3,3,Yes,1069.0
4650,1352,2020-12-27,3,1,4,2,No,787.0
4649,1352,2021-12-25,3,2,3,3,Yes,787.0
4648,1352,2022-12-12,3,3,3,4,No,787.0
4647,1352,2023-12-18,3,1,3,3,Yes,787.0
4646,1352,2024-12-29,3,1,3,2,Yes,787.0
4645,1352,2025-12-29,3,2,3,3,Yes,787.0
4656,1355,2020-12-11,3,1,3,3,No,573.0
4655,1355,2021-12-27,3,1,2,3,No,573.0
4654,1355,2022-12-27,3,1,2,2,No,573.0
4653,1355,2023-12-15,3,2,2,4,No,573.0
4652,1355,2024-12-21,3,1,3,4,No,573.0
4651,1355,2025-12-20,3,1,2,3,No,573.0
4662,1356,2020-12-14,3,1,2,4,Yes,862.0
4661,1356,2021-12-24,3,1,3,4,Yes,862.0
4660,1356,2022-12-16,3,1,4,4,Yes,862.0
4659,1356,2023-12-22,3,1,4,3,No,862.0
4658,1356,2024-12-26,3,2,4,3,No,862.0
4657,1356,2025-12-12,3,1,3,4,No,862.0
4665,1358,2023-12-14,3,4,4,2,No,1666.0
4664,1358,2024-12-17,3,4,4,2,No,1666.0
4663,1358,2025-12-29,3,4,4,2,No,1666.0
4671,1360,2019-12-18,3,1,4,2,Yes,1775.0
4670,1360,2020-12-23,3,1,2,2,No,1775.0
4669,1360,2021-12-12,3,2,3,3,No,1775.0
4668,1360,2022-12-13,3,1,3,3,Yes,1775.0
4667,1360,2023-12-12,3,2,3,1,No,1775.0
4666,1360,2024-12-07,3,1,3,2,Yes,1775.0
4676,1361,2021-12-19,3,3,2,4,No,1128.0
4675,1361,2022-12-15,3,2,1,2,No,1128.0
4674,1361,2023-12-19,4,2,3,3,No,1128.0
4673,1361,2024-12-19,4,3,3,3,Yes,1128.0
4672,1361,2025-12-17,4,2,2,3,No,1128.0
4682,1362,2020-12-29,3,1,2,2,No,81.0
4681,1362,2021-12-20,3,1,1,3,No,81.0
4680,1362,2022-12-25,3,2,1,2,No,81.0
4679,1362,2023-12-30,3,2,1,1,No,81.0
4678,1362,2024-12-21,3,1,1,2,Yes,81.0
4677,1362,2025-12-30,3,1,1,2,No,81.0
4688,1363,2020-12-13,3,4,4,2,No,867.0
4687,1363,2021-12-12,3,4,3,3,Yes,867.0
4686,1363,2022-12-15,3,4,3,4,Yes,867.0
4685,1363,2023-12-29,3,4,3,4,No,867.0
4684,1363,2024-12-17,3,4,3,2,No,867.0
4683,1363,2025-12-27,3,4,4,3,No,867.0
4690,1364,2024-12-14,3,4,2,3,No,1732.0
4689,1364,2025-12-23,3,4,3,3,No,1732.0
4696,1367,2020-12-17,3,1,4,3,No,1373.0
4695,1367,2021-12-22,3,3,3,3,No,1373.0
4694,1367,2022-12-13,3,3,4,1,No,1373.0
4693,1367,2023-12-20,3,3,4,1,No,1373.0
4692,1367,2024-12-23,3,1,3,2,Yes,1373.0
4691,1367,2025-12-15,3,2,4,2,No,1373.0
4697,1368,2025-12-31,3,4,4,4,No,612.0
4703,1369,2020-12-29,3,4,4,3,No,1069.0
4702,1369,2021-12-24,3,3,3,2,No,1069.0
4701,1369,2022-12-16,3,4,4,2,No,1069.0
4700,1369,2023-12-27,3,3,4,2,No,1069.0
4699,1369,2024-12-14,3,4,4,3,Yes,1069.0
4698,1369,2025-12-19,3,4,4,3,No,1069.0
4709,1371,2020-12-28,4,3,4,4,No,2055.0
4708,1371,2021-12-14,4,4,4,4,No,2055.0
4707,1371,2022-12-24,4,4,3,2,No,2055.0
4706,1371,2023-12-18,3,4,4,2,No,2055.0
4705,1371,2024-12-21,3,3,4,4,No,2055.0
4704,1371,2025-12-30,4,4,4,3,No,2055.0
4715,1372,2020-12-18,3,2,2,3,Yes,131.0
4714,1372,2021-12-09,3,4,1,3,Yes,131.0
4713,1372,2022-12-11,3,4,1,2,No,131.0
4712,1372,2023-12-16,3,3,1,1,Yes,131.0
4711,1372,2024-12-09,3,2,1,2,No,131.0
4710,1372,2025-12-06,3,3,1,2,Yes,131.0
4721,1373,2020-12-16,3,1,4,4,No,1032.0
4720,1373,2021-12-24,3,2,4,3,No,1032.0
4719,1373,2022-12-13,3,2,3,4,No,1032.0
4718,1373,2023-12-12,3,1,4,4,No,1032.0
4717,1373,2024-12-26,3,2,3,4,No,1032.0
4716,1373,2025-12-18,3,2,4,3,Yes,1032.0
4727,1374,2020-12-14,3,4,1,2,Yes,386.0
4726,1374,2021-12-12,3,4,1,4,No,386.0
4725,1374,2022-12-12,4,4,1,3,Yes,386.0
4724,1374,2023-12-29,4,3,1,3,No,386.0
4723,1374,2024-12-26,4,3,2,4,Yes,386.0
4722,1374,2025-12-16,4,3,1,3,No,386.0
4733,1375,2020-12-27,4,3,1,3,No,119.0
4732,1375,2021-12-30,3,3,2,2,No,119.0
4731,1375,2022-12-28,4,3,1,2,No,119.0
4730,1375,2023-12-30,3,4,1,4,No,119.0
4729,1375,2024-12-12,3,4,3,3,No,119.0
4728,1375,2025-12-20,4,3,2,3,No,119.0
4739,1377,2020-12-22,3,2,1,4,No,1069.0
4738,1377,2021-12-15,3,3,1,2,Yes,1069.0
4737,1377,2022-12-29,3,3,1,3,No,1069.0
4736,1377,2023-12-29,3,3,1,3,No,1069.0
4735,1377,2024-12-13,3,4,3,3,Yes,1069.0
4734,1377,2025-12-27,3,3,2,3,No,1069.0
4741,1379,2024-11-12,3,4,3,4,No,1457.0
4740,1379,2025-11-01,3,4,3,4,No,1457.0
4746,1380,2021-03-31,3,4,3,1,No,1070.0
4745,1380,2022-04-10,3,2,3,2,No,1070.0
4744,1380,2023-04-12,3,4,4,2,Yes,1070.0
4743,1380,2024-04-04,3,3,4,1,No,1070.0
4742,1380,2025-04-12,3,3,4,2,Yes,1070.0
4751,1382,2021-12-26,3,4,3,2,Yes,1128.0
4750,1382,2022-12-25,3,2,4,4,No,1128.0
4749,1382,2023-12-16,3,2,4,2,No,1128.0
4748,1382,2024-12-28,3,2,3,2,No,1128.0
4747,1382,2025-12-22,3,3,4,3,No,1128.0
4757,1383,2020-12-13,3,4,3,4,No,1697.0
4756,1383,2021-12-25,3,4,2,3,No,1697.0
4755,1383,2022-12-20,3,3,4,4,No,1697.0
4754,1383,2023-12-21,3,3,2,3,No,1697.0
4753,1383,2024-12-19,3,4,4,4,No,1697.0
4752,1383,2025-12-23,3,4,3,4,No,1697.0
4763,1387,2020-12-24,3,2,2,2,Yes,174.0
4762,1387,2021-12-15,3,2,3,4,Yes,174.0
4761,1387,2022-12-17,3,1,4,2,No,174.0
4760,1387,2024-01-01,3,2,3,3,No,174.0
4759,1387,2024-12-30,3,1,4,4,No,174.0
4758,1387,2025-12-14,3,1,3,3,No,174.0
4769,1389,2020-08-30,3,3,4,1,Yes,1283.0
4768,1389,2021-08-28,3,2,3,3,Yes,1283.0
4767,1389,2022-08-16,3,4,4,1,Yes,1283.0
4766,1389,2023-08-19,3,3,3,2,Yes,1283.0
4765,1389,2024-08-22,3,3,4,2,Yes,1283.0
4764,1389,2025-08-22,3,3,4,2,Yes,1283.0
4775,1390,2020-12-31,3,4,1,4,Yes,2056.0
4774,1390,2021-12-29,3,4,2,4,No,2056.0
4773,1390,2022-12-28,3,3,1,4,No,2056.0
4772,1390,2024-01-01,3,3,1,4,No,2056.0
4771,1390,2024-12-28,3,4,2,4,No,2056.0
4770,1390,2025-12-14,3,4,1,4,Yes,2056.0
4779,1391,2022-12-20,3,3,1,4,No,897.0
4778,1391,2023-12-13,3,2,2,2,No,897.0
4777,1391,2024-12-21,3,1,2,2,No,897.0
4776,1391,2025-12-23,3,2,2,3,No,897.0
4785,1392,2020-12-23,3,4,4,2,No,1263.0
4784,1392,2021-12-29,3,4,4,3,Yes,1263.0
4783,1392,2022-12-29,3,4,4,3,No,1263.0
4782,1392,2023-12-21,3,4,3,3,No,1263.0
4781,1392,2024-12-22,3,4,4,2,Yes,1263.0
4780,1392,2025-12-29,3,4,4,2,Yes,1263.0
4791,1394,2020-12-23,3,3,2,4,Yes,1424.0
4790,1394,2021-12-21,3,2,3,3,No,1424.0
4789,1394,2022-12-23,3,4,4,3,Yes,1424.0
4788,1394,2023-12-24,3,2,2,2,Yes,1424.0
4787,1394,2024-12-27,3,2,3,2,No,1424.0
4786,1394,2025-12-15,3,3,3,3,Yes,1424.0
4797,1395,2020-12-23,3,3,2,4,No,1050.0
4796,1395,2021-12-22,3,4,1,4,Yes,1050.0
4795,1395,2022-12-20,3,3,1,4,No,1050.0
4794,1395,2023-12-29,3,3,1,4,Yes,1050.0
4793,1395,2024-12-26,3,4,3,3,No,1050.0
4792,1395,2025-12-22,3,4,2,4,No,1050.0
4801,1396,2022-12-20,3,3,3,2,No,1968.0
4800,1396,2023-12-22,3,3,3,1,Yes,1968.0
4799,1396,2024-12-14,3,3,3,1,No,1968.0
4798,1396,2025-12-11,3,2,3,2,Yes,1968.0
4807,1397,2020-12-20,4,4,4,4,Yes,431.0
4806,1397,2021-12-29,3,3,2,3,No,431.0
4805,1397,2022-12-30,3,4,4,4,No,431.0
4804,1397,2023-12-21,4,4,3,3,No,431.0
4803,1397,2024-12-12,3,3,4,3,No,431.0
4802,1397,2025-12-13,4,3,3,3,No,431.0
4811,1399,2022-12-20,3,3,2,2,No,840.0
4810,1399,2023-12-18,3,2,1,3,No,840.0
4809,1399,2024-12-22,3,4,2,2,No,840.0
4808,1399,2025-12-16,3,3,1,2,No,840.0
4817,1401,2020-12-23,3,4,3,2,Yes,1373.0
4816,1401,2021-12-13,3,2,4,1,No,1373.0
4815,1401,2022-12-23,3,2,4,1,No,1373.0
4814,1401,2023-12-24,3,2,3,3,Yes,1373.0
4813,1401,2024-12-21,3,3,4,3,Yes,1373.0
4812,1401,2025-12-16,3,3,4,2,Yes,1373.0
4823,1402,2020-12-15,3,2,1,2,No,1941.0
4822,1402,2021-12-27,3,3,2,1,No,1941.0
4821,1402,2022-12-26,3,3,1,2,No,1941.0
4820,1402,2023-12-12,3,4,1,1,No,1941.0
4819,1402,2024-12-17,3,2,1,2,Yes,1941.0
4818,1402,2025-12-13,3,3,1,1,Yes,1941.0
4829,1403,2020-12-19,3,4,4,4,Yes,2055.0
4828,1403,2021-12-31,3,4,4,2,Yes,2055.0
4827,1403,2022-12-12,3,4,4,2,Yes,2055.0
4826,1403,2023-12-27,3,3,4,2,No,2055.0
4825,1403,2024-12-25,3,4,4,2,No,2055.0
4824,1403,2025-12-12,3,4,4,3,Yes,2055.0
4835,1405,2020-04-11,3,3,4,4,No,520.0
4834,1405,2021-04-06,3,2,3,2,No,520.0
4833,1405,2022-04-03,3,2,4,3,Yes,520.0
4832,1405,2023-04-09,3,3,4,2,No,520.0
4831,1405,2024-04-01,3,4,4,3,No,520.0
4830,1405,2025-04-10,3,3,4,3,Yes,520.0
4840,1407,2021-12-27,3,3,2,3,Yes,843.0
4839,1407,2022-12-27,3,3,1,4,No,843.0
4838,1407,2023-12-27,3,4,1,3,No,843.0
4837,1407,2024-12-15,3,4,1,2,No,843.0
4836,1407,2025-12-22,3,4,1,3,No,843.0
4846,1408,2020-12-17,3,1,4,3,No,1336.0
4845,1408,2021-12-11,3,1,3,3,No,1336.0
4844,1408,2022-12-21,3,1,4,3,No,1336.0
4843,1408,2023-12-25,3,1,3,3,No,1336.0
4842,1408,2024-12-25,3,1,3,2,Yes,1336.0
4841,1408,2025-12-30,3,1,3,3,No,1336.0
4852,1409,2020-12-28,3,1,3,1,No,58.0
4851,1409,2021-12-11,3,1,2,2,No,58.0
4850,1409,2022-12-26,3,1,4,1,Yes,58.0
4849,1409,2024-01-01,3,1,2,1,No,58.0
4848,1409,2024-12-26,3,2,2,1,Yes,58.0
4847,1409,2025-12-24,3,1,3,1,No,58.0
4856,1411,2022-12-30,3,4,1,3,No,1424.0
4855,1411,2023-12-12,3,2,2,2,No,1424.0
4854,1411,2024-12-27,3,4,2,3,No,1424.0
4853,1411,2025-12-27,3,3,1,3,No,1424.0
4859,1412,2023-12-25,3,4,2,2,No,1367.0
4858,1412,2024-12-18,3,3,2,4,No,1367.0
4857,1412,2025-12-25,3,4,3,3,No,1367.0
4863,1415,2022-12-23,3,4,1,1,No,1666.0
4862,1415,2023-12-22,3,3,1,2,Yes,1666.0
4861,1415,2024-12-26,3,4,2,1,No,1666.0
4860,1415,2025-12-21,3,4,1,2,No,1666.0
4869,1417,2020-12-18,3,1,2,2,No,843.0
4868,1417,2021-12-28,3,1,4,3,No,843.0
4867,1417,2022-12-29,3,1,2,2,Yes,843.0
4866,1417,2023-12-26,3,1,3,2,Yes,843.0
4865,1417,2024-12-16,3,1,2,3,No,843.0
4864,1417,2025-12-27,3,1,3,3,No,843.0
4875,1419,2020-12-14,3,1,3,2,No,1744.0
4874,1419,2021-12-28,3,1,2,3,Yes,1744.0
4873,1419,2022-12-12,3,1,3,1,No,1744.0
4872,1419,2023-12-27,3,1,1,1,No,1744.0
4871,1419,2024-12-15,3,2,2,2,No,1744.0
4870,1419,2025-12-25,3,1,2,2,No,1744.0
4880,1420,2020-10-20,4,2,1,3,No,638.0
4879,1420,2021-10-08,4,1,1,2,No,638.0
4878,1420,2022-10-04,4,1,1,2,No,638.0
4877,1420,2023-10-11,4,1,1,3,No,638.0
4876,1420,2024-10-13,4,1,1,3,No,638.0
4886,1421,2020-07-05,3,4,3,2,No,431.0
4885,1421,2021-07-17,3,3,2,2,Yes,431.0
4884,1421,2022-07-10,3,4,4,2,No,431.0
4883,1421,2023-07-07,3,4,4,3,Yes,431.0
4882,1421,2024-07-23,3,3,4,2,Yes,431.0
4881,1421,2025-07-19,3,4,3,3,Yes,431.0
4892,1422,2020-12-19,3,3,4,2,No,162.0
4891,1422,2021-12-21,3,3,4,3,No,162.0
4890,1422,2022-12-25,3,4,4,3,No,162.0
4889,1422,2023-12-30,3,4,4,3,No,162.0
4888,1422,2024-12-19,3,4,4,3,Yes,162.0
4887,1422,2025-12-19,3,4,4,2,No,162.0
4898,1423,2020-12-23,4,1,4,2,Yes,825.0
4897,1423,2021-12-16,3,1,4,4,Yes,825.0
4896,1423,2022-12-13,3,2,4,4,No,825.0
4895,1423,2023-12-17,4,2,4,2,Yes,825.0
4894,1423,2024-12-30,3,2,4,4,Yes,825.0
4893,1423,2025-12-21,4,1,4,3,Yes,825.0
4904,1424,2020-12-22,3,4,3,4,No,522.0
4903,1424,2021-12-23,3,3,3,4,No,522.0
4902,1424,2022-12-22,3,4,3,4,Yes,522.0
4901,1424,2023-12-13,3,4,3,3,No,522.0
4900,1424,2024-12-21,3,4,2,3,No,522.0
4899,1424,2025-12-22,3,4,2,4,No,522.0
4910,1425,2020-12-21,3,2,1,3,Yes,81.0
4909,1425,2021-12-13,3,1,2,2,Yes,81.0
4908,1425,2022-12-17,3,2,1,3,No,81.0
4907,1425,2023-12-31,3,1,1,3,No,81.0
4906,1425,2024-12-30,3,2,1,3,Yes,81.0
4905,1425,2025-12-15,3,2,1,3,Yes,81.0
4912,1427,2024-03-28,3,3,1,2,Yes,1457.0
4911,1427,2025-04-03,3,3,2,3,No,1457.0
4916,1428,2022-12-25,3,1,3,3,No,1391.0
4915,1428,2023-12-29,3,2,4,4,Yes,1391.0
4914,1428,2024-12-16,3,2,4,3,No,1391.0
4913,1428,2025-12-23,3,1,4,3,No,1391.0
4920,1430,2022-12-18,3,3,1,3,No,385.0
4919,1430,2023-12-18,3,2,1,3,No,385.0
4918,1430,2024-12-24,3,1,1,4,No,385.0
4917,1430,2025-12-28,3,2,1,4,No,385.0
4925,1431,2021-12-23,3,1,4,3,No,386.0
4924,1431,2022-12-28,3,1,3,2,No,386.0
4923,1431,2023-12-26,3,1,4,3,No,386.0
4922,1431,2024-12-22,3,1,4,3,No,386.0
4921,1431,2025-12-26,3,1,4,3,No,386.0
4927,1433,2024-11-10,3,2,2,4,Yes,997.0
4926,1433,2025-11-14,3,2,1,4,No,997.0
4933,1434,2020-12-20,3,1,1,4,No,520.0
4932,1434,2021-12-11,3,1,1,3,No,520.0
4931,1434,2022-12-25,3,1,2,4,No,520.0
4930,1434,2023-12-22,3,1,1,4,No,520.0
4929,1434,2024-12-13,3,1,3,3,No,520.0
4928,1434,2025-12-20,3,1,2,4,No,520.0
4939,1435,2020-12-21,3,4,1,1,No,447.0
4938,1435,2021-12-15,3,3,1,1,No,447.0
4937,1435,2022-12-14,3,3,2,1,No,447.0
4936,1435,2023-12-12,3,4,1,3,No,447.0
4935,1435,2024-12-23,3,3,1,3,No,447.0
4934,1435,2025-12-14,3,4,1,2,No,447.0
4943,1436,2022-12-16,3,1,4,1,No,81.0
4942,1436,2023-12-12,3,1,2,2,No,81.0
4941,1436,2024-12-31,3,2,4,1,No,81.0
4940,1436,2025-12-19,3,1,3,2,No,81.0
4949,1438,2020-12-15,3,3,1,3,Yes,58.0
4948,1438,2021-12-12,3,4,1,2,No,58.0
4947,1438,2022-12-29,3,4,1,3,No,58.0
4946,1438,2023-12-27,3,4,1,1,No,58.0
4945,1438,2024-12-31,3,4,1,3,No,58.0
4944,1438,2025-12-12,3,4,1,2,No,58.0
4953,1439,2022-01-06,3,2,1,3,No,1732.0
4952,1439,2023-01-22,3,2,2,4,Yes,1732.0
4951,1439,2024-01-23,3,1,1,3,No,1732.0
4950,1439,2025-01-21,3,1,1,3,No,1732.0
4959,1440,2020-12-26,3,3,4,1,No,1424.0
4958,1440,2021-12-15,3,4,3,1,No,1424.0
4957,1440,2022-12-23,3,2,4,1,No,1424.0
4956,1440,2023-12-30,3,4,2,1,Yes,1424.0
4955,1440,2024-12-22,3,2,4,1,No,1424.0
4954,1440,2025-12-14,3,3,3,1,No,1424.0
4963,1441,2022-12-30,4,1,1,4,No,1255.0
4962,1441,2023-12-26,4,1,2,4,Yes,1255.0
4961,1441,2024-12-11,4,1,1,4,No,1255.0
4960,1441,2025-12-18,4,1,1,4,No,1255.0
4969,1443,2020-12-17,3,3,2,4,No,80.0
4968,1443,2021-12-20,3,3,1,3,Yes,80.0
4967,1443,2022-12-16,3,3,1,4,No,80.0
4966,1443,2023-12-13,3,4,2,3,No,80.0
4965,1443,2024-12-15,3,3,1,4,No,80.0
4964,1443,2025-12-25,3,3,1,4,No,80.0
4975,1445,2020-12-26,3,2,3,3,Yes,118.0
4974,1445,2021-12-18,3,3,4,2,No,118.0
4973,1445,2022-12-17,3,2,3,3,No,118.0
4972,1445,2023-12-31,3,2,3,2,No,118.0
4971,1445,2024-12-26,3,3,4,3,Yes,118.0
4970,1445,2025-12-19,3,3,4,3,Yes,118.0
4980,1446,2021-12-11,3,4,3,2,No,1968.0
4979,1446,2022-12-19,3,4,3,2,No,1968.0
4978,1446,2023-12-27,3,3,4,2,No,1968.0
4977,1446,2024-12-28,3,4,4,2,No,1968.0
4976,1446,2025-12-12,3,4,4,2,No,1968.0
4986,1447,2020-12-23,3,2,4,3,No,386.0
4985,1447,2021-12-17,3,1,4,2,Yes,386.0
4984,1447,2022-12-29,3,1,4,3,No,386.0
4983,1447,2023-12-20,3,3,3,3,No,386.0
4982,1447,2024-12-24,3,1,4,1,No,386.0
4981,1447,2025-12-26,3,2,4,2,No,386.0
4991,1448,2021-12-14,3,2,2,3,Yes,352.0
4990,1448,2022-12-29,3,4,1,1,Yes,352.0
4989,1448,2023-12-24,3,4,1,3,Yes,352.0
4988,1448,2024-12-20,3,3,1,2,Yes,352.0
4987,1448,2025-12-16,3,3,2,2,Yes,352.0
4997,1449,2020-12-26,3,2,4,3,No,1263.0
4996,1449,2021-12-12,3,3,4,4,No,1263.0
4995,1449,2022-12-23,3,2,2,4,No,1263.0
4994,1449,2023-12-16,3,4,2,4,No,1263.0
4993,1449,2024-12-29,3,2,4,4,No,1263.0
4992,1449,2025-12-15,3,3,3,4,No,1263.0
5003,1453,2020-12-18,3,4,1,2,No,1039.0
5002,1453,2021-12-12,3,3,1,2,No,1039.0
5001,1453,2022-12-28,3,3,1,4,No,1039.0
5000,1453,2023-12-17,3,3,1,4,No,1039.0
4999,1453,2024-12-14,3,4,1,4,No,1039.0
4998,1453,2025-12-19,3,4,1,3,No,1039.0
5009,1457,2019-10-27,3,4,1,3,No,1138.0
5008,1457,2020-10-22,3,4,2,4,No,1138.0
5007,1457,2021-10-29,3,3,2,4,No,1138.0
5006,1457,2022-10-24,3,3,1,4,No,1138.0
5005,1457,2023-10-22,3,4,1,4,No,1138.0
5004,1457,2024-10-25,3,4,1,4,No,1138.0
5011,1458,2024-05-04,4,2,1,4,Yes,1128.0
5010,1458,2025-04-20,4,1,1,4,Yes,1128.0
5017,1459,2019-07-20,3,3,4,4,No,1367.0
5016,1459,2020-07-12,3,3,3,3,No,1367.0
5015,1459,2021-07-22,3,3,3,3,No,1367.0
5014,1459,2022-07-22,3,2,4,3,No,1367.0
5013,1459,2023-07-13,3,1,2,3,Yes,1367.0
5012,1459,2024-07-09,3,2,3,3,No,1367.0
5023,1460,2020-12-28,3,2,3,3,Yes,1606.0
5022,1460,2021-12-14,3,1,2,3,Yes,1606.0
5021,1460,2022-12-13,3,1,2,2,Yes,1606.0
5020,1460,2024-01-01,3,2,3,2,No,1606.0
5019,1460,2024-12-22,3,1,2,4,No,1606.0
5018,1460,2025-12-12,3,1,2,3,Yes,1606.0
5027,1461,2022-12-12,3,2,3,2,No,2040.0
5026,1461,2023-12-15,3,1,4,2,No,2040.0
5025,1461,2024-12-27,3,2,4,2,No,2040.0
5024,1461,2025-12-13,3,2,4,3,No,2040.0
5030,1464,2023-03-14,3,4,1,1,No,997.0
5029,1464,2024-03-15,3,4,2,1,No,997.0
5028,1464,2025-03-08,3,4,2,1,Yes,997.0
5034,1465,2022-12-25,3,3,3,4,No,867.0
5033,1465,2023-12-22,3,4,1,4,Yes,867.0
5032,1465,2024-12-26,3,4,1,3,No,867.0
5031,1465,2025-12-26,3,4,2,4,Yes,867.0
5037,1466,2023-12-22,3,2,2,3,Yes,986.0
5036,1466,2024-12-21,3,1,2,2,No,986.0
5035,1466,2025-12-20,3,1,3,3,No,986.0
5040,1467,2023-01-22,3,2,1,4,No,2040.0
5039,1467,2024-01-13,3,3,1,2,No,2040.0
5038,1467,2025-01-17,3,3,1,3,No,2040.0
5046,1468,2020-12-18,3,3,4,2,No,396.0
5045,1468,2021-12-14,3,1,4,4,No,396.0
5044,1468,2022-12-25,3,1,4,2,No,396.0
5043,1468,2023-12-20,3,1,4,4,Yes,396.0
5042,1468,2024-12-27,3,3,4,3,No,396.0
5041,1468,2025-12-28,3,2,4,3,No,396.0
5051,1469,2021-12-23,3,1,4,4,No,174.0
5050,1469,2022-12-23,3,1,4,2,No,174.0
5049,1469,2023-12-26,3,1,4,2,Yes,174.0
5048,1469,2024-12-21,3,2,4,4,No,174.0
5047,1469,2025-12-25,3,1,4,3,No,174.0
5057,1471,2020-12-26,3,4,2,2,No,999.0
5056,1471,2021-12-19,3,3,4,3,No,999.0
5055,1471,2022-12-19,3,2,4,4,No,999.0
5054,1471,2023-12-25,3,2,4,4,No,999.0
5053,1471,2024-12-21,3,3,2,4,Yes,999.0
5052,1471,2025-12-22,3,3,3,3,No,999.0
5063,1472,2020-12-28,3,3,4,2,No,162.0
5062,1472,2021-12-27,3,3,4,3,No,162.0
5061,1472,2022-12-27,3,3,3,1,Yes,162.0
5060,1472,2023-12-13,3,2,4,1,No,162.0
5059,1472,2024-12-18,3,1,4,1,No,162.0
5058,1472,2025-12-27,3,2,4,2,No,162.0
5067,1473,2022-12-28,3,3,2,1,No,1661.0
5066,1473,2023-12-16,3,2,1,3,No,1661.0
5065,1473,2024-12-26,3,2,2,1,No,1661.0
5064,1473,2025-12-30,3,3,1,2,No,1661.0
5071,1474,2022-12-29,3,2,4,4,No,1128.0
5070,1474,2023-12-23,3,2,3,3,Yes,1128.0
5069,1474,2024-12-27,3,2,2,3,No,1128.0
5068,1474,2025-12-14,3,3,3,4,No,1128.0
5077,1475,2020-12-26,3,3,3,2,No,999.0
5076,1475,2021-12-26,3,3,4,1,No,999.0
5075,1475,2022-12-27,3,1,3,3,No,999.0
5074,1475,2023-12-24,3,3,4,2,No,999.0
5073,1475,2024-12-25,3,2,4,1,Yes,999.0
5072,1475,2025-12-27,3,2,4,2,No,999.0
5082,1477,2021-12-24,3,2,4,3,No,1050.0
5081,1477,2022-12-24,3,1,4,4,No,1050.0
5080,1477,2023-12-17,3,1,4,3,No,1050.0
5079,1477,2024-12-13,3,2,4,2,No,1050.0
5078,1477,2025-12-27,3,1,4,3,No,1050.0
5088,1478,2020-12-26,3,1,3,2,No,862.0
5087,1478,2021-12-26,3,1,3,4,No,862.0
5086,1478,2022-12-14,3,1,4,2,No,862.0
5085,1478,2023-12-12,3,1,4,3,No,862.0
5084,1478,2024-12-15,3,1,3,3,No,862.0
5083,1478,2025-12-30,3,1,4,3,No,862.0
5091,1479,2023-12-23,3,4,4,3,No,1391.0
5090,1479,2024-12-30,3,3,3,1,No,1391.0
5089,1479,2025-12-11,3,3,4,2,No,1391.0
5097,1480,2020-12-17,3,4,1,3,No,1035.0
5096,1480,2021-12-15,3,4,1,2,No,1035.0
5095,1480,2022-12-12,3,4,1,2,No,1035.0
5094,1480,2023-12-31,3,4,1,4,No,1035.0
5093,1480,2024-12-11,3,4,1,3,No,1035.0
5092,1480,2025-12-13,3,4,1,3,No,1035.0
5099,1481,2024-12-13,3,2,1,1,No,1975.0
5098,1481,2025-12-31,3,3,1,2,No,1975.0
5101,1482,2024-12-31,3,2,3,2,No,1539.0
5100,1482,2025-12-13,3,3,3,2,No,1539.0
5107,1483,2020-12-19,4,3,3,1,No,638.0
5106,1483,2021-12-23,3,4,2,1,No,638.0
5105,1483,2022-12-13,3,2,3,3,No,638.0
5104,1483,2023-12-22,4,4,3,2,Yes,638.0
5103,1483,2024-12-18,3,3,1,2,No,638.0
5102,1483,2025-12-11,4,3,2,2,No,638.0
5113,1484,2020-12-25,3,3,3,4,No,1606.0
5112,1484,2021-12-19,3,2,4,3,No,1606.0
5111,1484,2022-12-23,3,3,3,4,No,1606.0
5110,1484,2023-12-29,3,3,3,2,No,1606.0
5109,1484,2024-12-14,3,3,3,4,Yes,1606.0
5108,1484,2025-12-29,3,2,3,3,No,1606.0
5119,1485,2020-12-19,3,1,3,2,Yes,141.0
5118,1485,2021-12-18,3,2,2,1,No,141.0
5117,1485,2022-12-15,3,1,1,2,Yes,141.0
5116,1485,2023-12-31,3,2,3,1,No,141.0
5115,1485,2024-12-28,3,1,2,1,Yes,141.0
5114,1485,2025-12-22,3,1,2,2,No,141.0
5123,1486,2022-09-10,3,4,1,4,No,1732.0
5122,1486,2023-09-14,3,2,1,4,Yes,1732.0
5121,1486,2024-09-04,3,2,2,4,No,1732.0
5120,1486,2025-09-04,3,3,1,4,No,1732.0
5129,1487,2020-09-08,3,3,1,1,No,1391.0
5128,1487,2021-09-01,3,2,1,1,No,1391.0
5127,1487,2022-09-17,3,3,1,1,No,1391.0
5126,1487,2023-09-08,3,1,1,2,No,1391.0
5125,1487,2024-09-20,3,2,1,1,No,1391.0
5124,1487,2025-09-10,3,2,1,1,No,1391.0
5135,1489,2019-09-24,4,2,1,4,No,862.0
5134,1489,2020-09-13,4,2,1,3,No,862.0
5133,1489,2021-09-28,4,2,1,3,Yes,862.0
5132,1489,2022-09-11,3,3,1,4,No,862.0
5131,1489,2023-09-19,4,1,1,4,No,862.0
5130,1489,2024-09-19,4,2,1,4,Yes,862.0
5137,1492,2024-12-27,3,4,4,3,No,244.0
5136,1492,2025-12-18,3,3,4,3,No,244.0
5138,1494,2024-10-18,3,1,2,2,Yes,468.0
5140,1495,2024-12-25,3,2,4,4,No,1869.0
5139,1495,2025-12-16,3,2,4,3,No,1869.0
5143,1496,2023-12-26,3,3,2,3,Yes,1401.0
5142,1496,2024-12-29,3,3,3,2,No,1401.0
5141,1496,2025-12-25,3,3,2,2,Yes,1401.0
5149,1497,2020-12-31,3,3,3,2,No,174.0
5148,1497,2021-12-31,3,2,4,2,Yes,174.0
5147,1497,2022-12-25,3,2,2,4,No,174.0
5146,1497,2023-12-17,3,4,4,3,Yes,174.0
5145,1497,2024-12-27,3,4,3,2,Yes,174.0
5144,1497,2025-12-27,3,3,3,3,No,174.0
5155,1499,2020-12-21,3,2,3,4,No,2040.0
5154,1499,2021-12-30,4,4,2,3,No,2040.0
5153,1499,2022-12-29,3,3,2,4,No,2040.0
5152,1499,2023-12-31,4,4,2,3,No,2040.0
5151,1499,2024-12-23,4,3,4,4,No,2040.0
5150,1499,2025-12-17,4,3,3,4,No,2040.0
5159,1501,2022-12-28,3,2,3,4,Yes,431.0
5158,1501,2023-12-15,3,2,4,3,No,431.0
5157,1501,2024-12-20,3,3,4,2,Yes,431.0
5156,1501,2025-12-19,3,3,4,3,Yes,431.0
5165,1502,2020-12-21,3,3,1,2,No,901.0
5164,1502,2021-12-31,3,3,2,3,No,901.0
5163,1502,2022-12-16,3,1,1,2,Yes,901.0
5162,1502,2023-12-17,3,2,1,3,No,901.0
5161,1502,2024-12-19,3,2,1,2,No,901.0
5160,1502,2025-12-31,3,2,1,3,No,901.0
5171,1503,2020-12-24,3,4,4,1,No,1975.0
5170,1503,2021-12-13,3,2,2,2,No,1975.0
5169,1503,2022-12-22,3,2,2,1,Yes,1975.0
5168,1503,2023-12-13,3,4,4,2,No,1975.0
5167,1503,2024-12-20,3,4,3,1,Yes,1975.0
5166,1503,2025-12-20,3,3,3,2,Yes,1975.0
5172,1504,2023-12-29,3,1,3,2,No,1719.0
5174,1506,2024-12-28,3,3,1,1,No,1719.0
5173,1506,2025-12-29,3,3,1,1,No,1719.0
5179,1507,2021-12-31,3,2,3,4,Yes,174.0
5178,1507,2022-12-16,3,1,4,3,No,174.0
5177,1507,2023-12-26,3,1,2,2,No,174.0
5176,1507,2024-12-14,3,2,3,3,No,174.0
5175,1507,2025-12-31,3,1,3,3,No,174.0
5183,1509,2022-12-28,3,2,4,3,Yes,1941.0
5182,1509,2023-12-13,3,1,2,4,No,1941.0
5181,1509,2024-12-16,4,1,2,3,No,1941.0
5180,1509,2025-12-11,4,1,3,3,No,1941.0
5187,1513,2022-12-19,3,1,4,2,No,1443.0
5186,1513,2023-12-15,3,3,3,3,No,1443.0
5185,1513,2024-12-22,3,3,4,3,Yes,1443.0
5184,1513,2025-12-24,3,2,4,3,No,1443.0
5193,1514,2020-12-18,3,1,3,3,No,1360.0
5192,1514,2021-12-13,3,2,2,3,No,1360.0
5191,1514,2022-12-15,3,3,2,2,No,1360.0
5190,1514,2023-12-26,3,1,4,1,No,1360.0
5189,1514,2024-12-25,3,2,2,2,No,1360.0
5188,1514,2025-12-11,3,2,3,2,No,1360.0
5194,1515,2025-12-20,3,3,4,3,Yes,1697.0
5200,1516,2020-12-14,4,4,2,4,No,1973.0
5199,1516,2021-12-28,4,4,3,4,No,1973.0
5198,1516,2022-12-27,4,4,4,3,No,1973.0
5197,1516,2023-12-21,4,4,4,4,No,1973.0
5196,1516,2024-12-28,3,4,3,4,No,1973.0
5195,1516,2025-12-21,4,4,3,4,No,1973.0
5206,1520,2020-12-16,3,3,1,3,Yes,374.0
5205,1520,2021-12-20,3,4,3,2,No,374.0
5204,1520,2022-12-20,3,4,3,4,No,374.0
5203,1520,2023-12-24,3,4,3,2,No,374.0
5202,1520,2024-12-26,3,4,1,3,No,374.0
5201,1520,2025-12-13,4,4,2,3,No,374.0
5212,1522,2020-11-20,3,1,2,2,No,1443.0
5211,1522,2021-12-06,3,2,1,1,No,1443.0
5210,1522,2022-11-17,3,1,1,1,No,1443.0
5209,1522,2023-11-30,3,1,1,1,No,1443.0
5208,1522,2024-12-05,3,1,1,2,Yes,1443.0
5207,1522,2025-11-20,3,1,1,1,No,1443.0
5218,1523,2020-12-12,3,2,3,4,No,80.0
5217,1523,2021-12-30,3,2,4,4,No,80.0
5216,1523,2022-12-12,3,1,4,4,No,80.0
5215,1523,2023-12-19,3,2,4,4,Yes,80.0
5214,1523,2024-12-20,3,1,4,3,No,80.0
5213,1523,2025-12-15,3,1,4,4,No,80.0
5221,1525,2023-12-21,3,1,1,3,Yes,1367.0
5220,1525,2024-12-12,3,2,2,4,No,1367.0
5219,1525,2025-12-24,3,2,2,3,No,1367.0
5227,1527,2020-12-21,3,3,4,3,No,787.0
5226,1527,2021-12-13,3,3,3,3,No,787.0
5225,1527,2022-12-30,3,2,4,4,No,787.0
5224,1527,2023-12-29,3,1,3,4,No,787.0
5223,1527,2024-12-17,3,1,4,4,No,787.0
5222,1527,2025-12-14,3,2,3,4,No,787.0
5233,1529,2020-12-11,3,3,4,2,No,431.0
5232,1529,2021-12-31,3,2,3,2,No,431.0
5231,1529,2022-12-30,3,3,4,1,No,431.0
5230,1529,2023-12-13,3,2,4,1,No,431.0
5229,1529,2024-12-28,3,3,4,2,No,431.0
5228,1529,2025-12-17,3,2,4,1,No,431.0
5238,1533,2021-12-24,3,4,2,3,Yes,1608.0
5237,1533,2022-12-22,3,3,1,4,No,1608.0
5236,1533,2023-12-14,3,3,1,2,No,1608.0
5235,1533,2024-12-22,3,2,1,2,No,1608.0
5234,1533,2025-12-14,3,3,1,3,No,1608.0
5244,1534,2020-05-06,3,1,3,2,Yes,1128.0
5243,1534,2021-04-24,3,1,4,2,No,1128.0
5242,1534,2022-05-01,3,1,3,1,No,1128.0
5241,1534,2023-04-22,3,2,4,1,No,1128.0
5240,1534,2024-05-05,3,1,4,1,No,1128.0
5239,1534,2025-05-07,3,1,4,1,No,1128.0
5250,1535,2020-12-30,3,4,4,2,Yes,1863.0
5249,1535,2021-12-22,3,2,4,4,No,1863.0
5248,1535,2022-12-12,3,3,3,3,Yes,1863.0
5247,1535,2023-12-27,3,3,4,4,Yes,1863.0
5246,1535,2024-12-12,3,2,3,4,Yes,1863.0
5245,1535,2025-12-11,3,3,4,3,Yes,1863.0
5256,1537,2020-07-25,3,4,3,1,No,997.0
5255,1537,2021-08-03,3,2,4,1,No,997.0
5254,1537,2022-08-01,3,3,4,1,No,997.0
5253,1537,2023-07-27,3,4,4,1,No,997.0
5252,1537,2024-07-29,3,2,4,1,No,997.0
5251,1537,2025-07-28,3,3,4,1,No,997.0
5262,1539,2020-12-17,3,4,2,4,Yes,80.0
5261,1539,2021-12-16,3,4,4,3,No,80.0
5260,1539,2022-12-24,3,3,3,4,Yes,80.0
5259,1539,2023-12-26,3,3,3,2,No,80.0
5258,1539,2024-12-22,3,3,3,4,No,80.0
5257,1539,2025-12-28,3,4,3,3,Yes,80.0
5268,1541,2020-12-17,4,2,1,2,No,580.0
5267,1541,2021-12-26,4,3,1,2,Yes,580.0
5266,1541,2022-12-21,4,3,3,4,Yes,580.0
5265,1541,2023-12-21,3,4,3,3,Yes,580.0
5264,1541,2024-12-13,3,4,3,3,No,580.0
5263,1541,2025-12-24,4,3,2,3,Yes,580.0
5270,1542,2024-12-21,3,3,2,2,No,1035.0
5269,1542,2025-12-24,3,2,3,3,No,1035.0
5276,1543,2020-12-18,3,3,2,3,No,447.0
5275,1543,2021-12-20,3,4,1,4,No,447.0
5274,1543,2022-12-13,3,4,1,3,No,447.0
5273,1543,2023-12-28,3,4,1,4,No,447.0
5272,1543,2024-12-22,3,3,2,4,No,447.0
5271,1543,2025-12-24,3,4,1,3,No,447.0
5282,1544,2020-12-17,3,1,2,4,No,165.0
5281,1544,2021-12-15,3,2,3,3,No,165.0
5280,1544,2022-12-25,3,1,2,4,No,165.0
5279,1544,2023-12-25,3,1,2,4,No,165.0
5278,1544,2024-12-13,3,1,3,2,No,165.0
5277,1544,2025-12-15,3,1,3,3,No,165.0
5288,1545,2020-12-21,3,2,4,2,No,1283.0
5287,1545,2021-12-27,3,2,4,2,No,1283.0
5286,1545,2022-12-19,3,1,4,3,Yes,1283.0
5285,1545,2023-12-27,3,1,4,3,No,1283.0
5284,1545,2024-12-31,3,2,4,4,No,1283.0
5283,1545,2025-12-20,3,2,4,3,No,1283.0
5294,1546,2020-12-23,4,4,4,2,No,999.0
5293,1546,2021-12-23,3,3,4,2,No,999.0
5292,1546,2022-12-15,3,4,3,2,No,999.0
5291,1546,2023-12-19,3,4,4,4,Yes,999.0
5290,1546,2024-12-26,3,3,3,2,No,999.0
5289,1546,2025-12-16,4,4,4,3,No,999.0
5300,1547,2020-12-12,3,4,4,1,Yes,431.0
5299,1547,2021-12-12,3,3,4,1,Yes,431.0
5298,1547,2022-12-25,3,4,4,1,Yes,431.0
5297,1547,2023-12-12,3,4,3,1,Yes,431.0
5296,1547,2024-12-20,3,4,4,1,No,431.0
5295,1547,2025-12-20,3,4,4,1,Yes,431.0
5306,1548,2020-12-14,3,2,1,4,No,2056.0
5305,1548,2021-12-12,3,2,1,4,Yes,2056.0
5304,1548,2022-12-24,3,1,2,4,No,2056.0
5303,1548,2023-12-15,3,1,1,4,No,2056.0
5302,1548,2024-12-19,3,1,1,4,No,2056.0
5301,1548,2025-12-19,3,1,1,4,No,2056.0
5312,1549,2020-12-16,3,3,3,2,No,1217.0
5311,1549,2021-12-16,3,2,3,2,No,1217.0
5310,1549,2022-12-18,3,4,1,3,No,1217.0
5309,1549,2023-12-28,3,4,3,3,Yes,1217.0
5308,1549,2024-12-18,3,4,3,3,Yes,1217.0
5307,1549,2025-12-20,3,3,2,3,Yes,1217.0
5318,1550,2020-12-22,3,3,2,4,Yes,1336.0
5317,1550,2021-12-27,4,3,3,4,Yes,1336.0
5316,1550,2022-12-29,3,4,3,3,No,1336.0
5315,1550,2023-12-14,3,3,4,3,Yes,1336.0
5314,1550,2024-12-31,4,4,3,2,Yes,1336.0
5313,1550,2025-12-17,4,4,3,3,Yes,1336.0
5320,1551,2024-12-11,3,1,3,2,No,468.0
5319,1551,2025-12-23,3,1,3,3,No,468.0
5323,1552,2023-12-29,3,4,4,3,Yes,119.0
5322,1552,2024-12-23,3,4,4,3,Yes,119.0
5321,1552,2025-12-20,3,4,4,3,Yes,119.0
5329,1553,2020-12-12,3,2,1,3,No,1606.0
5328,1553,2021-12-15,3,1,1,4,Yes,1606.0
5327,1553,2022-12-16,3,1,1,4,Yes,1606.0
5326,1553,2023-12-15,3,2,2,4,No,1606.0
5325,1553,2024-12-20,3,2,1,3,No,1606.0
5324,1553,2025-12-30,3,2,1,3,No,1606.0
5335,1554,2020-12-12,4,4,3,3,No,244.0
5334,1554,2021-12-21,3,2,1,2,Yes,244.0
5333,1554,2022-12-22,3,4,3,3,No,244.0
5332,1554,2023-12-26,3,2,2,4,No,244.0
5331,1554,2024-12-17,3,3,3,3,No,244.0
5330,1554,2025-12-16,4,3,2,3,No,244.0
5341,1555,2020-12-18,3,2,4,3,No,1789.0
5340,1555,2021-12-27,3,3,3,2,No,1789.0
5339,1555,2022-12-26,3,1,4,2,No,1789.0
5338,1555,2023-12-15,3,2,4,2,No,1789.0
5337,1555,2024-12-26,3,2,4,3,No,1789.0
5336,1555,2025-12-27,3,2,4,3,No,1789.0
5345,1556,2022-12-19,4,3,2,1,No,244.0
5344,1556,2024-01-01,3,4,3,2,No,244.0
5343,1556,2024-12-20,3,4,4,1,Yes,244.0
5342,1556,2025-12-25,4,4,3,2,Yes,244.0
5351,1557,2020-12-30,3,2,4,3,No,986.0
5350,1557,2021-12-25,3,2,2,2,No,986.0
5349,1557,2022-12-18,3,3,4,3,No,986.0
5348,1557,2023-12-15,3,4,4,3,No,986.0
5347,1557,2024-12-17,3,4,3,2,No,986.0
5346,1557,2025-12-14,3,3,3,3,No,986.0
5353,1558,2024-12-24,3,3,3,1,No,1443.0
5352,1558,2025-12-18,3,3,3,2,No,1443.0
5356,1560,2023-12-30,3,1,1,1,No,1050.0
5355,1560,2024-12-16,3,1,1,1,No,1050.0
5354,1560,2025-12-30,3,1,1,1,No,1050.0
5362,1562,2020-11-08,3,1,2,3,No,1391.0
5361,1562,2021-11-08,3,1,3,3,No,1391.0
5360,1562,2022-10-31,3,1,1,4,No,1391.0
5359,1562,2023-11-11,3,1,1,3,No,1391.0
5358,1562,2024-10-30,3,2,1,3,No,1391.0
5357,1562,2025-11-18,3,1,2,3,No,1391.0
5368,1563,2020-12-27,3,2,2,4,No,1744.0
5367,1563,2021-12-18,3,4,3,2,Yes,1744.0
5366,1563,2022-12-15,3,3,3,4,No,1744.0
5365,1563,2023-12-21,3,2,2,3,No,1744.0
5364,1563,2024-12-28,3,2,3,4,Yes,1744.0
5363,1563,2025-12-29,3,3,3,3,No,1744.0
5372,1564,2022-12-14,3,1,4,2,Yes,1422.0
5371,1564,2023-12-16,3,1,4,2,No,1422.0
5370,1564,2024-12-28,3,1,4,2,No,1422.0
5369,1564,2025-12-15,3,1,4,3,No,1422.0
5377,1568,2021-12-21,3,1,2,3,No,404.0
5376,1568,2022-12-12,3,3,3,3,No,404.0
5375,1568,2023-12-12,3,1,3,3,No,404.0
5374,1568,2024-12-27,3,1,2,3,No,404.0
5373,1568,2025-12-13,3,2,3,3,No,404.0
5379,1569,2023-04-02,3,1,2,4,Yes,1422.0
5378,1569,2024-03-20,3,1,1,3,Yes,1422.0
5385,1572,2019-09-21,3,3,4,4,Yes,867.0
5384,1572,2020-09-12,3,3,3,3,Yes,867.0
5383,1572,2021-09-21,3,3,3,2,Yes,867.0
5382,1572,2022-09-12,3,3,3,4,No,867.0
5381,1572,2023-09-17,3,4,3,2,No,867.0
5380,1572,2024-09-17,3,4,3,3,No,867.0
5391,1573,2019-06-28,3,2,2,3,No,601.0
5390,1573,2020-06-30,3,1,3,4,Yes,601.0
5389,1573,2021-07-16,3,1,3,3,No,601.0
5388,1573,2022-07-10,3,3,2,3,No,601.0
5387,1573,2023-06-29,3,3,3,4,No,601.0
5386,1573,2024-07-02,3,2,3,3,No,601.0
5397,1574,2020-12-15,3,1,4,2,Yes,1789.0
5396,1574,2021-12-26,3,2,3,1,No,1789.0
5395,1574,2022-12-29,3,2,4,1,Yes,1789.0
5394,1574,2023-12-18,3,2,4,1,Yes,1789.0
5393,1574,2024-12-25,3,1,3,1,No,1789.0
5392,1574,2025-12-16,3,1,4,2,No,1789.0
5403,1576,2020-12-27,3,1,2,3,No,58.0
5402,1576,2021-12-16,3,2,4,1,No,58.0
5401,1576,2023-01-01,3,1,3,1,No,58.0
5400,1576,2023-12-14,3,1,4,3,No,58.0
5399,1576,2024-12-27,3,1,2,2,No,58.0
5398,1576,2025-12-19,3,1,3,2,No,58.0
5405,1577,2024-12-26,3,4,1,1,No,730.0
5404,1577,2025-12-13,3,4,1,1,No,730.0
5411,1578,2020-12-11,4,4,2,3,No,549.0
5410,1578,2021-12-14,3,4,2,4,No,549.0
5409,1578,2022-12-20,4,3,4,3,Yes,549.0
5408,1578,2023-12-18,4,4,4,3,No,549.0
5407,1578,2024-12-20,3,3,2,2,No,549.0
5406,1578,2025-12-11,4,4,3,3,No,549.0
5414,1580,2023-12-17,3,4,2,3,No,1069.0
5413,1580,2024-12-30,3,3,1,2,No,1069.0
5412,1580,2025-12-19,3,4,2,2,No,1069.0
5416,1581,2024-12-23,4,4,2,3,Yes,843.0
5415,1581,2025-12-18,4,4,1,3,No,843.0
5422,1582,2020-12-24,3,3,3,2,Yes,81.0
5421,1582,2021-12-13,3,3,4,4,No,81.0
5420,1582,2022-12-22,3,1,4,4,No,81.0
5419,1582,2023-12-16,3,3,4,4,No,81.0
5418,1582,2024-12-13,3,3,3,4,No,81.0
5417,1582,2025-12-14,3,2,3,3,No,81.0
5426,1583,2022-12-15,3,2,2,3,No,81.0
5425,1583,2023-12-28,3,2,2,3,No,81.0
5424,1583,2024-12-16,3,1,2,4,Yes,81.0
5423,1583,2025-12-30,3,2,2,4,No,81.0
5428,1585,2024-12-27,3,2,3,2,No,81.0
5427,1585,2025-12-31,3,3,2,3,No,81.0
5434,1586,2020-12-20,3,1,1,3,No,1443.0
5433,1586,2021-12-30,3,1,1,3,No,1443.0
5432,1586,2022-12-24,3,1,1,2,No,1443.0
5431,1586,2023-12-26,3,2,2,3,No,1443.0
5430,1586,2024-12-26,3,1,3,3,No,1443.0
5429,1586,2025-12-29,3,1,2,3,Yes,1443.0
5440,1587,2020-12-25,3,3,2,4,No,1127.0
5439,1587,2021-12-20,3,3,1,4,No,1127.0
5438,1587,2022-12-28,3,3,1,3,Yes,1127.0
5437,1587,2023-12-20,3,3,2,4,Yes,1127.0
5436,1587,2024-12-19,3,4,1,4,Yes,1127.0
5435,1587,2025-12-25,3,3,1,3,Yes,1127.0
5446,1588,2020-12-25,3,4,4,4,No,1716.0
5445,1588,2021-12-25,3,4,3,3,No,1716.0
5444,1588,2022-12-17,3,4,4,2,Yes,1716.0
5443,1588,2023-12-22,3,4,4,4,No,1716.0
5442,1588,2024-12-14,3,4,3,4,No,1716.0
5441,1588,2025-12-29,3,3,4,3,No,1716.0
5452,1590,2020-12-30,3,3,1,4,No,165.0
5451,1590,2021-12-21,3,4,2,3,No,165.0
5450,1590,2022-12-14,3,4,1,3,Yes,165.0
5449,1590,2023-12-20,3,4,1,4,No,165.0
5448,1590,2024-12-28,3,4,1,4,No,165.0
5447,1590,2025-12-26,3,4,1,4,No,165.0
5454,1591,2024-12-27,3,2,3,3,No,140.0
5453,1591,2025-12-24,3,3,3,3,Yes,140.0
5457,1592,2023-12-19,3,4,4,3,No,468.0
5456,1592,2024-12-11,3,2,4,3,No,468.0
5455,1592,2025-12-29,3,3,4,3,No,468.0
5461,1594,2022-12-18,3,1,1,4,No,447.0
5460,1594,2023-12-30,3,1,1,4,No,447.0
5459,1594,2024-12-19,3,1,2,3,No,447.0
5458,1594,2025-12-19,3,1,1,3,Yes,447.0
5463,1595,2024-12-24,3,4,4,2,No,1191.0
5462,1595,2025-12-14,4,4,4,3,No,1191.0
5469,1596,2020-12-15,3,4,1,1,No,1069.0
5468,1596,2021-12-29,3,4,2,3,No,1069.0
5467,1596,2022-12-14,3,2,1,2,No,1069.0
5466,1596,2023-12-18,3,3,2,1,No,1069.0
5465,1596,2024-12-13,3,4,1,2,No,1069.0
5464,1596,2025-12-17,3,3,2,2,No,1069.0
5475,1597,2020-12-26,3,2,3,2,No,1697.0
5474,1597,2021-12-25,3,3,4,2,No,1697.0
5473,1597,2022-12-21,3,4,4,2,Yes,1697.0
5472,1597,2023-12-20,3,2,4,3,No,1697.0
5471,1597,2024-12-14,3,4,3,2,Yes,1697.0
5470,1597,2025-12-20,3,3,4,2,No,1697.0
5481,1598,2020-12-25,3,1,4,3,No,2056.0
5480,1598,2021-12-14,3,1,4,4,No,2056.0
5479,1598,2022-12-26,3,1,3,4,No,2056.0
5478,1598,2023-12-19,3,1,4,4,Yes,2056.0
5477,1598,2024-12-21,3,1,3,3,Yes,2056.0
5476,1598,2025-12-23,3,1,4,3,No,2056.0
5487,1599,2020-12-11,3,2,3,4,No,1035.0
5486,1599,2021-12-21,3,3,4,4,No,1035.0
5485,1599,2022-12-29,3,2,4,2,No,1035.0
5484,1599,2023-12-26,3,2,3,2,Yes,1035.0
5483,1599,2024-12-31,3,3,4,2,No,1035.0
5482,1599,2025-12-15,3,2,4,3,No,1035.0
5489,1601,2024-12-29,3,4,2,2,Yes,1422.0
5488,1601,2025-12-14,3,4,3,2,No,1422.0
5495,1602,2020-12-16,3,1,3,2,No,787.0
5494,1602,2021-12-11,3,2,4,2,Yes,787.0
5493,1602,2022-12-22,3,1,3,2,Yes,787.0
5492,1602,2024-01-01,3,1,4,2,No,787.0
5491,1602,2024-12-25,3,1,4,1,No,787.0
5490,1602,2025-12-30,3,1,4,1,No,787.0
5497,1604,2023-09-30,3,3,4,4,Yes,1719.0
5496,1604,2024-10-01,3,2,3,3,Yes,1719.0
5502,1605,2021-12-14,3,4,3,1,No,1485.0
5501,1605,2022-12-27,3,4,1,2,No,1485.0
5500,1605,2023-12-18,3,4,2,2,Yes,1485.0
5499,1605,2024-12-12,3,2,2,2,No,1485.0
5498,1605,2025-12-16,3,3,2,2,Yes,1485.0
5508,1606,2020-12-11,3,4,2,4,Yes,1278.0
5507,1606,2021-12-27,3,2,1,4,Yes,1278.0
5506,1606,2022-12-23,3,2,1,3,No,1278.0
5505,1606,2024-01-01,3,4,1,3,No,1278.0
5504,1606,2024-12-16,3,4,1,3,Yes,1278.0
5503,1606,2025-12-20,3,3,2,3,Yes,1278.0
5512,1607,2022-12-17,3,3,1,2,No,815.0
5511,1607,2023-12-24,3,3,3,4,Yes,815.0
5510,1607,2024-12-21,3,4,2,4,Yes,815.0
5509,1607,2025-12-16,3,4,2,3,No,815.0
5518,1608,2020-12-19,3,4,2,1,Yes,1770.0
5517,1608,2021-12-18,3,4,1,1,Yes,1770.0
5516,1608,2022-12-12,3,4,1,1,Yes,1770.0
5515,1608,2023-12-21,3,3,3,1,No,1770.0
5514,1608,2024-12-24,3,4,3,2,No,1770.0
5513,1608,2025-12-11,3,4,2,2,Yes,1770.0
5524,1609,2020-12-20,3,3,2,1,No,1539.0
5523,1609,2021-12-25,3,1,2,2,No,1539.0
5522,1609,2022-12-19,3,3,2,2,No,1539.0
5521,1609,2023-12-15,3,3,2,2,No,1539.0
5520,1609,2024-12-11,3,1,2,1,No,1539.0
5519,1609,2025-12-19,3,2,2,2,No,1539.0
5530,1611,2020-12-31,3,2,2,3,No,1941.0
5529,1611,2021-12-27,3,1,4,2,No,1941.0
5528,1611,2022-12-13,3,2,4,2,Yes,1941.0
5527,1611,2023-12-20,3,1,2,3,Yes,1941.0
5526,1611,2024-12-16,3,1,3,3,Yes,1941.0
5525,1611,2025-12-11,3,1,3,3,Yes,1941.0
5536,1612,2020-12-22,3,1,1,4,No,1975.0
5535,1612,2021-12-21,3,1,1,2,No,1975.0
5534,1612,2022-12-16,3,2,1,3,Yes,1975.0
5533,1612,2023-12-30,3,2,1,3,No,1975.0
5532,1612,2024-12-31,3,1,1,4,Yes,1975.0
5531,1612,2025-12-17,3,1,1,3,No,1975.0
5542,1613,2020-12-16,3,1,4,3,No,1319.0
5541,1613,2021-12-27,3,2,4,3,No,1319.0
5540,1613,2022-12-29,3,1,4,4,No,1319.0
5539,1613,2023-12-22,3,1,4,2,No,1319.0
5538,1613,2024-12-19,3,1,3,4,No,1319.0
5537,1613,2025-12-23,3,1,4,3,No,1319.0
5546,1614,2022-12-23,3,4,2,4,Yes,1026.0
5545,1614,2023-12-19,3,2,3,4,No,1026.0
5544,1614,2024-12-14,3,3,2,4,Yes,1026.0
5543,1614,2025-12-15,3,3,3,3,Yes,1026.0
5552,1615,2020-12-11,3,4,2,2,No,1283.0
5551,1615,2021-12-20,3,4,2,3,No,1283.0
5550,1615,2022-12-16,3,4,4,2,Yes,1283.0
5549,1615,2023-12-22,3,4,3,3,No,1283.0
5548,1615,2024-12-17,3,4,3,2,Yes,1283.0
5547,1615,2025-12-23,3,4,3,3,No,1283.0
5558,1617,2020-12-30,3,2,4,1,Yes,58.0
5557,1617,2021-12-18,3,1,2,1,No,58.0
5556,1617,2022-12-14,3,1,4,2,No,58.0
5555,1617,2023-12-26,3,1,2,1,No,58.0
5554,1617,2024-12-18,3,1,3,3,No,58.0
5553,1617,2025-12-20,3,1,3,2,No,58.0
5564,1618,2020-12-14,3,1,2,4,No,601.0
5563,1618,2021-12-27,3,1,1,2,No,601.0
5562,1618,2022-12-25,3,2,3,2,No,601.0
5561,1618,2023-12-16,3,1,3,4,No,601.0
5560,1618,2024-12-25,3,1,2,4,Yes,601.0
5559,1618,2025-12-28,3,1,2,3,No,601.0
5570,1619,2020-12-25,3,1,4,3,No,520.0
5569,1619,2021-12-23,3,2,4,2,No,520.0
5568,1619,2022-12-23,3,1,3,4,No,520.0
5567,1619,2023-12-20,3,1,4,2,No,520.0
5566,1619,2024-12-19,3,1,4,4,No,520.0
5565,1619,2025-12-17,3,1,4,3,No,520.0
5576,1621,2020-12-15,3,1,3,4,Yes,1069.0
5575,1621,2021-12-14,3,1,2,4,No,1069.0
5574,1621,2022-12-20,3,2,3,3,No,1069.0
5573,1621,2023-12-14,3,2,2,3,No,1069.0
5572,1621,2024-12-20,3,1,2,3,No,1069.0
5571,1621,2025-12-16,3,1,2,3,No,1069.0
5582,1622,2020-12-31,3,1,1,2,No,1360.0
5581,1622,2021-12-18,3,1,3,1,No,1360.0
5580,1622,2022-12-23,3,2,3,3,No,1360.0
5579,1622,2023-12-24,4,2,3,2,No,1360.0
5578,1622,2024-12-20,3,2,1,3,No,1360.0
5577,1622,2025-12-31,4,1,2,2,No,1360.0
5585,1623,2023-12-16,3,3,3,4,Yes,612.0
5584,1623,2024-12-26,3,3,4,4,No,612.0
5583,1623,2025-12-29,3,4,3,3,No,612.0
5586,1624,2025-06-30,3,4,2,4,Yes,1716.0
5592,1625,2020-12-31,3,3,3,3,No,140.0
5591,1625,2021-12-25,3,3,4,3,No,140.0
5590,1625,2022-12-23,3,4,3,2,No,140.0
5589,1625,2023-12-17,3,4,4,3,No,140.0
5588,1625,2024-12-24,3,3,4,3,No,140.0
5587,1625,2025-12-17,3,3,4,3,No,140.0
5598,1627,2020-12-18,3,2,4,3,No,1263.0
5597,1627,2021-12-21,3,4,3,4,No,1263.0
5596,1627,2022-12-26,3,3,3,2,No,1263.0
5595,1627,2023-12-13,3,4,4,3,No,1263.0
5594,1627,2024-12-15,3,4,2,4,No,1263.0
5593,1627,2025-12-24,3,3,3,3,No,1263.0
5604,1628,2020-12-28,3,4,1,4,No,1401.0
5603,1628,2021-12-30,3,2,1,3,No,1401.0
5602,1628,2022-12-26,3,2,1,4,No,1401.0
5601,1628,2023-12-26,3,2,1,4,No,1401.0
5600,1628,2024-12-26,3,4,2,2,No,1401.0
5599,1628,2025-12-21,3,3,1,3,No,1401.0
5610,1630,2020-12-22,3,4,4,3,No,1127.0
5609,1630,2021-12-18,3,4,4,4,No,1127.0
5608,1630,2022-12-16,3,4,3,4,No,1127.0
5607,1630,2023-12-17,3,4,3,3,No,1127.0
5606,1630,2024-12-16,3,2,4,4,No,1127.0
5605,1630,2025-12-26,3,3,3,3,No,1127.0
5615,1631,2021-12-15,3,4,2,1,Yes,1026.0
5614,1631,2022-12-26,3,3,4,2,No,1026.0
5613,1631,2023-12-13,3,4,4,2,No,1026.0
5612,1631,2024-12-29,3,4,2,2,No,1026.0
5611,1631,2025-12-27,3,3,3,2,No,1026.0
5621,1633,2020-12-13,3,4,2,1,No,601.0
5620,1633,2021-12-24,3,4,1,1,Yes,601.0
5619,1633,2022-12-21,3,3,1,2,No,601.0
5618,1633,2023-12-15,3,4,1,1,Yes,601.0
5617,1633,2024-12-19,3,3,1,1,No,601.0
5616,1633,2025-12-19,3,3,1,1,No,601.0
5627,1635,2020-12-29,3,4,4,2,No,2034.0
5626,1635,2021-12-11,3,3,4,2,No,2034.0
5625,1635,2022-12-17,3,3,3,3,No,2034.0
5624,1635,2023-12-20,3,4,4,2,No,2034.0
5623,1635,2024-12-12,3,4,4,3,No,2034.0
5622,1635,2025-12-23,3,4,4,3,No,2034.0
5633,1638,2020-12-30,3,3,3,3,Yes,1367.0
5632,1638,2021-12-30,3,2,3,4,Yes,1367.0
5631,1638,2022-12-17,3,2,3,4,No,1367.0
5630,1638,2023-12-17,3,3,4,4,No,1367.0
5629,1638,2024-12-20,3,3,4,3,Yes,1367.0
5628,1638,2025-12-16,3,3,4,4,Yes,1367.0
5639,1639,2019-12-28,3,2,4,4,No,1863.0
5638,1639,2020-12-18,3,1,3,3,Yes,1863.0
5637,1639,2021-12-23,3,2,4,3,No,1863.0
5636,1639,2022-12-28,3,1,4,4,No,1863.0
5635,1639,2023-12-24,3,1,4,2,No,1863.0
5634,1639,2024-12-29,3,1,4,3,No,1863.0
5645,1640,2020-12-26,3,3,3,1,No,1424.0
5644,1640,2021-12-31,3,1,2,1,No,1424.0
5643,1640,2022-12-25,3,1,3,2,No,1424.0
5642,1640,2023-12-15,3,3,1,2,No,1424.0
5641,1640,2024-12-19,3,3,2,1,Yes,1424.0
5640,1640,2025-12-29,3,2,2,1,No,1424.0
5650,1641,2021-12-12,3,3,2,1,Yes,1401.0
5649,1641,2022-12-13,3,3,4,2,Yes,1401.0
5648,1641,2023-12-20,3,4,2,1,Yes,1401.0
5647,1641,2024-12-21,3,4,3,2,Yes,1401.0
5646,1641,2025-12-21,3,4,3,2,Yes,1401.0
5656,1642,2020-12-20,3,3,2,4,Yes,1744.0
5655,1642,2021-12-18,3,3,1,3,No,1744.0
5654,1642,2022-12-22,3,3,2,3,No,1744.0
5653,1642,2023-12-20,3,4,1,3,Yes,1744.0
5652,1642,2024-12-24,3,4,2,4,Yes,1744.0
5651,1642,2025-12-12,3,4,1,3,Yes,1744.0
5659,1644,2023-12-17,3,4,3,3,No,787.0
5658,1644,2024-12-30,4,4,2,3,No,787.0
5657,1644,2025-12-27,4,4,3,3,No,787.0
5662,1645,2022-03-05,3,3,1,2,Yes,1070.0
5661,1645,2023-03-11,3,3,2,3,Yes,1070.0
5660,1645,2024-02-24,3,4,1,2,Yes,1070.0
5668,1646,2020-12-28,3,4,1,3,No,468.0
5667,1646,2021-12-31,3,3,1,4,Yes,468.0
5666,1646,2022-12-12,3,4,1,2,No,468.0
5665,1646,2023-12-30,3,3,1,3,Yes,468.0
5664,1646,2024-12-21,3,4,1,2,Yes,468.0
5663,1646,2025-12-29,3,4,1,3,Yes,468.0
5672,1647,2022-12-23,3,3,1,2,No,520.0
5671,1647,2023-12-21,3,4,2,2,No,520.0
5670,1647,2024-12-23,3,4,1,4,Yes,520.0
5669,1647,2025-12-13,3,3,2,3,No,520.0
5677,1648,2021-12-14,3,3,4,2,No,520.0
5676,1648,2022-12-19,3,3,3,2,No,520.0
5675,1648,2023-12-30,3,4,3,1,Yes,520.0
5674,1648,2024-12-23,3,4,4,3,No,520.0
5673,1648,2025-12-21,3,4,4,2,No,520.0
5682,1649,2020-10-17,3,1,1,1,Yes,1128.0
5681,1649,2021-10-21,3,2,1,2,No,1128.0
5680,1649,2022-10-28,3,2,1,1,Yes,1128.0
5679,1649,2023-10-28,3,1,1,1,No,1128.0
5678,1649,2024-10-21,3,1,1,1,Yes,1128.0
5688,1650,2020-12-23,3,3,3,4,No,174.0
5687,1650,2021-12-25,3,2,3,3,No,174.0
5686,1650,2022-12-12,3,3,3,3,No,174.0
5685,1650,2023-12-30,3,3,2,3,Yes,174.0
5684,1650,2024-12-17,3,4,4,4,No,174.0
5683,1650,2025-12-28,3,3,3,3,No,174.0
5692,1651,2022-12-30,3,2,2,4,No,431.0
5691,1651,2023-12-17,3,1,3,2,No,431.0
5690,1651,2024-12-12,3,1,1,3,No,431.0
5689,1651,2025-12-16,3,1,2,3,No,431.0
5698,1653,2020-12-13,3,4,3,4,No,1360.0
5697,1653,2021-12-11,3,2,3,2,No,1360.0
5696,1653,2022-12-12,3,4,4,4,Yes,1360.0
5695,1653,2023-12-28,3,4,4,4,No,1360.0
5694,1653,2024-12-28,3,2,4,3,No,1360.0
5693,1653,2025-12-27,3,3,4,3,No,1360.0
5704,1654,2020-12-18,3,1,3,4,No,601.0
5703,1654,2021-12-27,4,3,4,4,Yes,601.0
5702,1654,2022-12-15,3,1,4,2,No,601.0
5701,1654,2023-12-28,3,1,3,3,No,601.0
5700,1654,2024-12-15,3,1,3,3,No,601.0
5699,1654,2025-12-15,4,2,4,3,No,601.0
5709,1655,2021-12-27,3,3,2,2,Yes,80.0
5708,1655,2022-12-31,3,3,1,4,No,80.0
5707,1655,2023-12-28,3,1,1,3,No,80.0
5706,1655,2024-12-18,3,3,2,2,No,80.0
5705,1655,2025-12-28,3,2,1,3,No,80.0
5715,1656,2020-12-15,3,1,3,2,No,385.0
5714,1656,2021-12-21,3,1,4,4,No,385.0
5713,1656,2022-12-15,3,1,4,2,No,385.0
5712,1656,2023-12-13,3,2,3,2,No,385.0
5711,1656,2024-12-14,3,1,3,4,No,385.0
5710,1656,2025-12-19,3,1,4,3,No,385.0
5717,1657,2024-12-21,3,2,2,3,No,302.0
5716,1657,2025-12-24,3,3,3,3,No,302.0
5723,1658,2020-12-25,3,3,3,3,No,1069.0
5722,1658,2021-12-17,3,3,3,4,Yes,1069.0
5721,1658,2022-12-25,3,1,4,2,No,1069.0
5720,1658,2023-12-16,3,2,4,2,No,1069.0
5719,1658,2024-12-19,3,2,3,4,Yes,1069.0
5718,1658,2025-12-17,3,2,4,3,No,1069.0
5728,1659,2021-12-15,3,1,2,2,No,1250.0
5727,1659,2022-12-26,3,1,2,3,No,1250.0
5726,1659,2023-12-14,3,3,1,2,No,1250.0
5725,1659,2024-12-13,3,2,1,3,Yes,1250.0
5724,1659,2025-12-29,3,2,1,3,No,1250.0
5734,1661,2020-12-13,3,3,2,3,No,1278.0
5733,1661,2021-12-12,3,2,4,4,Yes,1278.0
5732,1661,2022-12-19,3,2,4,3,No,1278.0
5731,1661,2023-12-29,3,4,2,3,Yes,1278.0
5730,1661,2024-12-13,3,4,2,2,No,1278.0
5729,1661,2025-12-31,3,3,3,3,Yes,1278.0
5738,1662,2022-12-21,3,2,4,2,No,1026.0
5737,1662,2023-12-25,3,3,3,4,No,1026.0
5736,1662,2024-12-15,3,3,3,4,No,1026.0
5735,1662,2025-12-11,3,3,4,3,No,1026.0
5744,1664,2020-12-23,3,1,3,3,No,119.0
5743,1664,2021-12-23,3,1,3,2,No,119.0
5742,1664,2022-12-24,3,2,4,4,No,119.0
5741,1664,2023-12-29,3,1,3,3,No,119.0
5740,1664,2024-12-18,4,2,4,2,No,119.0
5739,1664,2025-12-18,4,1,4,3,No,119.0
5750,1665,2020-12-16,4,3,1,2,No,374.0
5749,1665,2021-12-11,4,3,2,3,Yes,374.0
5748,1665,2022-12-31,3,3,3,2,No,374.0
5747,1665,2023-12-19,3,2,2,2,No,374.0
5746,1665,2024-12-23,4,3,3,3,No,374.0
5745,1665,2025-12-22,4,3,2,3,No,374.0
5756,1666,2020-12-17,4,3,4,4,No,141.0
5755,1666,2021-12-21,4,2,3,4,No,141.0
5754,1666,2022-12-15,3,4,2,2,No,141.0
5753,1666,2023-12-18,3,3,4,3,No,141.0
5752,1666,2024-12-31,3,2,4,2,No,141.0
5751,1666,2025-12-20,4,3,3,3,No,141.0
5762,1667,2020-08-19,3,4,4,4,Yes,1070.0
5761,1667,2021-08-19,4,3,3,3,No,1070.0
5760,1667,2022-08-20,4,4,4,4,Yes,1070.0
5759,1667,2023-08-09,4,4,3,3,Yes,1070.0
5758,1667,2024-08-10,3,4,3,3,Yes,1070.0
5757,1667,2025-08-17,4,4,4,4,Yes,1070.0
5768,1668,2020-12-12,3,3,4,3,No,447.0
5767,1668,2021-12-25,3,4,4,3,No,447.0
5766,1668,2022-12-19,3,3,4,4,No,447.0
5765,1668,2023-12-26,3,4,4,4,No,447.0
5764,1668,2024-12-21,3,4,4,4,Yes,447.0
5763,1668,2025-12-17,3,4,4,4,No,447.0
5774,1669,2020-12-19,3,3,1,2,Yes,174.0
5773,1669,2021-12-28,3,2,2,2,Yes,174.0
5772,1669,2022-12-27,3,3,1,1,No,174.0
5771,1669,2023-12-15,3,1,1,2,No,174.0
5770,1669,2024-12-14,3,2,1,1,Yes,174.0
5769,1669,2025-12-12,3,2,1,2,Yes,174.0
5780,1670,2020-12-13,3,3,4,4,No,1050.0
5779,1670,2021-12-16,3,4,4,4,No,1050.0
5778,1670,2022-12-19,3,4,3,2,Yes,1050.0
5777,1670,2023-12-21,3,4,4,2,No,1050.0
5776,1670,2024-12-27,3,3,4,3,No,1050.0
5775,1670,2025-12-14,3,4,4,3,No,1050.0
5786,1671,2020-12-30,3,2,4,1,No,1789.0
5785,1671,2021-12-25,3,3,4,3,Yes,1789.0
5784,1671,2022-12-25,3,2,4,1,Yes,1789.0
5783,1671,2023-12-25,3,3,4,3,No,1789.0
5782,1671,2024-12-12,3,1,4,1,No,1789.0
5781,1671,2025-12-25,3,2,4,2,No,1789.0
5792,1673,2020-12-18,3,3,2,2,No,1319.0
5791,1673,2021-12-21,3,4,1,3,No,1319.0
5790,1673,2022-12-22,3,4,2,3,No,1319.0
5789,1673,2023-12-27,3,4,2,3,No,1319.0
5788,1673,2024-12-19,3,4,1,2,No,1319.0
5787,1673,2025-12-25,3,4,1,3,No,1319.0
5795,1674,2023-12-26,3,2,3,2,Yes,58.0
5794,1674,2024-12-24,3,1,4,3,Yes,58.0
5793,1674,2025-12-26,3,1,4,2,Yes,58.0
5800,1675,2021-12-25,4,2,3,4,No,1128.0
5799,1675,2022-12-21,3,1,4,4,Yes,1128.0
5798,1675,2023-12-14,4,3,4,2,No,1128.0
5797,1675,2024-12-17,4,1,3,3,No,1128.0
5796,1675,2025-12-20,4,2,4,3,No,1128.0
5803,1676,2023-12-12,3,1,3,3,No,787.0
5802,1676,2024-12-27,3,2,3,4,Yes,787.0
5801,1676,2025-12-18,3,2,2,3,No,787.0
5809,1677,2020-12-15,3,4,2,4,Yes,787.0
5808,1677,2021-12-22,3,3,2,4,No,787.0
5807,1677,2022-12-16,3,3,4,3,No,787.0
5806,1677,2024-01-01,3,2,3,4,No,787.0
5805,1677,2024-12-18,3,4,2,3,No,787.0
5804,1677,2025-12-19,3,3,3,3,No,787.0
5812,1678,2024-01-01,3,2,4,3,No,1716.0
5811,1678,2024-12-11,3,2,4,2,No,1716.0
5810,1678,2025-12-12,3,3,4,3,Yes,1716.0
5815,1680,2023-12-27,3,1,4,3,No,302.0
5814,1680,2024-12-23,3,2,4,3,No,302.0
5813,1680,2025-12-12,3,1,4,3,No,302.0
5821,1681,2020-12-14,3,4,3,3,Yes,1050.0
5820,1681,2021-12-15,4,4,3,4,No,1050.0
5819,1681,2022-12-13,4,4,3,2,Yes,1050.0
5818,1681,2023-12-29,4,4,3,3,No,1050.0
5817,1681,2024-12-26,3,3,4,3,No,1050.0
5816,1681,2025-12-14,4,4,3,3,Yes,1050.0
5825,1682,2022-12-15,3,4,1,3,No,119.0
5824,1682,2023-12-30,3,2,1,1,No,119.0
5823,1682,2024-12-21,3,4,1,2,No,119.0
5822,1682,2025-12-25,3,3,1,2,No,119.0
5828,1683,2023-12-17,3,3,3,2,No,1098.0
5827,1683,2024-12-28,3,4,4,2,Yes,1098.0
5826,1683,2025-12-28,3,4,3,3,Yes,1098.0
5834,1684,2020-11-03,3,3,3,3,Yes,468.0
5833,1684,2021-11-08,3,4,4,3,Yes,468.0
5832,1684,2022-11-01,3,2,3,3,Yes,468.0
5831,1684,2023-11-09,3,2,4,4,Yes,468.0
5830,1684,2024-11-06,3,3,3,4,Yes,468.0
5829,1684,2025-11-09,3,3,4,3,Yes,468.0
5835,1687,2025-12-24,3,3,4,2,No,1128.0
5840,1689,2021-12-29,3,4,2,4,No,1606.0
5839,1689,2022-12-19,3,4,1,4,Yes,1606.0
5838,1689,2023-12-21,3,3,2,2,No,1606.0
5837,1689,2024-12-23,3,3,2,2,No,1606.0
5836,1689,2025-12-19,3,4,2,3,No,1606.0
5846,1691,2019-07-17,3,2,4,2,Yes,118.0
5845,1691,2020-07-06,3,3,4,2,Yes,118.0
5844,1691,2021-07-11,3,3,3,2,Yes,118.0
5843,1691,2022-07-20,3,4,3,2,Yes,118.0
5842,1691,2023-07-08,3,3,4,2,Yes,118.0
5841,1691,2024-07-09,3,3,4,3,Yes,118.0
5848,1692,2023-05-29,3,3,4,3,No,815.0
5847,1692,2024-05-30,3,2,4,3,No,815.0
5854,1693,2020-12-15,3,3,4,3,No,843.0
5853,1693,2021-12-28,4,3,4,2,No,843.0
5852,1693,2022-12-16,3,3,4,2,No,843.0
5851,1693,2023-12-26,3,4,4,2,Yes,843.0
5850,1693,2024-12-26,4,4,4,3,Yes,843.0
5849,1693,2025-12-27,4,4,4,3,No,843.0
5859,1694,2021-12-25,3,2,1,4,No,1255.0
5858,1694,2022-12-29,3,3,2,3,No,1255.0
5857,1694,2023-12-25,3,3,1,2,No,1255.0
5856,1694,2024-12-15,3,3,2,3,No,1255.0
5855,1694,2025-12-20,3,2,1,3,No,1255.0
5865,1696,2020-12-12,3,3,2,3,No,1069.0
5864,1696,2021-12-19,3,4,2,4,No,1069.0
5863,1696,2022-12-27,3,4,1,4,No,1069.0
5862,1696,2023-12-13,3,4,1,4,Yes,1069.0
5861,1696,2024-12-30,3,4,3,4,Yes,1069.0
5860,1696,2025-12-26,3,4,2,4,No,1069.0
5867,1697,2024-12-28,4,3,4,4,Yes,258.0
5866,1697,2025-12-23,4,4,3,4,No,258.0
5873,1698,2020-12-24,3,2,2,4,No,901.0
5872,1698,2021-12-20,3,3,1,4,No,901.0
5871,1698,2022-12-21,3,2,2,3,Yes,901.0
5870,1698,2023-12-30,3,3,2,2,Yes,901.0
5869,1698,2024-12-24,3,2,3,2,No,901.0
5868,1698,2025-12-12,3,2,2,3,No,901.0
5879,1700,2020-12-19,3,4,2,1,No,81.0
5878,1700,2021-12-23,3,4,2,1,No,81.0
5877,1700,2022-12-23,3,4,2,1,No,81.0
5876,1700,2023-12-17,3,4,4,3,No,81.0
5875,1700,2024-12-25,3,3,3,1,No,81.0
5874,1700,2025-12-27,3,4,3,2,No,81.0
5885,1701,2020-12-12,3,3,2,2,No,730.0
5884,1701,2021-12-21,3,3,2,3,No,730.0
5883,1701,2022-12-18,3,3,2,2,No,730.0
5882,1701,2023-12-21,3,3,1,4,No,730.0
5881,1701,2024-12-25,3,3,3,3,No,730.0
5880,1701,2025-12-28,3,4,2,3,No,730.0
5889,1702,2022-06-16,4,3,2,3,Yes,1869.0
5888,1702,2023-06-08,3,4,3,3,No,1869.0
5887,1702,2024-06-11,3,4,3,2,Yes,1869.0
5886,1702,2025-05-30,4,4,3,3,Yes,1869.0
5895,1703,2020-12-20,3,4,2,4,Yes,1606.0
5894,1703,2021-12-12,3,4,4,3,Yes,1606.0
5893,1703,2022-12-22,3,3,4,4,No,1606.0
5892,1703,2023-12-18,3,3,2,2,No,1606.0
5891,1703,2024-12-14,3,4,4,2,Yes,1606.0
5890,1703,2025-12-31,3,4,3,3,Yes,1606.0
5901,1704,2020-12-11,3,4,2,4,No,1422.0
5900,1704,2021-12-20,3,3,1,3,Yes,1422.0
5899,1704,2022-12-17,3,4,1,4,Yes,1422.0
5898,1704,2023-12-16,3,4,1,4,Yes,1422.0
5897,1704,2024-12-17,3,4,2,4,Yes,1422.0
5896,1704,2025-12-31,3,4,1,4,Yes,1422.0
5907,1706,2020-12-27,3,3,4,4,Yes,1975.0
5906,1706,2021-12-28,3,4,4,2,Yes,1975.0
5905,1706,2022-12-21,3,3,4,4,Yes,1975.0
5904,1706,2023-12-12,3,4,4,4,No,1975.0
5903,1706,2024-12-16,3,3,4,2,No,1975.0
5902,1706,2025-12-27,3,4,4,3,Yes,1975.0
5913,1707,2020-12-16,3,4,3,3,Yes,468.0
5912,1707,2021-12-31,3,4,2,3,No,468.0
5911,1707,2022-12-25,3,2,4,3,No,468.0
5910,1707,2023-12-13,3,2,4,3,No,468.0
5909,1707,2024-12-17,3,3,2,3,Yes,468.0
5908,1707,2025-12-11,3,3,3,3,No,468.0
5919,1708,2020-12-19,3,4,4,4,No,1716.0
5918,1708,2021-12-24,3,4,3,2,No,1716.0
5917,1708,2022-12-23,3,3,3,3,No,1716.0
5916,1708,2023-12-29,3,3,4,4,No,1716.0
5915,1708,2024-12-25,3,3,3,4,No,1716.0
5914,1708,2025-12-16,3,3,4,3,No,1716.0
5925,1709,2020-12-15,3,3,3,4,No,1443.0
5924,1709,2021-12-22,3,2,3,4,No,1443.0
5923,1709,2022-12-12,3,4,3,3,Yes,1443.0
5922,1709,2023-12-22,3,3,4,3,Yes,1443.0
5921,1709,2024-12-29,3,2,4,4,Yes,1443.0
5920,1709,2025-12-22,3,3,4,3,No,1443.0
5931,1710,2020-12-18,3,4,4,2,No,81.0
5930,1710,2021-12-31,3,4,3,3,No,81.0
5929,1710,2022-12-16,3,4,4,3,No,81.0
5928,1710,2023-12-23,3,4,2,2,No,81.0
5927,1710,2024-12-30,3,4,2,2,No,81.0
5926,1710,2025-12-30,3,4,3,2,No,81.0
5937,1712,2020-12-12,3,2,3,1,No,1606.0
5936,1712,2021-12-31,4,3,4,3,Yes,1606.0
5935,1712,2022-12-30,3,3,4,1,No,1606.0
5934,1712,2023-12-19,4,4,3,1,Yes,1606.0
5933,1712,2024-12-26,4,4,4,1,Yes,1606.0
5932,1712,2025-12-17,4,3,3,2,No,1606.0
5939,1714,2024-07-20,3,4,3,3,No,590.0
5938,1714,2025-07-16,3,3,4,3,No,590.0
5945,1716,2020-08-07,3,2,4,1,No,532.0
5944,1716,2021-08-07,3,4,2,1,No,532.0
5943,1716,2022-08-10,3,2,2,2,No,532.0
5942,1716,2023-07-29,3,4,3,1,No,532.0
5941,1716,2024-08-02,3,3,3,2,No,532.0
5940,1716,2025-07-24,3,3,3,1,No,532.0
5949,1718,2022-12-16,3,2,4,4,No,1666.0
5948,1718,2023-12-17,3,2,3,4,No,1666.0
5947,1718,2024-12-23,3,4,4,4,No,1666.0
5946,1718,2025-12-16,3,3,4,4,No,1666.0
5955,1719,2020-12-28,3,3,3,2,No,80.0
5954,1719,2021-12-12,3,2,4,4,No,80.0
5953,1719,2022-12-24,3,1,3,3,Yes,80.0
5952,1719,2023-12-18,3,3,4,4,No,80.0
5951,1719,2024-12-31,3,2,3,2,No,80.0
5950,1719,2025-12-26,3,2,4,3,No,80.0
5961,1720,2020-12-12,3,4,1,1,No,815.0
5960,1720,2021-12-27,3,3,1,3,No,815.0
5959,1720,2022-12-12,3,3,1,1,No,815.0
5958,1720,2023-12-28,3,3,1,2,No,815.0
5957,1720,2024-12-13,3,3,1,1,No,815.0
5956,1720,2025-12-31,3,3,1,2,No,815.0
5967,1721,2020-12-17,3,2,2,3,No,997.0
5966,1721,2021-12-22,3,3,1,4,No,997.0
5965,1721,2022-12-29,3,4,3,4,Yes,997.0
5964,1721,2023-12-30,3,4,1,4,No,997.0
5963,1721,2024-12-14,3,3,1,4,No,997.0
5962,1721,2025-12-24,3,3,2,4,No,997.0
5971,1722,2022-12-18,3,3,4,2,No,1744.0
5970,1722,2023-12-23,3,3,4,3,No,1744.0
5969,1722,2024-12-21,3,3,3,3,Yes,1744.0
5968,1722,2025-12-19,3,2,3,3,No,1744.0
5973,1724,2024-12-17,3,1,2,3,No,601.0
5972,1724,2025-12-15,3,1,2,3,Yes,601.0
5979,1725,2020-12-28,3,1,3,4,No,468.0
5978,1725,2021-12-17,3,1,3,3,No,468.0
5977,1725,2022-12-21,3,2,3,4,No,468.0
5976,1725,2023-12-12,3,1,2,3,No,468.0
5975,1725,2024-12-11,3,1,1,4,No,468.0
5974,1725,2025-12-11,3,1,2,4,No,468.0
5985,1727,2020-12-13,3,2,4,3,No,1661.0
5984,1727,2021-12-11,3,1,3,2,No,1661.0
5983,1727,2022-12-24,3,1,4,2,No,1661.0
5982,1727,2023-12-13,3,1,3,4,Yes,1661.0
5981,1727,2024-12-23,3,1,3,3,No,1661.0
5980,1727,2025-12-25,3,2,3,3,No,1661.0
5991,1728,2020-12-25,3,2,4,2,No,1026.0
5990,1728,2021-12-11,3,3,4,4,No,1026.0
5989,1728,2022-12-15,3,4,4,3,No,1026.0
5988,1728,2023-12-26,3,2,4,4,Yes,1026.0
5987,1728,2024-12-28,3,3,4,4,No,1026.0
5986,1728,2025-12-16,3,3,4,3,No,1026.0
5997,1729,2020-12-15,3,4,2,2,No,1539.0
5996,1729,2021-12-20,3,3,1,2,Yes,1539.0
5995,1729,2022-12-16,3,4,2,2,No,1539.0
5994,1729,2023-12-15,3,4,1,2,Yes,1539.0
5993,1729,2024-12-31,3,3,3,1,No,1539.0
5992,1729,2025-12-24,3,4,2,2,No,1539.0
5999,1731,2024-12-12,3,3,4,2,Yes,1975.0
5998,1731,2025-12-11,3,2,3,1,No,1975.0
6005,1732,2020-12-17,3,4,3,2,No,746.0
6004,1732,2021-12-18,3,4,3,2,No,746.0
6003,1732,2022-12-13,3,3,3,3,Yes,746.0
6002,1732,2023-12-18,3,4,4,1,Yes,746.0
6001,1732,2024-12-22,3,3,3,2,No,746.0
6000,1732,2025-12-28,3,4,3,2,Yes,746.0
6008,1733,2023-06-30,3,2,2,3,Yes,106.0
6007,1733,2024-06-17,3,1,1,4,No,106.0
6006,1733,2025-06-29,3,1,2,3,Yes,106.0
6009,1734,2024-08-02,3,2,1,3,No,1968.0
6013,1735,2022-12-25,3,2,2,1,No,468.0
6012,1735,2023-12-15,3,3,3,2,No,468.0
6011,1735,2024-12-22,3,2,4,1,Yes,468.0
6010,1735,2025-12-17,3,2,3,1,No,468.0
6019,1736,2020-12-19,4,4,3,1,Yes,1283.0
6018,1736,2021-12-27,4,4,4,3,No,1283.0
6017,1736,2022-12-31,3,4,4,3,No,1283.0
6016,1736,2023-12-29,3,4,4,3,No,1283.0
6015,1736,2024-12-29,3,3,4,3,No,1283.0
6014,1736,2025-12-11,4,4,4,2,No,1283.0
6025,1737,2020-12-20,3,4,4,4,Yes,1867.0
6024,1737,2021-12-24,3,3,4,3,No,1867.0
6023,1737,2022-12-16,3,4,4,4,No,1867.0
6022,1737,2023-12-22,3,3,4,3,Yes,1867.0
6021,1737,2024-12-30,3,3,4,3,Yes,1867.0
6020,1737,2025-12-13,3,4,4,3,Yes,1867.0
6029,1739,2023-01-01,3,2,3,1,Yes,1039.0
6028,1739,2023-12-29,3,2,3,1,No,1039.0
6027,1739,2024-12-28,3,2,3,2,No,1039.0
6026,1739,2025-12-27,3,3,4,1,No,1039.0
6035,1740,2020-12-12,3,2,2,1,No,1338.0
6034,1740,2021-12-24,3,2,1,2,Yes,1338.0
6033,1740,2022-12-17,3,2,2,3,Yes,1338.0
6032,1740,2023-12-15,3,1,1,2,No,1338.0
6031,1740,2024-12-23,3,3,2,2,No,1338.0
6030,1740,2025-12-13,3,2,2,2,No,1338.0
6041,1744,2020-12-26,4,3,4,4,No,698.0
6040,1744,2021-12-19,4,4,2,3,No,698.0
6039,1744,2022-12-26,4,4,3,4,No,698.0
6038,1744,2023-12-16,4,4,4,4,No,698.0
6037,1744,2024-12-19,3,4,3,4,No,698.0
6036,1744,2025-12-26,4,3,3,4,No,698.0
6047,1745,2020-12-15,3,1,3,2,No,1539.0
6046,1745,2021-12-11,3,1,3,3,No,1539.0
6045,1745,2022-12-27,3,1,4,3,No,1539.0
6044,1745,2023-12-19,3,2,3,2,No,1539.0
6043,1745,2024-12-22,3,2,4,3,No,1539.0
6042,1745,2025-12-16,3,1,4,3,No,1539.0
6050,1746,2023-12-14,3,4,1,4,No,590.0
6049,1746,2024-12-16,3,3,1,2,Yes,590.0
6048,1746,2025-12-19,3,4,1,3,No,590.0
6055,1747,2020-05-03,3,4,4,1,No,590.0
6054,1747,2021-05-02,3,4,2,1,No,590.0
6053,1747,2022-04-20,3,3,3,3,Yes,590.0
6052,1747,2023-04-25,3,4,4,1,Yes,590.0
6051,1747,2024-04-30,3,4,3,2,No,590.0
6061,1749,2020-12-24,3,3,1,4,No,1319.0
6060,1749,2021-12-14,3,3,1,4,No,1319.0
6059,1749,2023-01-01,3,2,2,2,No,1319.0
6058,1749,2023-12-18,3,3,1,3,No,1319.0
6057,1749,2024-12-12,3,2,2,4,Yes,1319.0
6056,1749,2025-12-11,3,3,1,3,No,1319.0
6067,1751,2020-12-11,3,4,3,3,No,520.0
6066,1751,2021-12-27,3,3,4,2,No,520.0
6065,1751,2022-12-18,3,3,4,2,No,520.0
6064,1751,2023-12-25,3,4,3,2,Yes,520.0
6063,1751,2024-12-14,3,3,2,3,No,520.0
6062,1751,2025-12-27,3,4,3,2,No,520.0
6070,1752,2023-07-11,3,3,1,4,No,1732.0
6069,1752,2024-07-09,3,2,2,3,Yes,1732.0
6068,1752,2025-07-02,3,2,2,3,No,1732.0
6074,1753,2022-12-15,3,3,4,3,No,165.0
6073,1753,2023-12-20,3,2,4,3,No,165.0
6072,1753,2024-12-18,3,4,4,4,No,165.0
6071,1753,2025-12-16,3,3,4,4,Yes,165.0
6080,1754,2020-12-27,3,1,4,2,No,404.0
6079,1754,2021-12-19,3,2,4,4,No,404.0
6078,1754,2022-12-25,3,1,4,3,Yes,404.0
6077,1754,2023-12-12,3,1,4,4,Yes,404.0
6076,1754,2024-12-27,3,1,2,4,No,404.0
6075,1754,2025-12-30,3,1,3,3,No,404.0
6086,1755,2020-12-14,3,4,3,2,No,730.0
6085,1755,2021-12-13,3,4,4,2,Yes,730.0
6084,1755,2022-12-29,3,3,4,4,No,730.0
6083,1755,2023-12-19,3,4,4,2,No,730.0
6082,1755,2024-12-28,3,3,4,3,Yes,730.0
6081,1755,2025-12-25,3,4,4,3,Yes,730.0
6092,1756,2020-12-28,3,3,4,3,No,1050.0
6091,1756,2021-12-23,3,3,4,1,No,1050.0
6090,1756,2022-12-25,3,2,4,1,Yes,1050.0
6089,1756,2024-01-01,3,2,4,2,No,1050.0
6088,1756,2024-12-27,3,3,4,3,No,1050.0
6087,1756,2025-12-13,3,2,4,2,No,1050.0
6098,1757,2020-12-24,3,4,4,3,No,986.0
6097,1757,2021-12-31,3,4,4,4,No,986.0
6096,1757,2022-12-13,3,4,3,4,Yes,986.0
6095,1757,2023-12-21,3,4,4,4,No,986.0
6094,1757,2024-12-13,3,4,4,4,Yes,986.0
6093,1757,2025-12-31,3,4,4,4,No,986.0
6099,1758,2024-12-14,4,1,1,2,Yes,1863.0
6105,1760,2020-12-28,3,1,2,1,No,1837.0
6104,1760,2021-12-13,3,3,2,3,No,1837.0
6103,1760,2022-12-20,3,3,3,1,Yes,1837.0
6102,1760,2023-12-24,3,2,2,1,No,1837.0
6101,1760,2024-12-23,3,1,3,1,No,1837.0
6100,1760,2025-12-30,3,2,3,2,No,1837.0
6107,1761,2023-06-07,3,4,1,2,No,1039.0
6106,1761,2024-06-11,3,3,1,3,No,1039.0
6109,1762,2024-12-26,3,1,4,3,No,1443.0
6108,1762,2025-12-12,3,1,4,3,No,1443.0
6115,1763,2020-12-23,3,4,4,3,No,165.0
6114,1763,2021-12-27,3,2,4,2,No,165.0
6113,1763,2022-12-31,3,4,4,2,No,165.0
6112,1763,2023-12-26,3,2,3,3,No,165.0
6111,1763,2024-12-13,3,2,4,4,No,165.0
6110,1763,2025-12-21,3,3,3,3,No,165.0
6121,1764,2020-12-13,3,3,3,2,No,815.0
6120,1764,2021-12-16,3,2,3,4,No,815.0
6119,1764,2022-12-29,3,1,2,2,No,815.0
6118,1764,2023-12-27,3,3,1,4,Yes,815.0
6117,1764,2024-12-20,3,1,1,3,No,815.0
6116,1764,2025-12-27,3,2,2,3,No,815.0
6123,1766,2024-12-31,3,3,1,4,Yes,119.0
6122,1766,2025-12-22,3,4,2,3,Yes,119.0
6125,1767,2023-05-17,3,3,4,2,Yes,1035.0
6124,1767,2024-06-04,3,3,3,3,Yes,1035.0
6131,1768,2020-12-26,4,1,2,1,No,1035.0
6130,1768,2021-12-17,3,2,2,1,No,1035.0
6129,1768,2022-12-24,3,2,3,1,No,1035.0
6128,1768,2023-12-30,3,2,3,2,Yes,1035.0
6127,1768,2024-12-29,4,1,3,1,No,1035.0
6126,1768,2025-12-31,4,2,2,2,No,1035.0
6133,1770,2024-12-25,3,1,4,4,No,825.0
6132,1770,2025-12-28,3,1,3,3,No,825.0
6139,1771,2020-12-18,3,1,4,2,Yes,1217.0
6138,1771,2021-12-11,3,1,3,1,No,1217.0
6137,1771,2022-12-17,3,1,3,1,Yes,1217.0
6136,1771,2023-12-31,3,3,4,2,No,1217.0
6135,1771,2024-12-11,3,3,3,3,Yes,1217.0
6134,1771,2025-12-26,3,2,4,2,No,1217.0
6145,1772,2020-12-28,4,1,2,2,No,352.0
6144,1772,2021-12-19,3,2,2,4,No,352.0
6143,1772,2022-12-31,4,1,4,4,No,352.0
6142,1772,2023-12-19,4,2,2,2,No,352.0
6141,1772,2024-12-27,3,1,4,2,No,352.0
6140,1772,2025-12-29,4,1,3,3,No,352.0
6151,1774,2020-12-29,3,3,4,2,No,862.0
6150,1774,2021-12-13,3,2,4,4,Yes,862.0
6149,1774,2023-01-01,3,2,4,2,No,862.0
6148,1774,2023-12-23,3,4,4,4,Yes,862.0
6147,1774,2024-12-12,3,4,4,3,No,862.0
6146,1774,2025-12-29,3,3,4,3,Yes,862.0
6155,1775,2022-12-13,4,4,2,3,Yes,1032.0
6154,1775,2023-12-21,3,2,2,2,Yes,1032.0
6153,1775,2024-12-11,3,3,1,2,Yes,1032.0
6152,1775,2025-12-24,4,3,1,2,Yes,1032.0
6161,1778,2020-12-15,3,3,3,4,No,1098.0
6160,1778,2021-12-20,3,4,2,2,No,1098.0
6159,1778,2022-12-20,3,4,2,4,No,1098.0
6158,1778,2024-01-01,3,3,2,3,No,1098.0
6157,1778,2024-12-12,3,4,3,4,No,1098.0
6156,1778,2025-12-16,3,4,2,3,No,1098.0
6164,1779,2023-12-30,3,4,3,4,No,862.0
6163,1779,2024-12-30,3,3,4,2,No,862.0
6162,1779,2025-12-13,3,4,4,3,No,862.0
6166,1780,2023-04-19,3,1,2,4,No,302.0
6165,1780,2024-04-17,3,2,2,3,No,302.0
6172,1782,2020-12-16,3,2,4,4,No,1837.0
6171,1782,2021-12-21,3,3,3,4,No,1837.0
6170,1782,2022-12-21,3,3,4,2,Yes,1837.0
6169,1782,2023-12-26,3,4,4,3,No,1837.0
6168,1782,2024-12-19,3,4,3,2,No,1837.0
6167,1782,2025-12-18,3,3,4,3,No,1837.0
6174,1783,2023-02-03,3,1,3,3,Yes,1485.0
6173,1783,2024-01-28,3,1,3,3,Yes,1485.0
6180,1784,2020-12-27,3,4,1,2,No,1319.0
6179,1784,2021-12-11,3,4,2,3,No,1319.0
6178,1784,2022-12-27,3,4,1,2,No,1319.0
6177,1784,2023-12-15,3,4,2,4,No,1319.0
6176,1784,2024-12-15,3,3,2,2,Yes,1319.0
6175,1784,2025-12-15,3,4,1,3,No,1319.0
6183,1786,2023-12-27,3,3,1,2,No,1578.0
6182,1786,2024-12-19,3,4,2,3,No,1578.0
6181,1786,2025-12-12,3,3,1,3,No,1578.0
6189,1787,2020-12-22,3,2,1,3,No,81.0
6188,1787,2021-12-21,3,2,1,4,Yes,81.0
6187,1787,2022-12-29,3,1,2,3,No,81.0
6186,1787,2023-12-19,3,3,2,2,No,81.0
6185,1787,2024-12-30,3,1,1,4,No,81.0
6184,1787,2025-12-22,3,2,2,3,No,81.0
6192,1789,2023-12-13,3,4,2,2,Yes,1770.0
6191,1789,2024-12-20,3,3,2,3,No,1770.0
6190,1789,2025-12-13,3,4,3,3,Yes,1770.0
6198,1790,2020-12-18,3,1,3,3,Yes,431.0
6197,1790,2021-12-27,3,1,4,3,Yes,431.0
6196,1790,2022-12-30,3,1,4,2,No,431.0
6195,1790,2023-12-29,3,1,4,4,No,431.0
6194,1790,2024-12-14,3,2,3,3,Yes,431.0
6193,1790,2025-12-30,3,1,4,3,Yes,431.0
6204,1792,2019-01-31,3,1,3,1,Yes,999.0
6203,1792,2020-02-02,3,1,4,3,Yes,999.0
6202,1792,2021-02-08,3,1,3,3,No,999.0
6201,1792,2022-01-27,3,1,3,2,No,999.0
6200,1792,2023-02-08,3,1,2,2,No,999.0
6199,1792,2024-01-31,3,2,3,2,Yes,999.0
6210,1794,2020-12-15,3,2,4,3,No,1744.0
6209,1794,2021-12-26,3,1,2,1,No,1744.0
6208,1794,2022-12-20,3,2,2,1,Yes,1744.0
6207,1794,2023-12-13,3,3,2,1,No,1744.0
6206,1794,2024-12-19,3,1,2,2,No,1744.0
6205,1794,2025-12-31,3,2,3,2,No,1744.0
6216,1797,2019-02-08,3,3,2,4,No,1070.0
6215,1797,2020-02-11,3,4,3,4,No,1070.0
6214,1797,2021-02-10,3,4,2,2,No,1070.0
6213,1797,2022-02-14,3,3,2,4,No,1070.0
6212,1797,2023-01-25,3,4,4,3,Yes,1070.0
6211,1797,2024-01-29,3,4,3,3,Yes,1070.0
6222,1798,2020-12-25,3,1,4,3,No,901.0
6221,1798,2021-12-18,3,2,3,4,No,901.0
6220,1798,2022-12-18,3,1,3,4,No,901.0
6219,1798,2023-12-16,3,1,3,2,No,901.0
6218,1798,2024-12-24,3,1,3,3,No,901.0
6217,1798,2025-12-26,3,1,4,3,No,901.0
6228,1799,2020-12-28,3,4,4,3,No,1719.0
6227,1799,2021-12-14,3,4,3,3,No,1719.0
6226,1799,2022-12-16,3,3,2,4,No,1719.0
6225,1799,2023-12-17,3,4,4,4,No,1719.0
6224,1799,2024-12-23,3,3,2,4,Yes,1719.0
6223,1799,2025-12-14,3,4,3,4,No,1719.0
6233,1800,2021-12-13,3,3,2,3,No,396.0
6232,1800,2022-12-16,4,4,2,2,No,396.0
6231,1800,2023-12-13,4,3,2,3,No,396.0
6230,1800,2024-12-25,3,4,4,3,No,396.0
6229,1800,2025-12-14,4,3,3,3,No,396.0
6236,1801,2023-12-30,3,1,2,2,Yes,1975.0
6235,1801,2024-12-21,3,1,1,3,No,1975.0
6234,1801,2025-12-25,3,2,2,3,No,1975.0
6241,1802,2021-12-22,3,1,3,2,No,1128.0
6240,1802,2022-12-31,3,1,4,1,No,1128.0
6239,1802,2023-12-30,3,2,2,1,No,1128.0
6238,1802,2024-12-18,3,1,3,2,No,1128.0
6237,1802,2025-12-29,3,1,3,2,No,1128.0
6242,1803,2025-12-30,3,1,2,2,No,372.0
6248,1804,2020-12-21,3,4,3,4,No,1026.0
6247,1804,2021-12-15,3,4,2,4,Yes,1026.0
6246,1804,2022-12-12,3,3,3,2,No,1026.0
6245,1804,2023-12-14,3,3,1,4,Yes,1026.0
6244,1804,2024-12-11,3,3,3,3,Yes,1026.0
6243,1804,2025-12-18,3,4,2,3,No,1026.0
6254,1805,2020-12-21,3,1,1,4,Yes,1098.0
6253,1805,2021-12-17,3,1,1,4,No,1098.0
6252,1805,2022-12-20,3,2,1,4,No,1098.0
6251,1805,2023-12-17,3,1,2,4,Yes,1098.0
6250,1805,2024-12-12,3,3,1,2,No,1098.0
6249,1805,2025-12-11,3,2,1,3,No,1098.0
6260,1807,2019-11-18,3,1,4,2,No,1069.0
6259,1807,2020-11-08,3,1,4,1,Yes,1069.0
6258,1807,2021-11-12,3,1,4,3,No,1069.0
6257,1807,2022-11-05,3,1,3,1,Yes,1069.0
6256,1807,2023-11-11,3,1,3,2,No,1069.0
6255,1807,2024-11-03,3,1,4,2,No,1069.0
6266,1809,2019-10-08,3,1,3,1,No,1026.0
6265,1809,2020-10-24,3,1,3,1,No,1026.0
6264,1809,2021-10-09,3,1,4,2,No,1026.0
6263,1809,2022-10-19,3,1,3,1,No,1026.0
6262,1809,2023-10-18,3,2,4,1,Yes,1026.0
6261,1809,2024-10-11,3,1,4,1,No,1026.0
6269,1812,2023-12-29,3,4,3,3,Yes,2056.0
6268,1812,2024-12-20,3,4,4,3,No,2056.0
6267,1812,2025-12-24,3,4,3,3,No,2056.0
6273,1813,2022-12-23,3,3,2,3,No,1035.0
6272,1813,2023-12-22,3,2,1,1,No,1035.0
6271,1813,2024-12-16,3,3,1,2,No,1035.0
6270,1813,2025-12-19,3,3,1,2,No,1035.0
6277,1814,2022-12-17,3,1,1,2,No,119.0
6276,1814,2023-12-20,3,1,2,2,No,119.0
6275,1814,2024-12-31,3,3,2,1,No,119.0
6274,1814,2025-12-15,3,2,2,1,No,119.0
6283,1815,2020-12-31,3,3,4,4,No,1716.0
6282,1815,2021-12-27,3,4,2,4,Yes,1716.0
6281,1815,2022-12-25,3,4,2,4,Yes,1716.0
6280,1815,2023-12-14,3,2,2,4,Yes,1716.0
6279,1815,2024-12-23,3,4,4,3,No,1716.0
6278,1815,2025-12-16,3,3,3,4,Yes,1716.0
6289,1816,2020-12-28,3,2,1,3,No,1005.0
6288,1816,2021-12-18,3,4,1,3,No,1005.0
6287,1816,2022-12-26,3,3,1,2,Yes,1005.0
6286,1816,2023-12-23,3,4,1,3,No,1005.0
6285,1816,2024-12-23,3,3,1,2,No,1005.0
6284,1816,2025-12-16,3,3,1,3,No,1005.0
6295,1818,2020-07-02,3,3,4,2,Yes,590.0
6294,1818,2021-07-06,3,3,4,4,No,590.0
6293,1818,2022-06-30,3,3,4,2,No,590.0
6292,1818,2023-07-07,3,1,4,2,No,590.0
6291,1818,2024-07-06,3,1,3,4,Yes,590.0
6290,1818,2025-07-14,3,2,4,3,Yes,590.0
6301,1821,2019-04-12,3,2,4,4,No,1661.0
6300,1821,2020-04-20,3,1,4,3,No,1661.0
6299,1821,2021-04-27,4,3,4,4,No,1661.0
6298,1821,2022-04-22,3,2,4,4,No,1661.0
6297,1821,2023-04-15,3,1,3,4,No,1661.0
6296,1821,2024-04-22,4,2,4,4,No,1661.0
6307,1822,2020-12-22,3,4,2,4,Yes,119.0
6306,1822,2021-12-18,3,3,2,4,No,119.0
6305,1822,2022-12-14,3,3,3,2,No,119.0
6304,1822,2023-12-26,3,4,3,4,No,119.0
6303,1822,2024-12-16,3,4,2,3,No,119.0
6302,1822,2025-12-27,3,4,3,3,No,119.0
6313,1823,2020-12-25,3,4,3,4,No,862.0
6312,1823,2021-12-15,3,2,3,2,No,862.0
6311,1823,2022-12-17,3,3,2,2,No,862.0
6310,1823,2023-12-20,4,4,3,3,Yes,862.0
6309,1823,2024-12-20,3,3,2,2,Yes,862.0
6308,1823,2025-12-29,4,3,2,3,No,862.0
6319,1824,2020-12-11,3,3,2,3,No,1338.0
6318,1824,2021-12-20,4,2,2,3,Yes,1338.0
6317,1824,2022-12-31,4,3,3,2,Yes,1338.0
6316,1824,2023-12-25,3,2,3,3,No,1338.0
6315,1824,2024-12-18,4,2,2,2,No,1338.0
6314,1824,2025-12-17,4,2,2,2,No,1338.0
6325,1826,2020-12-26,3,3,3,4,No,1422.0
6324,1826,2021-12-20,3,2,2,4,No,1422.0
6323,1826,2022-12-25,3,3,3,3,Yes,1422.0
6322,1826,2023-12-20,3,2,1,4,No,1422.0
6321,1826,2024-12-16,3,2,1,4,No,1422.0
6320,1826,2025-12-23,3,3,2,4,No,1422.0
6331,1827,2020-12-19,3,3,3,3,Yes,867.0
6330,1827,2021-12-17,3,3,3,2,No,867.0
6329,1827,2022-12-17,3,2,2,4,No,867.0
6328,1827,2023-12-19,3,3,2,3,Yes,867.0
6327,1827,2024-12-15,3,3,2,3,No,867.0
6326,1827,2025-12-13,3,2,3,3,Yes,867.0
6337,1829,2020-12-30,3,1,1,2,No,119.0
6336,1829,2021-12-24,3,2,1,2,No,119.0
6335,1829,2022-12-26,3,2,1,3,No,119.0
6334,1829,2023-12-18,3,2,1,3,No,119.0
6333,1829,2024-12-12,3,1,3,2,No,119.0
6332,1829,2025-12-22,3,1,2,3,No,119.0
6343,1830,2020-12-28,3,4,3,3,No,638.0
6342,1830,2021-12-31,3,3,4,2,No,638.0
6341,1830,2022-12-28,3,3,4,3,No,638.0
6340,1830,2023-12-24,3,3,3,3,Yes,638.0
6339,1830,2024-12-31,3,4,4,1,No,638.0
6338,1830,2025-12-15,3,4,4,2,No,638.0
6347,1833,2022-12-18,3,1,1,4,No,1039.0
6346,1833,2023-12-14,3,2,1,3,No,1039.0
6345,1833,2024-12-20,3,1,1,2,No,1039.0
6344,1833,2025-12-18,3,1,1,3,No,1039.0
6351,1834,2022-12-22,4,1,2,3,Yes,1719.0
6350,1834,2023-12-28,3,1,2,2,No,1719.0
6349,1834,2024-12-13,3,2,2,4,No,1719.0
6348,1834,2025-12-18,4,1,3,3,No,1719.0
6356,1835,2021-12-14,3,4,2,2,Yes,81.0
6355,1835,2022-12-24,4,4,2,1,No,81.0
6354,1835,2023-12-20,4,4,3,3,No,81.0
6353,1835,2024-12-19,4,3,1,2,Yes,81.0
6352,1835,2025-12-13,4,4,2,2,Yes,81.0
6362,1836,2020-12-12,3,3,2,2,No,2055.0
6361,1836,2021-12-24,3,4,3,2,No,2055.0
6360,1836,2022-12-12,3,4,2,4,No,2055.0
6359,1836,2023-12-27,3,3,4,4,Yes,2055.0
6358,1836,2024-12-26,3,4,3,4,Yes,2055.0
6357,1836,2025-12-17,3,4,3,3,No,2055.0
6365,1837,2023-12-21,3,2,1,2,No,522.0
6364,1837,2024-12-24,3,4,1,4,Yes,522.0
6363,1837,2025-12-21,3,3,1,3,Yes,522.0
6366,1839,2025-12-12,3,3,2,1,No,385.0
6368,1842,2024-09-07,3,1,4,3,No,2040.0
6367,1842,2025-09-14,3,1,4,3,No,2040.0
6371,1844,2022-10-02,3,2,1,4,No,590.0
6370,1844,2023-10-19,3,2,2,3,No,590.0
6369,1844,2024-10-16,3,1,1,3,Yes,590.0
6377,1845,2020-12-18,4,2,4,3,No,1975.0
6376,1845,2021-12-23,3,3,2,4,No,1975.0
6375,1845,2022-12-26,3,3,4,4,No,1975.0
6374,1845,2023-12-18,4,3,3,4,No,1975.0
6373,1845,2024-12-11,4,3,3,3,Yes,1975.0
6372,1845,2025-12-17,4,3,3,4,No,1975.0
6379,1847,2024-12-30,3,1,4,2,Yes,447.0
6378,1847,2025-12-24,4,2,4,3,Yes,447.0
6385,1849,2020-12-26,3,3,1,3,No,1975.0
6384,1849,2021-12-16,4,3,2,4,No,1975.0
6383,1849,2022-12-24,4,4,2,3,No,1975.0
6382,1849,2023-12-22,3,4,2,4,No,1975.0
6381,1849,2024-12-28,4,3,1,2,No,1975.0
6380,1849,2025-12-26,4,4,1,3,No,1975.0
6391,1850,2020-12-22,3,4,3,1,Yes,520.0
6390,1850,2021-12-24,3,4,3,1,No,520.0
6389,1850,2022-12-14,3,4,3,1,Yes,520.0
6388,1850,2024-01-01,3,4,3,1,Yes,520.0
6387,1850,2024-12-29,3,4,4,3,Yes,520.0
6386,1850,2025-12-12,3,4,4,2,Yes,520.0
6397,1852,2020-12-25,3,4,4,4,No,1443.0
6396,1852,2021-12-27,3,3,4,4,No,1443.0
6395,1852,2022-12-12,3,3,4,4,No,1443.0
6394,1852,2023-12-12,3,3,4,3,No,1443.0
6393,1852,2024-12-22,3,3,3,4,No,1443.0
6392,1852,2025-12-23,3,4,4,4,No,1443.0
6398,1853,2025-12-29,3,4,4,4,No,1968.0
6404,1854,2020-12-15,3,4,4,2,Yes,1035.0
6403,1854,2021-12-15,4,3,4,2,No,1035.0
6402,1854,2022-12-20,4,3,3,3,No,1035.0
6401,1854,2023-12-27,3,2,2,2,No,1035.0
6400,1854,2024-12-28,3,4,2,2,No,1035.0
6399,1854,2025-12-24,4,3,3,2,No,1035.0
6407,1856,2023-12-24,3,3,1,3,No,58.0
6406,1856,2024-12-20,3,2,1,3,No,58.0
6405,1856,2025-12-13,3,3,2,3,No,58.0
6413,1857,2020-12-27,3,4,4,3,No,867.0
6412,1857,2021-12-26,3,4,3,3,No,867.0
6411,1857,2022-12-27,3,3,4,2,No,867.0
6410,1857,2023-12-26,3,4,3,1,No,867.0
6409,1857,2024-12-15,3,3,3,2,No,867.0
6408,1857,2025-12-20,3,4,4,2,No,867.0
6417,1858,2022-12-13,3,3,3,4,No,590.0
6416,1858,2023-12-24,3,4,2,2,No,590.0
6415,1858,2024-12-30,3,4,3,4,No,590.0
6414,1858,2025-12-21,3,4,3,3,No,590.0
6423,1859,2020-12-30,3,3,4,3,No,165.0
6422,1859,2021-12-23,3,2,4,3,No,165.0
6421,1859,2022-12-30,3,3,3,2,No,165.0
6420,1859,2023-12-14,3,3,4,2,Yes,165.0
6419,1859,2024-12-14,3,4,3,3,No,165.0
6418,1859,2025-12-24,3,3,4,3,No,165.0
6424,1860,2025-12-23,3,3,4,3,No,1035.0
6427,1862,2022-01-17,3,2,3,1,No,1968.0
6426,1862,2023-02-03,3,2,4,1,Yes,1968.0
6425,1862,2024-01-30,3,2,3,2,Yes,1968.0
6433,1863,2020-12-20,3,1,1,3,Yes,532.0
6432,1863,2021-12-17,3,1,1,3,No,532.0
6431,1863,2022-12-24,3,1,2,2,Yes,532.0
6430,1863,2023-12-25,3,2,1,4,No,532.0
6429,1863,2024-12-30,3,1,1,4,Yes,532.0
6428,1863,2025-12-28,3,1,1,3,No,532.0
6439,1864,2020-12-13,3,2,2,4,No,2055.0
6438,1864,2021-12-27,3,2,2,4,No,2055.0
6437,1864,2022-12-15,4,2,3,4,No,2055.0
6436,1864,2023-12-14,3,3,3,3,No,2055.0
6435,1864,2024-12-21,4,2,3,2,No,2055.0
6434,1864,2025-12-25,4,3,2,3,No,2055.0
6441,1865,2024-12-24,3,1,3,4,No,590.0
6440,1865,2025-12-15,3,2,4,3,No,590.0
6447,1866,2020-12-29,3,3,2,3,No,1191.0
6446,1866,2021-12-27,3,2,1,3,No,1191.0
6445,1866,2022-12-16,3,3,1,4,No,1191.0
6444,1866,2023-12-24,3,4,2,3,No,1191.0
6443,1866,2024-12-29,3,3,1,3,No,1191.0
6442,1866,2025-12-25,3,3,1,3,No,1191.0
6453,1867,2020-12-24,3,3,3,4,Yes,254.0
6452,1867,2021-12-27,3,2,3,2,No,254.0
6451,1867,2022-12-30,3,1,3,2,No,254.0
6450,1867,2023-12-17,3,1,3,4,Yes,254.0
6449,1867,2024-12-24,3,3,4,3,No,254.0
6448,1867,2025-12-29,3,2,4,3,No,254.0
6455,1868,2023-01-02,3,4,4,2,No,1443.0
6454,1868,2024-01-11,4,4,4,2,Yes,1443.0
6461,1869,2019-03-26,4,1,2,3,Yes,746.0
6460,1869,2020-03-21,4,1,3,4,Yes,746.0
6459,1869,2021-03-26,4,1,2,3,No,746.0
6458,1869,2022-04-06,4,1,2,2,No,746.0
6457,1869,2023-03-26,3,1,4,3,No,746.0
6456,1869,2024-04-09,4,2,3,3,No,746.0
6467,1870,2020-12-30,3,1,4,1,No,661.0
6466,1870,2021-12-19,3,2,4,2,No,661.0
6465,1870,2022-12-13,3,2,4,3,No,661.0
6464,1870,2023-12-20,3,1,3,2,No,661.0
6463,1870,2024-12-25,3,1,4,3,Yes,661.0
6462,1870,2025-12-14,3,1,4,2,No,661.0
6470,1871,2023-12-12,3,4,4,2,No,1867.0
6469,1871,2024-12-25,3,4,4,4,Yes,1867.0
6468,1871,2025-12-11,3,4,4,3,No,1867.0
6476,1873,2020-12-16,3,4,3,4,No,58.0
6475,1873,2021-12-22,3,4,2,3,Yes,58.0
6474,1873,2022-12-13,4,4,3,4,No,58.0
6473,1873,2023-12-13,3,4,1,4,No,58.0
6472,1873,2024-12-23,3,4,1,4,No,58.0
6471,1873,2025-12-19,4,4,2,4,No,58.0
6478,1875,2024-12-18,3,2,1,2,No,1732.0
6477,1875,2025-12-13,3,2,2,3,No,1732.0
6480,1876,2024-04-26,3,4,3,3,No,1732.0
6479,1876,2025-04-27,3,4,2,2,No,1732.0
6482,1878,2024-02-03,3,1,4,4,No,1485.0
6481,1878,2025-01-31,4,2,4,3,Yes,1485.0
6488,1880,2020-12-31,3,4,3,3,Yes,106.0
6487,1880,2021-12-29,3,4,1,3,No,106.0
6486,1880,2022-12-14,3,4,2,2,No,106.0
6485,1880,2023-12-12,3,3,2,4,No,106.0
6484,1880,2024-12-14,3,3,2,3,Yes,106.0
6483,1880,2025-12-23,3,3,2,3,Yes,106.0
6494,1881,2020-12-27,3,2,1,2,No,1608.0
6493,1881,2021-12-28,3,3,3,3,No,1608.0
6492,1881,2022-12-13,3,2,1,3,No,1608.0
6491,1881,2023-12-24,3,4,3,4,Yes,1608.0
6490,1881,2024-12-20,3,3,2,2,No,1608.0
6489,1881,2025-12-18,3,3,2,3,No,1608.0
6500,1882,2020-12-24,3,4,2,4,Yes,1863.0
6499,1882,2021-12-12,3,4,4,4,Yes,1863.0
6498,1882,2022-12-23,3,3,4,4,No,1863.0
6497,1882,2024-01-01,3,4,2,2,Yes,1863.0
6496,1882,2024-12-24,3,3,3,4,No,1863.0
6495,1882,2025-12-17,3,4,3,3,Yes,1863.0
6504,1883,2022-12-18,3,1,4,3,No,575.0
6503,1883,2023-12-24,3,1,3,4,Yes,575.0
6502,1883,2024-12-24,3,2,4,2,No,575.0
6501,1883,2025-12-27,3,1,4,3,No,575.0
6510,1885,2020-12-22,3,2,3,4,Yes,447.0
6509,1885,2021-12-15,4,1,3,3,Yes,447.0
6508,1885,2022-12-26,4,2,4,4,Yes,447.0
6507,1885,2023-12-15,3,1,4,3,Yes,447.0
6506,1885,2024-12-21,3,2,4,3,No,447.0
6505,1885,2025-12-17,4,1,4,3,Yes,447.0
6514,1886,2022-12-20,3,1,3,4,No,1026.0
6513,1886,2023-12-30,3,2,4,3,No,1026.0
6512,1886,2024-12-31,3,2,4,3,No,1026.0
6511,1886,2025-12-13,3,2,4,3,Yes,1026.0
6520,1888,2020-12-21,3,4,1,2,Yes,2034.0
6519,1888,2021-12-15,3,4,3,1,Yes,2034.0
6518,1888,2022-12-20,3,4,2,3,No,2034.0
6517,1888,2023-12-16,3,3,3,2,No,2034.0
6516,1888,2024-12-31,3,3,2,1,No,2034.0
6515,1888,2025-12-16,3,4,2,2,No,2034.0
6526,1890,2020-12-23,4,3,3,1,No,1744.0
6525,1890,2021-12-28,4,4,3,1,No,1744.0
6524,1890,2022-12-22,4,4,3,3,No,1744.0
6523,1890,2023-12-31,3,4,1,1,No,1744.0
6522,1890,2024-12-12,3,3,1,1,No,1744.0
6521,1890,2025-12-20,4,4,2,2,No,1744.0
6532,1892,2020-12-21,3,1,1,4,No,1578.0
6531,1892,2021-12-28,3,1,2,3,Yes,1578.0
6530,1892,2022-12-12,3,2,1,4,Yes,1578.0
6529,1892,2023-12-20,3,2,2,3,No,1578.0
6528,1892,2024-12-17,3,2,1,2,No,1578.0
6527,1892,2025-12-24,3,1,1,3,No,1578.0
6534,1893,2024-12-12,3,2,2,1,No,1666.0
6533,1893,2025-12-15,3,3,2,2,Yes,1666.0
6540,1898,2020-12-24,3,2,2,2,Yes,2055.0
6539,1898,2021-12-29,3,2,1,2,No,2055.0
6538,1898,2022-12-18,3,4,1,3,No,2055.0
6537,1898,2023-12-22,3,3,1,2,No,2055.0
6536,1898,2024-12-28,3,3,1,3,No,2055.0
6535,1898,2025-12-29,3,3,1,2,No,2055.0
6546,1900,2020-12-14,3,3,3,4,No,787.0
6545,1900,2021-12-18,3,4,3,3,No,787.0
6544,1900,2022-12-20,3,3,3,4,No,787.0
6543,1900,2023-12-28,3,4,4,3,No,787.0
6542,1900,2024-12-26,3,3,4,2,No,787.0
6541,1900,2025-12-19,3,4,4,3,No,787.0
6549,1903,2023-12-23,3,2,1,2,No,1661.0
6548,1903,2024-12-25,3,2,2,2,No,1661.0
6547,1903,2025-12-27,3,1,2,3,No,1661.0
6555,1905,2020-11-11,3,1,4,2,Yes,730.0
6554,1905,2021-11-22,4,2,4,2,No,730.0
6553,1905,2022-11-22,4,2,4,4,No,730.0
6552,1905,2023-11-29,3,1,4,2,No,730.0
6551,1905,2024-11-11,4,1,4,2,Yes,730.0
6550,1905,2025-11-14,4,1,4,3,Yes,730.0
6560,1907,2020-03-13,3,4,1,2,No,1255.0
6559,1907,2021-02-23,3,4,2,3,Yes,1255.0
6558,1907,2022-02-25,3,4,2,3,Yes,1255.0
6557,1907,2023-02-23,3,4,1,4,No,1255.0
6556,1907,2024-03-12,3,4,1,3,No,1255.0
6565,1908,2021-12-17,3,1,4,1,Yes,106.0
6564,1908,2022-12-26,3,3,2,1,No,106.0
6563,1908,2023-12-25,3,3,4,1,No,106.0
6562,1908,2024-12-12,3,3,2,2,No,106.0
6561,1908,2025-12-23,3,2,3,1,No,106.0
6571,1909,2020-12-28,3,3,4,4,No,2056.0
6570,1909,2021-12-14,3,1,2,2,Yes,2056.0
6569,1909,2022-12-19,3,2,3,4,No,2056.0
6568,1909,2023-12-18,3,1,2,3,No,2056.0
6567,1909,2024-12-21,3,3,3,4,No,2056.0
6566,1909,2025-12-15,4,2,3,3,No,2056.0
6577,1911,2020-12-20,3,1,4,4,Yes,396.0
6576,1911,2021-12-13,3,1,4,4,No,396.0
6575,1911,2022-12-20,3,1,3,4,No,396.0
6574,1911,2023-12-21,3,1,2,4,No,396.0
6573,1911,2024-12-15,3,1,2,4,No,396.0
6572,1911,2025-12-25,3,1,3,4,No,396.0
6583,1912,2020-12-26,3,4,2,3,No,1319.0
6582,1912,2021-12-24,3,4,4,4,Yes,1319.0
6581,1912,2022-12-18,3,4,4,4,No,1319.0
6580,1912,2023-12-27,3,3,3,4,Yes,1319.0
6579,1912,2024-12-23,3,4,4,3,No,1319.0
6578,1912,2025-12-24,3,4,3,3,Yes,1319.0
6588,1915,2021-12-31,3,4,4,3,Yes,862.0
6587,1915,2022-12-16,3,4,4,2,Yes,862.0
6586,1915,2023-12-16,3,4,4,3,Yes,862.0
6585,1915,2024-12-23,3,3,4,2,Yes,862.0
6584,1915,2025-12-23,3,4,4,2,Yes,862.0
6591,1916,2023-12-30,3,4,1,2,No,997.0
6590,1916,2024-12-12,3,4,2,1,No,997.0
6589,1916,2025-12-11,3,3,1,2,No,997.0
6597,1918,2020-12-28,3,3,4,2,No,1666.0
6596,1918,2021-12-16,3,3,2,4,No,1666.0
6595,1918,2022-12-16,3,3,2,3,No,1666.0
6594,1918,2023-12-13,3,4,4,4,No,1666.0
6593,1918,2024-12-27,3,4,4,2,Yes,1666.0
6592,1918,2025-12-11,3,4,3,3,No,1666.0
6602,1922,2021-12-28,3,3,1,2,No,1661.0
6601,1922,2022-12-20,3,3,2,4,No,1661.0
6600,1922,2023-12-12,3,3,1,2,No,1661.0
6599,1922,2024-12-12,3,2,1,4,No,1661.0
6598,1922,2025-12-27,3,3,2,3,No,1661.0
6608,1924,2020-12-16,3,2,3,1,No,1050.0
6607,1924,2021-12-30,3,3,1,2,No,1050.0
6606,1924,2022-12-27,3,2,3,1,Yes,1050.0
6605,1924,2023-12-26,3,4,3,3,No,1050.0
6604,1924,2024-12-27,3,4,2,1,No,1050.0
6603,1924,2025-12-30,3,3,2,2,No,1050.0
6614,1927,2020-12-13,3,4,3,2,Yes,174.0
6613,1927,2021-12-14,3,3,2,4,Yes,174.0
6612,1927,2022-12-20,3,3,4,2,No,174.0
6611,1927,2023-12-28,3,3,4,4,No,174.0
6610,1927,2024-12-11,3,3,4,3,Yes,174.0
6609,1927,2025-12-30,3,4,3,3,Yes,174.0
6616,1928,2024-12-17,3,1,2,4,No,1732.0
6615,1928,2025-12-02,3,1,3,3,No,1732.0
6620,1929,2022-12-16,3,4,1,2,Yes,2056.0
6619,1929,2024-01-01,3,2,1,2,Yes,2056.0
6618,1929,2024-12-24,3,2,1,3,No,2056.0
6617,1929,2025-12-23,3,3,1,3,No,2056.0
6626,1931,2020-12-11,3,1,3,1,No,661.0
6625,1931,2021-12-22,3,2,1,1,No,661.0
6624,1931,2022-12-27,3,2,2,1,No,661.0
6623,1931,2023-12-25,3,1,1,1,No,661.0
6622,1931,2024-12-24,3,3,1,2,No,661.0
6621,1931,2025-12-19,3,2,2,2,No,661.0
6632,1932,2020-12-20,3,4,2,2,No,1069.0
6631,1932,2021-12-28,3,4,2,4,No,1069.0
6630,1932,2022-12-13,3,3,2,3,No,1069.0
6629,1932,2023-12-14,3,3,4,4,Yes,1069.0
6628,1932,2024-12-11,3,3,4,4,Yes,1069.0
6627,1932,2025-12-29,3,4,3,3,Yes,1069.0
6635,1933,2023-03-15,3,3,4,2,No,174.0
6634,1933,2024-03-24,3,2,3,4,Yes,174.0
6633,1933,2025-03-23,3,3,4,3,Yes,174.0
6641,1934,2020-12-23,3,2,2,3,Yes,1941.0
6640,1934,2021-12-15,3,1,2,4,No,1941.0
6639,1934,2022-12-24,3,1,3,4,No,1941.0
6638,1934,2023-12-12,3,3,3,3,No,1941.0
6637,1934,2024-12-18,3,2,3,4,No,1941.0
6636,1934,2025-12-14,3,2,3,4,No,1941.0
6642,1935,2025-12-18,3,1,4,3,No,986.0
6648,1936,2020-12-22,4,1,1,3,No,601.0
6647,1936,2021-12-25,3,1,1,3,No,601.0
6646,1936,2022-12-12,4,1,2,4,No,601.0
6645,1936,2023-12-30,4,1,1,4,No,601.0
6644,1936,2024-12-28,4,1,1,2,No,601.0
6643,1936,2025-12-29,4,1,1,3,No,601.0
6654,1937,2020-12-18,3,2,4,3,Yes,447.0
6653,1937,2021-12-12,3,2,4,2,Yes,447.0
6652,1937,2022-12-28,3,2,4,3,Yes,447.0
6651,1937,2023-12-19,3,3,4,2,Yes,447.0
6650,1937,2024-12-24,3,2,3,3,Yes,447.0
6649,1937,2025-12-13,3,2,4,3,Yes,447.0
6656,1938,2024-12-21,3,4,4,1,Yes,1338.0
6655,1938,2025-12-23,3,4,4,2,Yes,1338.0
6661,1939,2021-06-24,3,4,1,2,Yes,815.0
6660,1939,2022-06-18,3,3,2,4,Yes,815.0
6659,1939,2023-06-24,3,4,1,2,No,815.0
6658,1939,2024-06-30,3,4,1,3,Yes,815.0
6657,1939,2025-06-18,3,3,1,3,Yes,815.0
6667,1940,2020-12-23,3,4,2,4,No,1837.0
6666,1940,2021-12-13,3,4,3,3,Yes,1837.0
6665,1940,2022-12-16,3,3,2,4,No,1837.0
6664,1940,2023-12-15,3,4,3,4,No,1837.0
6663,1940,2024-12-21,3,3,3,4,No,1837.0
6662,1940,2025-12-27,3,4,2,4,No,1837.0
6673,1941,2020-12-29,3,3,2,3,No,254.0
6672,1941,2021-12-11,3,3,3,2,No,254.0
6671,1941,2022-12-14,3,3,1,3,No,254.0
6670,1941,2023-12-23,3,3,3,4,No,254.0
6669,1941,2024-12-14,3,4,3,3,No,254.0
6668,1941,2025-12-13,3,4,2,3,No,254.0
6674,1943,2025-12-27,3,4,2,3,Yes,1975.0
6676,1944,2024-11-26,3,1,1,3,No,590.0
6675,1944,2025-11-27,3,2,1,3,No,590.0
6682,1945,2020-12-23,3,1,3,2,Yes,1070.0
6681,1945,2021-12-12,3,2,3,1,Yes,1070.0
6680,1945,2022-12-16,3,1,1,1,No,1070.0
6679,1945,2023-12-27,3,1,1,2,No,1070.0
6678,1945,2024-12-16,3,2,3,1,No,1070.0
6677,1945,2025-12-13,3,1,2,1,No,1070.0
6688,1947,2020-12-27,3,2,2,2,No,1719.0
6687,1947,2021-12-18,3,3,2,1,No,1719.0
6686,1947,2022-12-20,3,2,2,3,No,1719.0
6685,1947,2023-12-23,3,2,4,2,No,1719.0
6684,1947,2024-12-14,3,4,3,1,No,1719.0
6683,1947,2025-12-15,3,3,3,2,No,1719.0
6693,1948,2021-12-21,3,1,4,4,No,1317.0
6692,1948,2022-12-21,3,2,3,4,Yes,1317.0
6691,1948,2023-12-17,3,2,2,4,No,1317.0
6690,1948,2024-12-26,3,1,4,3,Yes,1317.0
6689,1948,2025-12-29,3,1,3,4,Yes,1317.0
6699,1949,2020-12-14,4,2,1,4,No,1250.0
6698,1949,2021-12-27,3,2,2,4,No,1250.0
6697,1949,2022-12-25,4,2,2,3,No,1250.0
6696,1949,2023-12-21,4,3,2,3,No,1250.0
6695,1949,2024-12-12,4,2,2,4,No,1250.0
6694,1949,2025-12-20,4,2,1,3,No,1250.0
6705,1950,2020-12-26,4,4,2,3,No,1863.0
6704,1950,2021-12-26,4,4,1,3,No,1863.0
6703,1950,2022-12-20,3,4,1,3,No,1863.0
6702,1950,2023-12-15,3,4,2,2,No,1863.0
6701,1950,2024-12-24,4,3,1,3,No,1863.0
6700,1950,2025-12-30,4,4,1,2,No,1863.0
6711,1951,2020-12-28,3,2,3,1,No,1863.0
6710,1951,2021-12-28,3,2,4,1,No,1863.0
6709,1951,2022-12-21,3,4,3,2,No,1863.0
6708,1951,2023-12-29,3,3,4,2,No,1863.0
6707,1951,2024-12-18,3,4,4,1,No,1863.0
6706,1951,2025-12-30,3,3,4,2,No,1863.0
6717,1952,2020-12-18,3,1,3,2,No,1666.0
6716,1952,2021-12-17,3,2,3,1,No,1666.0
6715,1952,2022-12-21,3,2,3,3,No,1666.0
6714,1952,2023-12-16,3,1,2,2,No,1666.0
6713,1952,2024-12-16,3,1,3,1,No,1666.0
6712,1952,2025-12-20,3,1,3,2,No,1666.0
6723,1954,2020-12-13,3,1,1,3,No,165.0
6722,1954,2021-12-20,3,1,1,1,No,165.0
6721,1954,2022-12-21,3,2,1,2,No,165.0
6720,1954,2023-12-19,3,2,1,2,Yes,165.0
6719,1954,2024-12-26,3,1,1,2,No,165.0
6718,1954,2025-12-21,3,1,1,2,No,165.0
6729,1955,2020-12-21,3,3,3,4,No,1697.0
6728,1955,2021-12-11,3,4,4,2,No,1697.0
6727,1955,2022-12-20,3,3,3,3,No,1697.0
6726,1955,2023-12-22,3,3,3,2,No,1697.0
6725,1955,2024-12-25,3,4,2,3,No,1697.0
6724,1955,2025-12-31,3,4,3,3,No,1697.0
6735,1956,2020-12-25,4,1,3,4,No,1608.0
6734,1956,2021-12-26,3,1,4,4,Yes,1608.0
6733,1956,2022-12-13,4,2,4,3,No,1608.0
6732,1956,2023-12-30,3,1,4,3,No,1608.0
6731,1956,2024-12-22,4,2,3,3,No,1608.0
6730,1956,2025-12-17,4,1,4,3,No,1608.0
6740,1960,2021-05-12,3,4,2,2,No,1523.0
6739,1960,2022-05-06,3,4,3,1,No,1523.0
6738,1960,2023-05-19,3,4,4,3,No,1523.0
6737,1960,2024-05-12,3,4,4,1,Yes,1523.0
6736,1960,2025-05-20,3,4,3,2,No,1523.0
6742,1961,2024-12-30,3,1,2,1,No,118.0
6741,1961,2025-12-29,3,1,1,2,No,118.0
6748,1962,2020-12-11,3,3,2,2,No,1070.0
6747,1962,2021-12-28,3,3,3,2,No,1070.0
6746,1962,2022-12-23,3,4,2,3,Yes,1070.0
6745,1962,2023-12-18,3,3,4,4,Yes,1070.0
6744,1962,2024-12-14,3,4,3,4,Yes,1070.0
6743,1962,2025-12-28,3,4,3,3,Yes,1070.0
6754,1965,2020-12-16,3,4,4,3,No,2055.0
6753,1965,2021-12-27,3,3,3,3,No,2055.0
6752,1965,2022-12-13,3,4,4,4,No,2055.0
6751,1965,2023-12-12,3,4,4,4,No,2055.0
6750,1965,2024-12-24,3,3,3,2,No,2055.0
6749,1965,2025-12-16,3,4,4,3,No,2055.0
6756,1966,2024-12-20,3,3,4,4,No,1283.0
6755,1966,2025-12-28,4,4,4,3,No,1283.0
6762,1967,2019-04-10,3,4,1,2,Yes,1319.0
6761,1967,2020-04-14,3,4,2,4,No,1319.0
6760,1967,2021-04-14,3,4,1,3,Yes,1319.0
6759,1967,2022-04-07,3,4,1,4,No,1319.0
6758,1967,2023-04-12,3,4,1,3,No,1319.0
6757,1967,2024-04-23,3,4,1,3,Yes,1319.0
6765,1968,2022-10-28,3,2,2,1,No,897.0
6764,1968,2023-10-13,3,2,2,1,No,897.0
6763,1968,2024-10-30,3,1,1,2,Yes,897.0
6770,1969,2021-12-12,3,2,2,2,No,638.0
6769,1969,2022-12-20,3,4,2,3,No,638.0
6768,1969,2023-12-17,3,2,2,3,No,638.0
6767,1969,2024-12-25,3,3,2,2,No,638.0
6766,1969,2025-12-24,3,3,1,2,No,638.0
6776,1970,2020-12-21,3,4,4,3,No,1697.0
6775,1970,2021-12-30,3,4,3,2,No,1697.0
6774,1970,2022-12-21,3,4,4,4,No,1697.0
6773,1970,2023-12-14,4,3,4,4,No,1697.0
6772,1970,2024-12-15,4,2,4,4,No,1697.0
6771,1970,2025-12-29,4,3,4,3,No,1697.0
6782,1971,2020-12-28,3,3,2,3,No,431.0
6781,1971,2021-12-24,3,3,2,4,No,431.0
6780,1971,2022-12-12,3,4,1,3,No,431.0
6779,1971,2023-12-19,3,4,2,2,No,431.0
6778,1971,2024-12-11,3,2,1,4,No,431.0
6777,1971,2025-12-19,3,3,1,3,No,431.0
6788,1972,2020-12-16,3,3,4,4,No,1098.0
6787,1972,2021-12-27,3,2,4,4,No,1098.0
6786,1972,2022-12-28,3,1,4,3,No,1098.0
6785,1972,2023-12-22,3,3,4,4,No,1098.0
6784,1972,2024-12-24,3,2,4,3,Yes,1098.0
6783,1972,2025-12-12,3,2,4,3,Yes,1098.0
6794,1973,2020-12-29,3,2,4,3,No,549.0
6793,1973,2021-12-12,3,1,3,3,Yes,549.0
6792,1973,2022-12-27,3,2,3,2,No,549.0
6791,1973,2024-01-01,3,1,4,3,No,549.0
6790,1973,2024-12-25,3,2,3,2,No,549.0
6789,1973,2025-12-15,3,2,3,3,Yes,549.0
6796,1974,2024-12-14,3,4,4,2,No,1317.0
6795,1974,2025-12-19,3,4,4,3,Yes,1317.0
6802,1975,2020-12-21,3,1,1,4,No,532.0
6801,1975,2021-12-27,3,1,2,4,No,532.0
6800,1975,2022-12-31,3,1,3,4,No,532.0
6799,1975,2023-12-28,3,1,2,3,Yes,532.0
6798,1975,2024-12-19,3,2,1,3,No,532.0
6797,1975,2025-12-28,3,1,2,3,No,532.0
6808,1976,2020-12-25,3,2,4,3,Yes,1263.0
6807,1976,2021-12-20,3,2,4,4,No,1263.0
6806,1976,2022-12-14,3,4,4,4,No,1263.0
6805,1976,2023-12-30,3,2,4,3,Yes,1263.0
6804,1976,2024-12-12,3,4,4,3,Yes,1263.0
6803,1976,2025-12-24,3,3,4,3,No,1263.0
6814,1979,2020-12-30,3,3,4,4,No,638.0
6813,1979,2021-12-13,3,4,4,3,No,638.0
6812,1979,2022-12-13,3,4,2,4,Yes,638.0
6811,1979,2023-12-23,3,4,4,3,No,638.0
6810,1979,2024-12-29,4,3,2,4,No,638.0
6809,1979,2025-12-15,4,3,3,4,No,638.0
6820,1980,2020-12-24,3,1,2,3,Yes,1005.0
6819,1980,2021-12-26,3,1,3,4,Yes,1005.0
6818,1980,2022-12-21,3,1,2,4,No,1005.0
6817,1980,2023-12-19,3,1,3,4,No,1005.0
6816,1980,2024-12-25,3,2,4,2,No,1005.0
6815,1980,2025-12-16,3,1,3,3,Yes,1005.0
6825,1981,2021-12-12,3,3,2,2,No,165.0
6824,1981,2022-12-19,3,3,2,3,No,165.0
6823,1981,2023-12-17,3,2,3,1,No,165.0
6822,1981,2024-12-16,3,4,3,2,No,165.0
6821,1981,2025-12-23,3,3,2,2,No,165.0
6831,1982,2020-12-24,3,4,4,4,No,468.0
6830,1982,2021-12-27,3,3,3,3,No,468.0
6829,1982,2022-12-13,3,4,4,4,No,468.0
6828,1982,2023-12-30,3,3,3,4,Yes,468.0
6827,1982,2024-12-18,3,3,4,3,No,468.0
6826,1982,2025-12-24,3,4,4,4,No,468.0
6837,1985,2020-12-29,3,3,4,4,No,1263.0
6836,1985,2021-12-21,3,3,4,3,No,1263.0
6835,1985,2022-12-30,3,3,4,3,No,1263.0
6834,1985,2023-12-17,3,3,3,4,No,1263.0
6833,1985,2024-12-25,3,3,4,3,No,1263.0
6832,1985,2025-12-23,3,3,4,4,No,1263.0
6843,1986,2020-12-11,3,1,3,4,Yes,2056.0
6842,1986,2021-12-29,3,1,3,4,No,2056.0
6841,1986,2022-12-28,3,2,3,3,No,2056.0
6840,1986,2023-12-12,3,3,1,2,No,2056.0
6839,1986,2024-12-26,3,3,1,3,No,2056.0
6838,1986,2025-12-26,3,2,2,3,No,2056.0
6846,1987,2023-12-12,3,3,3,3,No,590.0
6845,1987,2024-12-13,3,1,2,2,No,590.0
6844,1987,2025-12-31,3,2,3,3,No,590.0
6852,1989,2020-12-19,3,2,3,2,Yes,1539.0
6851,1989,2021-12-19,3,1,4,3,No,1539.0
6850,1989,2022-12-27,3,3,3,1,No,1539.0
6849,1989,2023-12-23,3,1,4,2,Yes,1539.0
6848,1989,2024-12-30,3,3,3,3,No,1539.0
6847,1989,2025-12-27,3,2,4,2,No,1539.0
6855,1992,2023-12-15,3,4,4,1,No,1666.0
6854,1992,2024-12-28,3,2,4,1,No,1666.0
6853,1992,2025-12-11,3,3,4,2,Yes,1666.0
6861,1993,2020-12-23,4,4,1,4,Yes,1606.0
6860,1993,2021-12-18,3,4,1,4,Yes,1606.0
6859,1993,2022-12-26,3,3,1,2,No,1606.0
6858,1993,2023-12-24,3,4,1,3,No,1606.0
6857,1993,2024-12-30,4,4,1,4,No,1606.0
6856,1993,2025-12-11,4,3,1,3,No,1606.0
6863,1994,2024-12-14,3,4,1,3,Yes,901.0
6862,1994,2025-12-24,3,3,2,2,No,901.0
6869,1995,2020-12-11,3,3,4,3,No,81.0
6868,1995,2021-12-26,3,1,4,4,No,81.0
6867,1995,2022-12-22,3,2,3,4,No,81.0
6866,1995,2023-12-19,3,2,4,3,Yes,81.0
6865,1995,2024-12-15,3,3,4,4,No,81.0
6864,1995,2025-12-28,3,2,4,3,No,81.0
6872,1996,2023-12-22,3,2,1,2,No,1457.0
6871,1996,2024-12-18,3,4,2,2,No,1457.0
6870,1996,2025-12-20,3,3,1,3,No,1457.0
6878,1997,2020-12-22,3,2,2,3,No,601.0
6877,1997,2021-12-20,3,2,1,2,No,601.0
6876,1997,2022-12-25,3,4,2,2,No,601.0
6875,1997,2023-12-13,3,3,1,3,No,601.0
6874,1997,2024-12-26,3,3,1,3,No,601.0
6873,1997,2025-12-19,3,3,1,3,No,601.0
6883,1998,2021-12-15,3,1,4,3,Yes,1263.0
6882,1998,2022-12-26,3,1,3,1,Yes,1263.0
6881,1998,2023-12-23,3,1,4,1,No,1263.0
6880,1998,2024-12-15,3,1,4,3,Yes,1263.0
6879,1998,2025-12-16,3,1,4,2,Yes,1263.0
6889,1999,2020-12-14,3,3,4,2,No,352.0
6888,1999,2021-12-19,3,4,4,4,No,352.0
6887,1999,2022-12-13,4,4,4,4,No,352.0
6886,1999,2023-12-31,3,4,4,4,No,352.0
6885,1999,2024-12-21,4,3,4,2,No,352.0
6884,1999,2025-12-17,4,4,4,3,No,352.0
6895,2000,2020-12-20,3,2,2,1,No,1061.0
6894,2000,2021-12-27,3,2,2,1,No,1061.0
6893,2000,2022-12-14,3,2,2,1,No,1061.0
6892,2000,2023-12-16,3,1,3,1,No,1061.0
6891,2000,2024-12-15,3,1,2,1,No,1061.0
6890,2000,2025-12-20,3,2,3,1,No,1061.0
6898,2003,2023-12-31,3,3,4,3,No,1422.0
6897,2003,2024-12-27,3,3,4,3,Yes,1422.0
6896,2003,2025-12-15,3,3,4,3,Yes,1422.0
6902,2007,2022-12-24,3,3,3,3,Yes,1485.0
6901,2007,2023-12-29,3,3,4,3,No,1485.0
6900,2007,2024-12-22,3,3,4,3,No,1485.0
6899,2007,2025-12-30,3,3,4,4,No,1485.0
6908,2008,2020-12-16,3,2,1,4,No,1069.0
6907,2008,2021-12-24,3,2,3,4,Yes,1069.0
6906,2008,2022-12-29,3,3,1,4,Yes,1069.0
6905,2008,2023-12-31,3,3,3,2,No,1069.0
6904,2008,2024-12-29,3,4,1,3,No,1069.0
6903,2008,2025-12-23,3,3,2,3,No,1069.0
6914,2009,2020-12-30,3,3,1,2,No,1697.0
6913,2009,2021-12-23,3,4,3,4,Yes,1697.0
6912,2009,2023-01-01,3,4,1,3,Yes,1697.0
6911,2009,2023-12-18,3,4,1,3,Yes,1697.0
6910,2009,2024-12-17,3,4,1,3,Yes,1697.0
6909,2009,2025-12-16,3,4,2,3,Yes,1697.0
6920,2010,2020-12-24,3,2,4,3,No,815.0
6919,2010,2021-12-23,3,2,3,4,No,815.0
6918,2010,2022-12-19,3,2,2,3,No,815.0
6917,2010,2023-12-15,3,1,3,4,No,815.0
6916,2010,2024-12-25,3,3,4,4,No,815.0
6915,2010,2025-12-12,3,2,3,3,No,815.0
6922,2012,2024-12-21,3,4,1,3,Yes,1128.0
6921,2012,2025-12-25,3,4,1,2,No,1128.0
6925,2013,2023-12-28,3,3,2,3,No,580.0
6924,2013,2024-12-22,3,1,3,4,No,580.0
6923,2013,2025-12-16,3,2,2,3,No,580.0
6931,2014,2020-12-23,3,4,1,2,No,1867.0
6930,2014,2021-12-12,3,3,1,4,No,1867.0
6929,2014,2022-12-27,3,3,1,2,No,1867.0
6928,2014,2023-12-22,3,4,2,3,No,1867.0
6927,2014,2024-12-19,3,4,2,2,No,1867.0
6926,2014,2025-12-29,3,4,1,3,No,1867.0
6937,2015,2020-12-26,3,3,3,3,No,396.0
6936,2015,2021-12-24,3,2,1,4,No,396.0
6935,2015,2022-12-24,3,2,2,3,No,396.0
6934,2015,2023-12-27,3,4,2,4,No,396.0
6933,2015,2024-12-16,3,4,2,2,No,396.0
6932,2015,2025-12-12,3,3,2,3,No,396.0
6943,2016,2020-12-27,3,4,3,2,No,1039.0
6942,2016,2021-12-23,3,4,4,2,No,1039.0
6941,2016,2022-12-20,3,4,3,4,Yes,1039.0
6940,2016,2023-12-13,3,4,3,4,Yes,1039.0
6939,2016,2024-12-13,3,3,3,3,No,1039.0
6938,2016,2025-12-25,3,4,3,3,No,1039.0
6949,2017,2020-12-22,4,4,3,2,No,396.0
6948,2017,2021-12-11,3,4,3,4,No,396.0
6947,2017,2022-12-16,3,3,4,4,No,396.0
6946,2017,2023-12-20,4,4,4,2,No,396.0
6945,2017,2024-12-29,4,3,3,2,No,396.0
6944,2017,2025-12-22,4,4,3,3,Yes,396.0
6955,2018,2020-12-28,4,3,2,3,Yes,118.0
6954,2018,2021-12-31,3,4,2,1,Yes,118.0
6953,2018,2022-12-26,4,4,2,2,Yes,118.0
6952,2018,2023-12-30,3,2,1,2,No,118.0
6951,2018,2024-12-17,3,4,1,2,No,118.0
6950,2018,2025-12-30,4,3,1,2,Yes,118.0
6961,2019,2020-12-15,3,4,1,3,No,118.0
6960,2019,2021-12-12,3,4,2,3,No,118.0
6959,2019,2022-12-12,3,4,1,3,No,118.0
6958,2019,2023-12-13,3,3,1,3,No,118.0
6957,2019,2024-12-24,3,4,1,3,No,118.0
6956,2019,2025-12-31,3,4,1,2,No,118.0
6965,2020,2022-12-25,3,4,1,3,No,999.0
6964,2020,2023-12-13,3,4,3,4,Yes,999.0
6963,2020,2024-12-21,3,4,1,4,No,999.0
6962,2020,2025-12-27,3,4,2,3,Yes,999.0
6968,2021,2023-12-19,3,2,3,4,Yes,302.0
6967,2021,2024-12-15,3,1,4,4,No,302.0
6966,2021,2025-12-31,3,1,3,3,Yes,302.0
6974,2022,2020-12-25,3,4,4,2,No,1338.0
6973,2022,2021-12-22,3,4,3,1,Yes,1338.0
6972,2022,2022-12-19,3,4,4,2,No,1338.0
6971,2022,2023-12-12,3,4,3,2,Yes,1338.0
6970,2022,2024-12-27,3,3,3,1,No,1338.0
6969,2022,2025-12-30,3,4,4,2,No,1338.0
6975,2023,2024-05-04,3,1,4,2,No,1869.0
6981,2024,2020-12-27,3,3,1,2,No,1863.0
6980,2024,2021-12-30,3,4,2,2,Yes,1863.0
6979,2024,2022-12-27,3,4,1,4,Yes,1863.0
6978,2024,2023-12-27,3,4,2,3,No,1863.0
6977,2024,2024-12-21,3,3,2,2,No,1863.0
6976,2024,2025-12-11,3,4,1,3,No,1863.0
6986,2025,2021-12-17,3,3,4,2,No,1026.0
6985,2025,2022-12-19,3,1,3,2,No,1026.0
6984,2025,2023-12-28,3,1,4,4,No,1026.0
6983,2025,2024-12-29,3,2,4,2,No,1026.0
6982,2025,2025-12-17,3,2,4,3,No,1026.0
6992,2026,2020-12-19,4,3,3,3,No,431.0
6991,2026,2021-12-14,3,2,4,1,No,431.0
6990,2026,2022-12-21,3,3,4,3,Yes,431.0
6989,2026,2023-12-26,3,3,3,3,No,431.0
6988,2026,2024-12-29,4,3,2,2,Yes,431.0
6987,2026,2025-12-11,4,3,3,2,No,431.0
6995,2027,2022-04-24,3,3,2,4,Yes,575.0
6994,2027,2023-05-01,3,4,2,4,Yes,575.0
6993,2027,2024-05-11,3,4,1,4,Yes,575.0
7001,2031,2020-12-22,3,4,1,2,No,1191.0
7000,2031,2021-12-21,3,2,2,3,Yes,1191.0
6999,2031,2022-12-12,3,4,1,3,Yes,1191.0
6998,2031,2023-12-28,3,4,1,1,No,1191.0
6997,2031,2024-12-27,3,3,1,1,Yes,1191.0
6996,2031,2025-12-16,3,3,1,2,No,1191.0
7007,2032,2020-08-08,3,3,4,1,No,1255.0
7006,2032,2021-08-18,3,2,4,1,Yes,1255.0
7005,2032,2022-08-15,3,3,4,1,No,1255.0
7004,2032,2023-08-14,3,4,4,1,No,1255.0
7003,2032,2024-08-10,3,4,3,2,Yes,1255.0
7002,2032,2025-07-31,3,3,4,1,No,1255.0
7013,2034,2020-12-29,4,1,1,2,No,1373.0
7012,2034,2021-12-18,3,3,1,2,No,1373.0
7011,2034,2022-12-24,4,2,1,2,No,1373.0
7010,2034,2023-12-15,3,2,1,3,No,1373.0
7009,2034,2024-12-13,4,1,2,4,No,1373.0
7008,2034,2025-12-11,4,2,1,3,No,1373.0
7019,2035,2020-12-16,3,4,3,3,No,862.0
7018,2035,2021-12-31,4,2,4,2,No,862.0
7017,2035,2023-01-01,3,2,4,2,No,862.0
7016,2035,2023-12-13,4,4,4,2,No,862.0
7015,2035,2024-12-20,3,2,4,3,No,862.0
7014,2035,2025-12-24,4,3,4,3,No,862.0
7025,2036,2020-12-19,4,4,4,2,No,106.0
7024,2036,2021-12-31,4,4,4,2,Yes,106.0
7023,2036,2022-12-19,4,4,3,2,No,106.0
7022,2036,2023-12-28,4,4,3,1,No,106.0
7021,2036,2024-12-21,4,4,4,1,No,106.0
7020,2036,2025-12-21,4,4,4,2,No,106.0
7031,2037,2020-12-20,3,3,2,2,No,2056.0
7030,2037,2021-12-23,3,1,4,2,No,2056.0
7029,2037,2022-12-24,3,1,4,2,No,2056.0
7028,2037,2023-12-18,3,1,2,3,No,2056.0
7027,2037,2024-12-12,3,3,3,3,No,2056.0
7026,2037,2025-12-22,3,2,3,3,No,2056.0
7036,2038,2021-12-31,3,2,4,2,No,815.0
7035,2038,2022-12-14,3,2,4,3,No,815.0
7034,2038,2023-12-30,3,1,3,2,No,815.0
7033,2038,2024-12-29,3,1,4,4,No,815.0
7032,2038,2025-12-18,3,1,4,3,No,815.0
7042,2040,2020-12-15,3,4,2,3,Yes,698.0
7041,2040,2021-12-22,3,4,3,2,Yes,698.0
7040,2040,2022-12-14,3,4,4,4,Yes,698.0
7039,2040,2024-01-01,3,4,3,2,Yes,698.0
7038,2040,2024-12-16,3,4,2,3,Yes,698.0
7037,2040,2025-12-26,3,4,3,3,Yes,698.0
7048,2041,2020-12-12,3,3,1,2,No,81.0
7047,2041,2021-12-21,3,4,1,3,No,81.0
7046,2041,2023-01-01,3,3,1,2,No,81.0
7045,2041,2023-12-21,3,4,1,3,Yes,81.0
7044,2041,2024-12-15,3,4,1,4,Yes,81.0
7043,2041,2025-12-14,3,4,1,3,No,81.0
7054,2044,2020-05-29,3,2,1,4,No,986.0
7053,2044,2021-05-25,3,3,3,3,No,986.0
7052,2044,2022-05-24,3,4,2,4,No,986.0
7051,2044,2023-05-23,3,4,3,3,No,986.0
7050,2044,2024-05-27,3,2,1,4,No,986.0
7049,2044,2025-05-26,3,3,2,3,No,986.0
7060,2045,2020-12-23,3,4,1,2,No,106.0
7059,2045,2021-12-16,3,3,1,2,No,106.0
7058,2045,2022-12-22,3,3,3,2,No,106.0
7057,2045,2023-12-31,3,3,3,1,No,106.0
7056,2045,2024-12-17,3,3,1,2,No,106.0
7055,2045,2025-12-15,3,4,2,2,No,106.0
7066,2046,2020-12-20,3,2,4,4,No,1975.0
7065,2046,2021-12-20,3,4,4,4,Yes,1975.0
7064,2046,2023-01-01,3,3,3,2,No,1975.0
7063,2046,2023-12-22,3,2,3,2,Yes,1975.0
7062,2046,2024-12-23,3,3,3,2,No,1975.0
7061,2046,2025-12-27,3,3,4,3,No,1975.0
7069,2048,2023-12-14,3,3,3,3,No,1128.0
7068,2048,2024-12-12,3,4,3,2,No,1128.0
7067,2048,2025-12-15,3,3,3,3,No,1128.0
7075,2049,2020-12-24,3,3,2,4,Yes,1127.0
7074,2049,2021-12-11,3,4,3,4,Yes,1127.0
7073,2049,2022-12-16,3,3,3,4,No,1127.0
7072,2049,2023-12-13,3,3,2,4,Yes,1127.0
7071,2049,2024-12-29,3,3,2,3,Yes,1127.0
7070,2049,2025-12-25,3,3,3,4,Yes,1127.0
7081,2051,2020-12-13,3,4,4,2,Yes,1128.0
7080,2051,2021-12-15,3,4,4,2,No,1128.0
7079,2051,2022-12-24,3,3,4,3,No,1128.0
7078,2051,2023-12-24,3,4,2,4,No,1128.0
7077,2051,2024-12-25,3,3,2,3,Yes,1128.0
7076,2051,2025-12-30,3,3,3,3,No,1128.0
7086,2052,2021-12-31,3,4,4,2,No,1422.0
7085,2052,2022-12-29,3,3,3,4,Yes,1422.0
7084,2052,2023-12-23,3,4,3,4,No,1422.0
7083,2052,2024-12-19,3,4,4,4,No,1422.0
7082,2052,2025-12-29,3,4,3,3,No,1422.0
7091,2053,2021-12-25,3,3,4,2,No,1608.0
7090,2053,2022-12-18,3,1,3,2,Yes,1608.0
7089,2053,2023-12-22,3,2,3,4,No,1608.0
7088,2053,2024-12-26,3,1,4,2,Yes,1608.0
7087,2053,2025-12-19,3,2,4,3,Yes,1608.0
7097,2054,2020-12-29,3,2,3,1,No,575.0
7096,2054,2021-12-12,3,1,4,2,Yes,575.0
7095,2054,2022-12-26,3,1,4,2,No,575.0
7094,2054,2023-12-30,3,1,3,1,No,575.0
7093,2054,2024-12-25,3,2,4,1,No,575.0
7092,2054,2025-12-15,3,1,4,1,No,575.0
7101,2055,2021-11-24,3,2,3,4,Yes,1138.0
7100,2055,2022-11-21,3,2,4,2,No,1138.0
7099,2055,2023-12-04,3,1,4,2,No,1138.0
7098,2055,2024-11-20,3,1,4,3,Yes,1138.0
7107,2056,2020-12-26,3,4,1,3,Yes,1372.0
7106,2056,2021-12-12,3,4,1,3,No,1372.0
7105,2056,2022-12-14,3,3,2,1,No,1372.0
7104,2056,2023-12-22,3,3,1,2,No,1372.0
7103,2056,2024-12-21,3,4,2,3,No,1372.0
7102,2056,2025-12-13,3,4,2,2,No,1372.0
7113,2057,2020-12-18,3,1,3,2,No,1360.0
7112,2057,2021-12-20,3,1,3,2,No,1360.0
7111,2057,2022-12-24,3,1,1,4,No,1360.0
7110,2057,2023-12-25,3,1,1,3,Yes,1360.0
7109,2057,2024-12-19,3,1,1,3,No,1360.0
7108,2057,2025-12-14,3,1,2,3,No,1360.0
7118,2060,2021-12-20,3,3,4,3,No,1732.0
7117,2060,2022-12-20,3,3,3,3,No,1732.0
7116,2060,2023-12-16,3,4,4,2,No,1732.0
7115,2060,2024-12-13,3,4,4,4,No,1732.0
7114,2060,2025-12-14,3,3,4,3,No,1732.0
7124,2061,2020-12-13,3,4,2,4,No,447.0
7123,2061,2021-12-29,3,4,3,4,No,447.0
7122,2061,2023-01-01,3,4,2,2,No,447.0
7121,2061,2023-12-27,3,3,3,4,No,447.0
7120,2061,2024-12-20,3,4,4,3,No,447.0
7119,2061,2025-12-31,3,4,3,3,No,447.0
7130,2062,2020-12-13,3,2,3,3,No,431.0
7129,2062,2021-12-20,3,1,4,3,No,431.0
7128,2062,2022-12-26,3,1,4,3,No,431.0
7127,2062,2023-12-25,3,2,4,3,Yes,431.0
7126,2062,2024-12-12,3,2,4,2,Yes,431.0
7125,2062,2025-12-30,3,1,4,3,No,431.0
7136,2064,2020-12-21,3,1,3,4,Yes,1360.0
7135,2064,2021-12-17,3,3,3,2,No,1360.0
7134,2064,2022-12-28,4,1,3,2,No,1360.0
7133,2064,2023-12-27,4,1,3,4,Yes,1360.0
7132,2064,2024-12-17,4,2,1,3,Yes,1360.0
7131,2064,2025-12-20,4,2,2,3,Yes,1360.0
7142,2065,2020-12-14,3,3,4,3,No,986.0
7141,2065,2021-12-19,3,2,3,3,No,986.0
7140,2065,2022-12-21,3,2,4,3,No,986.0
7139,2065,2023-12-30,3,1,4,1,No,986.0
7138,2065,2024-12-13,3,1,4,1,No,986.0
7137,2065,2025-12-31,3,2,4,2,No,986.0
7147,2068,2021-12-20,3,4,3,3,No,1069.0
7146,2068,2022-12-22,3,3,3,3,No,1069.0
7145,2068,2023-12-24,3,4,1,4,No,1069.0
7144,2068,2024-12-11,3,3,2,4,No,1069.0
7143,2068,2025-12-29,3,3,2,4,No,1069.0
