comp_id,employee_id,effective_date,monthly_income,salary_hike_pct,stock_option_level
7,1,2018-12-09,3645,6.0,0
6,1,2019-12-09,3827,5.0,0
5,1,2020-12-08,4133,8.0,0
4,1,2021-12-09,4423,7.0,0
3,1,2022-12-09,4953,12.0,0
2,1,2023-12-09,5399,9.0,0
1,1,2024-12-08,5993,11.0,0
14,2,2020-01-01,1608,17.0,0
13,2,2020-12-31,1946,21.0,0
12,2,2021-12-31,2355,21.0,0
11,2,2023-01-01,2802,19.0,1
10,2,2024-01-01,3447,23.0,1
9,2,2024-12-31,4171,21.0,1
8,2,2025-12-31,5130,23.0,1
15,4,2024-11-26,2090,15.0,0
22,5,2020-01-01,1739,9.0,0
21,5,2020-12-31,1965,13.0,0
20,5,2021-12-31,2063,5.0,0
19,5,2023-01-01,2249,9.0,0
18,5,2024-01-01,2496,11.0,0
17,5,2024-12-31,2621,5.0,0
16,5,2025-12-31,2909,11.0,0
25,7,2024-01-01,2716,6.0,0
24,7,2024-12-31,3096,14.0,0
23,7,2025-12-31,3468,12.0,1
32,8,2020-01-01,1643,12.0,0
31,8,2020-12-31,1807,10.0,0
30,8,2021-12-31,1970,9.0,0
29,8,2023-01-01,2246,14.0,0
28,8,2024-01-01,2403,7.0,0
27,8,2024-12-31,2715,13.0,0
26,8,2025-12-31,3068,13.0,0
34,10,2024-12-31,2225,15.0,2
33,10,2025-12-31,2670,20.0,3
36,11,2024-12-31,2207,26.0,1
35,11,2025-12-31,2693,22.0,1
43,12,2020-01-01,3334,23.0,0
42,12,2020-12-31,4101,23.0,0
41,12,2021-12-31,5044,23.0,0
40,12,2023-01-01,5801,15.0,0
39,12,2024-01-01,6729,16.0,0
38,12,2024-12-31,7873,17.0,0
37,12,2025-12-31,9526,21.0,0
50,13,2020-01-01,2543,13.0,0
49,13,2020-12-31,2797,10.0,0
48,13,2021-12-31,3133,12.0,0
47,13,2023-01-01,3415,9.0,0
46,13,2024-01-01,3995,17.0,0
45,13,2024-12-31,4635,16.0,1
44,13,2025-12-31,5237,13.0,2
56,14,2020-12-31,1427,11.0,0
55,14,2021-12-31,1613,13.0,0
54,14,2023-01-01,1774,10.0,0
53,14,2024-01-01,1952,10.0,0
52,14,2024-12-31,2147,10.0,0
51,14,2025-12-31,2426,13.0,1
63,15,2020-01-01,2329,14.0,0
62,15,2020-12-31,2492,7.0,0
61,15,2021-12-31,2667,7.0,0
60,15,2023-01-01,3067,15.0,0
59,15,2024-01-01,3435,12.0,0
58,15,2024-12-31,3744,9.0,0
57,15,2025-12-31,4193,12.0,0
69,16,2020-12-31,1436,20.0,0
68,16,2021-12-31,1637,14.0,0
67,16,2023-01-01,1915,17.0,0
66,16,2024-01-01,2221,16.0,0
65,16,2024-12-31,2488,12.0,1
64,16,2025-12-31,2911,17.0,1
72,18,2024-01-01,2220,5.0,0
71,18,2024-12-31,2397,8.0,0
70,18,2025-12-31,2661,11.0,1
77,19,2021-01-31,1161,18.0,0
76,19,2022-02-01,1371,18.0,0
75,19,2023-02-01,1617,18.0,0
74,19,2024-02-01,1779,10.0,0
73,19,2025-01-31,2028,14.0,0
84,20,2020-01-01,5852,13.0,1
83,20,2020-12-31,6204,6.0,1
82,20,2021-12-31,6576,6.0,1
81,20,2023-01-01,7365,12.0,1
80,20,2024-01-01,8028,9.0,1
79,20,2024-12-31,8991,12.0,1
78,20,2025-12-31,9980,11.0,1
91,21,2020-01-01,1830,12.0,0
90,21,2020-12-31,2050,12.0,0
89,21,2021-12-31,2317,13.0,1
88,21,2023-01-01,2548,10.0,1
87,21,2024-01-01,2727,7.0,2
86,21,2024-12-31,2945,8.0,2
85,21,2025-12-31,3298,12.0,2
93,22,2024-12-31,2597,17.0,2
92,22,2025-12-31,2935,13.0,2
100,23,2020-01-01,6981,12.0,0
99,23,2020-12-31,7749,11.0,0
98,23,2021-12-31,8679,12.0,0
97,23,2023-01-01,9808,13.0,0
96,23,2024-01-01,11083,13.0,0
95,23,2024-12-31,13299,20.0,0
94,23,2025-12-31,15427,16.0,0
104,24,2023-01-01,2966,11.0,0
103,24,2024-01-01,3352,13.0,0
102,24,2024-12-31,3553,6.0,0
101,24,2025-12-31,3944,11.0,0
109,26,2021-12-31,2052,22.0,1
108,26,2023-01-01,2441,19.0,1
107,26,2024-01-01,2905,19.0,1
106,26,2024-12-31,3399,17.0,1
105,26,2025-12-31,4011,18.0,1
115,27,2020-08-19,1230,26.0,0
114,27,2021-08-19,1489,21.0,0
113,27,2022-08-20,1816,22.0,0
112,27,2023-08-20,2216,22.0,0
111,27,2024-08-19,2770,25.0,0
110,27,2025-08-19,3407,23.0,0
122,28,2020-01-01,6960,10.0,0
121,28,2020-12-31,7656,10.0,0
120,28,2021-12-31,8422,10.0,0
119,28,2023-01-01,9095,8.0,0
118,28,2024-01-01,10005,10.0,0
117,28,2024-12-31,10805,8.0,0
116,28,2025-12-31,11994,11.0,0
123,30,2025-12-31,1232,14.0,0
128,31,2020-04-18,1919,5.0,0
127,31,2021-04-19,2188,14.0,0
126,31,2022-04-19,2516,15.0,0
125,31,2023-04-19,2667,6.0,0
124,31,2024-04-18,2960,11.0,0
135,32,2020-01-01,11505,12.0,0
134,32,2020-12-31,12426,8.0,0
133,32,2021-12-31,13171,6.0,0
132,32,2023-01-01,14620,11.0,0
131,32,2024-01-01,16228,11.0,0
130,32,2024-12-31,17202,6.0,0
129,32,2025-12-31,19094,11.0,1
142,33,2018-07-04,1282,18.0,0
141,33,2019-07-04,1525,19.0,0
140,33,2020-07-03,1769,16.0,0
139,33,2021-07-04,2194,24.0,0
138,33,2022-07-04,2655,21.0,0
137,33,2023-07-04,3212,21.0,0
136,33,2024-07-03,3919,22.0,0
149,35,2020-01-01,3723,14.0,0
148,35,2020-12-31,4095,10.0,0
147,35,2021-12-31,4586,12.0,0
146,35,2023-01-01,4816,5.0,0
145,35,2024-01-01,5490,14.0,0
144,35,2024-12-31,6149,12.0,1
143,35,2025-12-31,6825,11.0,1
156,36,2020-01-01,4555,12.0,0
155,36,2020-12-31,5284,16.0,0
154,36,2021-12-31,6077,15.0,0
153,36,2023-01-01,7049,16.0,0
152,36,2024-01-01,7683,9.0,0
151,36,2024-12-31,8989,17.0,1
150,36,2025-12-31,10248,14.0,1
159,38,2024-01-01,15520,8.0,0
158,38,2024-12-31,16917,9.0,0
157,38,2025-12-31,18947,12.0,0
161,39,2024-12-31,2249,6.0,0
160,39,2025-12-31,2496,11.0,0
166,40,2021-12-31,4460,10.0,0
165,40,2023-01-01,4817,8.0,0
164,40,2024-01-01,5347,11.0,0
163,40,2024-12-31,5721,7.0,0
162,40,2025-12-31,6465,13.0,0
173,41,2020-01-01,989,13.0,0
172,41,2020-12-31,1088,10.0,0
171,41,2021-12-31,1262,16.0,0
170,41,2023-01-01,1451,15.0,0
169,41,2024-01-01,1669,15.0,0
168,41,2024-12-31,1952,17.0,0
167,41,2025-12-31,2206,13.0,0
175,42,2024-08-14,1830,9.0,1
174,42,2025-08-14,2086,14.0,1
178,45,2022-02-20,1661,16.0,0
177,45,2023-02-20,1977,19.0,0
176,45,2024-02-20,2293,16.0,1
184,46,2020-12-31,1690,13.0,2
183,46,2021-12-31,1809,7.0,2
182,46,2023-01-01,1972,9.0,2
181,46,2024-01-01,2090,6.0,2
180,46,2024-12-31,2362,13.0,2
179,46,2025-12-31,2645,12.0,2
188,47,2022-12-16,1830,8.0,0
187,47,2023-12-16,2159,18.0,0
186,47,2024-12-15,2354,9.0,0
185,47,2025-12-15,2683,14.0,0
191,49,2024-01-01,1635,10.0,0
190,49,2024-12-31,1782,9.0,0
189,49,2025-12-31,2014,13.0,0
193,51,2024-12-31,2999,12.0,0
192,51,2025-12-31,3419,14.0,1
199,52,2020-12-31,2336,16.0,1
198,52,2021-12-31,2663,14.0,1
197,52,2023-01-01,3035,14.0,2
196,52,2024-01-01,3673,21.0,2
195,52,2024-12-31,4518,23.0,2
194,52,2025-12-31,5376,19.0,2
201,53,2024-12-31,1742,8.0,0
200,53,2025-12-31,1951,12.0,1
203,54,2024-12-31,2072,14.0,1
202,54,2025-12-31,2341,13.0,1
205,55,2024-04-11,2047,12.0,0
204,55,2025-04-11,2293,12.0,0
212,56,2020-01-01,3583,18.0,0
211,56,2020-12-31,4264,19.0,0
210,56,2021-12-31,4946,16.0,0
209,56,2023-01-01,5737,16.0,0
208,56,2024-01-01,6598,15.0,0
207,56,2024-12-31,7588,15.0,0
206,56,2025-12-31,8726,15.0,0
219,57,2020-01-01,1239,20.0,0
218,57,2020-12-31,1536,24.0,0
217,57,2021-12-31,1843,20.0,0
216,57,2023-01-01,2157,17.0,0
215,57,2024-01-01,2717,26.0,0
214,57,2024-12-31,3261,20.0,0
213,57,2025-12-31,4011,23.0,0
226,58,2019-07-30,10557,16.0,0
225,58,2020-07-29,11823,12.0,0
224,58,2021-07-29,13479,14.0,0
223,58,2022-07-30,14827,10.0,0
222,58,2023-07-30,15864,7.0,0
221,58,2024-07-29,17451,10.0,0
220,58,2025-07-29,19545,12.0,0
233,60,2020-01-01,1520,16.0,0
232,60,2020-12-31,1854,22.0,0
231,60,2021-12-31,2262,22.0,0
230,60,2023-01-01,2737,21.0,0
229,60,2024-01-01,3339,22.0,0
228,60,2024-12-31,3807,14.0,0
227,60,2025-12-31,4568,20.0,0
235,61,2024-12-31,2498,15.0,0
234,61,2025-12-31,3022,21.0,0
242,62,2020-01-01,1856,21.0,0
241,62,2020-12-31,2264,22.0,0
240,62,2021-12-31,2808,24.0,0
239,62,2023-01-01,3313,18.0,0
238,62,2024-01-01,3942,19.0,0
237,62,2024-12-31,4770,21.0,0
236,62,2025-12-31,5772,21.0,0
244,63,2024-12-31,1907,20.0,0
243,63,2025-12-31,2269,19.0,0
246,64,2023-11-20,4762,10.0,0
245,64,2024-11-19,5381,13.0,0
249,65,2023-04-07,2719,14.0,0
248,65,2024-04-06,3045,12.0,0
247,65,2025-04-06,3441,13.0,0
254,68,2021-12-31,2566,15.0,0
253,68,2023-01-01,3053,19.0,0
252,68,2024-01-01,3695,21.0,0
251,68,2024-12-31,4507,22.0,0
250,68,2025-12-31,5454,21.0,1
259,70,2021-12-31,6345,9.0,1
258,70,2023-01-01,7296,15.0,1
257,70,2024-01-01,7880,8.0,1
256,70,2024-12-31,8747,11.0,1
255,70,2025-12-31,9884,13.0,1
262,72,2024-01-01,3091,15.0,1
261,72,2024-12-31,3493,13.0,1
260,72,2025-12-31,4157,19.0,1
269,73,2020-01-01,7339,8.0,0
268,73,2020-12-31,8073,10.0,0
267,73,2021-12-31,8638,7.0,0
266,73,2023-01-01,9675,12.0,0
265,73,2024-01-01,11126,15.0,0
264,73,2024-12-31,12016,8.0,0
263,73,2025-12-31,13458,12.0,0
276,74,2020-01-01,2969,18.0,0
275,74,2020-12-31,3563,20.0,0
274,74,2021-12-31,4489,26.0,0
273,74,2023-01-01,5477,22.0,0
272,74,2024-01-01,6354,16.0,0
271,74,2024-12-31,7434,17.0,0
270,74,2025-12-31,9069,22.0,1
279,75,2024-01-01,3202,14.0,1
278,75,2024-12-31,3490,9.0,1
277,75,2025-12-31,4014,15.0,1
286,76,2020-01-01,1875,26.0,0
285,76,2020-12-31,2175,16.0,0
284,76,2021-12-31,2697,24.0,0
283,76,2023-01-01,3128,16.0,0
282,76,2024-01-01,3879,24.0,0
281,76,2024-12-31,4848,25.0,1
280,76,2025-12-31,5915,22.0,1
293,77,2020-01-01,2422,18.0,0
292,77,2020-12-31,2761,14.0,0
291,77,2021-12-31,3286,19.0,0
290,77,2023-01-01,3943,20.0,0
289,77,2024-01-01,4535,15.0,0
288,77,2024-12-31,5079,12.0,0
287,77,2025-12-31,5993,18.0,1
300,78,2020-01-01,1950,19.0,0
299,78,2020-12-31,2301,18.0,0
298,78,2021-12-31,2715,18.0,1
297,78,2023-01-01,3394,25.0,1
296,78,2024-01-01,4073,20.0,1
295,78,2024-12-31,5051,24.0,1
294,78,2025-12-31,6162,22.0,1
307,79,2020-01-01,1438,5.0,0
306,79,2020-12-31,1597,11.0,0
305,79,2021-12-31,1820,14.0,0
304,79,2023-01-01,1911,5.0,0
303,79,2024-01-01,2045,7.0,0
302,79,2024-12-31,2168,6.0,0
301,79,2025-12-31,2406,11.0,0
314,80,2020-01-01,9672,16.0,0
313,80,2020-12-31,10833,12.0,0
312,80,2021-12-31,12241,13.0,1
311,80,2023-01-01,13955,14.0,1
310,80,2024-01-01,15211,9.0,1
309,80,2024-12-31,16732,10.0,1
308,80,2025-12-31,18740,12.0,1
321,81,2020-01-01,4483,13.0,0
320,81,2020-12-31,4932,10.0,0
319,81,2021-12-31,5227,6.0,0
318,81,2023-01-01,5489,5.0,0
317,81,2024-01-01,6312,15.0,0
316,81,2024-12-31,6880,9.0,0
315,81,2025-12-31,7637,11.0,0
328,83,2020-01-01,5263,8.0,0
327,83,2020-12-31,5841,11.0,0
326,83,2021-12-31,6426,10.0,0
325,83,2023-01-01,7389,15.0,1
324,83,2024-01-01,8350,13.0,2
323,83,2024-12-31,8935,7.0,3
322,83,2025-12-31,10096,13.0,3
334,84,2020-12-31,8616,15.0,2
333,84,2021-12-31,9650,12.0,2
332,84,2023-01-01,10422,8.0,2
331,84,2024-01-01,11256,8.0,2
330,84,2024-12-31,12944,15.0,3
329,84,2025-12-31,14756,14.0,3
341,85,2020-01-01,3512,13.0,0
340,85,2020-12-31,4003,14.0,0
339,85,2021-12-31,4524,13.0,0
338,85,2023-01-01,4886,8.0,0
337,85,2024-01-01,5325,9.0,0
336,85,2024-12-31,5751,8.0,0
335,85,2025-12-31,6499,13.0,0
343,86,2024-12-31,8311,11.0,0
342,86,2025-12-31,9724,17.0,1
347,88,2023-01-01,1606,12.0,0
346,88,2024-01-01,1718,7.0,0
345,88,2024-12-31,1942,13.0,0
344,88,2025-12-31,2194,13.0,1
349,90,2024-08-31,2896,13.0,0
348,90,2025-08-31,3388,17.0,1
354,91,2021-12-31,3778,8.0,0
353,91,2023-01-01,4005,6.0,0
352,91,2024-01-01,4325,8.0,0
351,91,2024-12-31,4931,14.0,0
350,91,2025-12-31,5473,11.0,0
360,94,2020-12-31,962,27.0,0
359,94,2021-12-31,1126,17.0,0
358,94,2023-01-01,1418,26.0,0
357,94,2024-01-01,1730,22.0,0
356,94,2024-12-31,2198,27.0,1
355,94,2025-12-31,2703,23.0,1
362,95,2024-12-31,2138,15.0,0
361,95,2025-12-31,2501,17.0,0
369,96,2020-01-01,2582,15.0,0
368,96,2020-12-31,3073,19.0,0
367,96,2021-12-31,3626,18.0,0
366,96,2023-01-01,4315,19.0,0
365,96,2024-01-01,4789,11.0,0
364,96,2024-12-31,5316,11.0,1
363,96,2025-12-31,6220,17.0,2
371,97,2024-12-31,2712,8.0,0
370,97,2025-12-31,3038,12.0,0
378,98,2020-01-01,1334,24.0,0
377,98,2020-12-31,1694,27.0,0
376,98,2021-12-31,1982,17.0,0
375,98,2023-01-01,2399,21.0,0
374,98,2024-01-01,2855,19.0,0
373,98,2024-12-31,3597,26.0,0
372,98,2025-12-31,4424,23.0,0
385,100,2020-01-01,1834,10.0,0
384,100,2020-12-31,2128,16.0,0
383,100,2021-12-31,2468,16.0,0
382,100,2023-01-01,2888,17.0,0
381,100,2024-01-01,3205,11.0,0
380,100,2024-12-31,3782,18.0,0
379,100,2025-12-31,4312,14.0,0
386,101,2025-12-31,13245,14.0,0
392,102,2020-12-31,7420,12.0,0
391,102,2021-12-31,8162,10.0,0
390,102,2023-01-01,9305,14.0,0
389,102,2024-01-01,10515,13.0,0
388,102,2024-12-31,12092,15.0,0
387,102,2025-12-31,13664,13.0,0
397,103,2021-12-31,2213,24.0,0
396,103,2023-01-01,2788,26.0,0
395,103,2024-01-01,3401,22.0,1
394,103,2024-12-31,4116,21.0,1
393,103,2025-12-31,5021,22.0,1
404,104,2020-01-01,2276,11.0,2
403,104,2020-12-31,2572,13.0,2
402,104,2021-12-31,2958,15.0,2
401,104,2023-01-01,3431,16.0,2
400,104,2024-01-01,3980,16.0,2
399,104,2024-12-31,4577,15.0,2
398,104,2025-12-31,5126,12.0,2
411,105,2020-01-01,1062,12.0,0
410,105,2020-12-31,1295,22.0,0
409,105,2021-12-31,1554,20.0,0
408,105,2023-01-01,1772,14.0,0
407,105,2024-01-01,2144,21.0,0
406,105,2024-12-31,2423,13.0,0
405,105,2025-12-31,2859,18.0,0
413,106,2024-12-31,8982,12.0,1
412,106,2025-12-31,10239,14.0,1
420,107,2020-01-01,2907,15.0,0
419,107,2020-12-31,3168,9.0,0
418,107,2021-12-31,3517,11.0,0
417,107,2023-01-01,4079,16.0,0
416,107,2024-01-01,4406,8.0,1
415,107,2024-12-31,4758,8.0,2
414,107,2025-12-31,5329,12.0,3
426,110,2020-12-31,2212,18.0,0
425,110,2021-12-31,2566,16.0,0
424,110,2023-01-01,2899,13.0,0
423,110,2024-01-01,3160,9.0,0
422,110,2024-12-31,3761,19.0,0
421,110,2025-12-31,4325,15.0,0
433,112,2020-01-01,3994,15.0,0
432,112,2020-12-31,4553,14.0,0
431,112,2021-12-31,5054,11.0,0
430,112,2023-01-01,5358,6.0,0
429,112,2024-01-01,5840,9.0,0
428,112,2024-12-31,6541,12.0,0
427,112,2025-12-31,7260,11.0,0
434,113,2025-12-31,2322,13.0,1
439,116,2021-12-31,937,17.0,0
438,116,2023-01-01,1162,24.0,0
437,116,2024-01-01,1372,18.0,0
436,116,2024-12-31,1687,23.0,1
435,116,2025-12-31,2075,23.0,2
446,117,2020-01-01,1502,21.0,0
445,117,2020-12-31,1832,22.0,1
444,117,2021-12-31,2217,21.0,1
443,117,2023-01-01,2571,16.0,1
442,117,2024-01-01,3034,18.0,2
441,117,2024-12-31,3489,15.0,2
440,117,2025-12-31,4152,19.0,3
453,118,2019-04-09,4505,20.0,0
452,118,2020-04-08,5000,11.0,0
451,118,2021-04-08,5600,12.0,0
450,118,2022-04-09,6272,12.0,0
449,118,2023-04-09,7338,17.0,0
448,118,2024-04-08,8292,13.0,0
447,118,2025-04-08,9619,16.0,0
460,119,2020-01-01,4524,16.0,0
459,119,2020-12-31,5339,18.0,0
458,119,2021-12-31,6353,19.0,0
457,119,2023-01-01,7560,19.0,0
456,119,2024-01-01,9072,20.0,0
455,119,2024-12-31,11068,22.0,0
454,119,2025-12-31,13503,22.0,1
467,120,2020-01-01,1667,24.0,0
466,120,2020-12-31,2017,21.0,0
465,120,2021-12-31,2541,26.0,0
464,120,2023-01-01,3126,23.0,0
463,120,2024-01-01,3626,16.0,0
462,120,2024-12-31,4460,23.0,0
461,120,2025-12-31,5441,22.0,0
474,121,2020-01-01,2712,11.0,2
473,121,2020-12-31,3011,11.0,2
472,121,2021-12-31,3282,9.0,2
471,121,2023-01-01,3675,12.0,2
470,121,2024-01-01,4190,14.0,2
469,121,2024-12-31,4651,11.0,3
468,121,2025-12-31,5209,12.0,3
481,124,2020-01-01,4785,8.0,0
480,124,2020-12-31,5264,10.0,0
479,124,2021-12-31,5948,13.0,1
478,124,2023-01-01,6959,17.0,1
477,124,2024-01-01,8073,16.0,1
476,124,2024-12-31,9445,17.0,1
475,124,2025-12-31,10673,13.0,1
488,125,2020-01-01,2248,18.0,0
487,125,2020-12-31,2608,16.0,0
486,125,2021-12-31,3077,18.0,0
485,125,2023-01-01,3385,10.0,0
484,125,2024-01-01,3723,10.0,0
483,125,2024-12-31,4319,16.0,0
482,125,2025-12-31,5010,16.0,0
493,126,2021-12-31,8097,7.0,0
492,126,2023-01-01,9068,12.0,0
491,126,2024-01-01,10429,15.0,0
490,126,2024-12-31,12097,16.0,1
489,126,2025-12-31,13549,12.0,1
497,128,2023-01-01,2993,17.0,0
496,128,2024-01-01,3562,19.0,0
495,128,2024-12-31,4131,16.0,0
494,128,2025-12-31,4999,21.0,1
503,129,2020-12-31,2119,9.0,0
502,129,2021-12-31,2458,16.0,0
501,129,2023-01-01,2901,18.0,0
500,129,2024-01-01,3220,11.0,0
499,129,2024-12-31,3670,14.0,0
498,129,2025-12-31,4221,15.0,0
510,131,2020-01-01,7379,13.0,0
509,131,2020-12-31,8633,17.0,0
508,131,2021-12-31,9928,15.0,0
507,131,2023-01-01,10623,7.0,0
506,131,2024-01-01,11473,8.0,0
505,131,2024-12-31,12276,7.0,0
504,131,2025-12-31,13872,13.0,0
514,132,2023-01-01,1441,6.0,1
513,132,2024-01-01,1613,12.0,1
512,132,2024-12-31,1823,13.0,1
511,132,2025-12-31,2042,12.0,1
518,133,2022-04-23,1133,24.0,0
517,133,2023-04-23,1349,19.0,0
516,133,2024-04-22,1699,26.0,0
515,133,2025-04-22,2073,22.0,0
520,134,2024-12-31,2616,14.0,0
519,134,2025-12-31,2956,13.0,0
522,137,2024-02-04,2480,21.0,0
521,137,2025-02-03,2926,18.0,0
529,138,2020-01-01,2335,16.0,0
528,138,2020-12-31,2521,8.0,0
527,138,2021-12-31,2824,12.0,0
526,138,2023-01-01,3304,17.0,0
525,138,2024-01-01,3700,12.0,0
524,138,2024-12-31,4218,14.0,0
523,138,2025-12-31,4809,14.0,0
531,139,2024-12-31,4529,12.0,0
530,139,2025-12-31,5163,14.0,1
535,140,2023-01-01,10726,16.0,1
534,140,2024-01-01,12978,21.0,1
533,140,2024-12-31,15574,20.0,1
532,140,2025-12-31,18844,21.0,1
542,141,2020-01-01,6859,14.0,0
541,141,2020-12-31,7819,14.0,0
540,141,2021-12-31,8914,14.0,0
539,141,2023-01-01,10875,22.0,0
538,141,2024-01-01,12832,18.0,0
537,141,2024-12-31,15271,19.0,0
536,141,2025-12-31,18172,19.0,0
549,142,2019-10-22,3461,7.0,0
548,142,2020-10-21,3773,9.0,0
547,142,2021-10-21,3961,5.0,0
546,142,2022-10-22,4278,8.0,0
545,142,2023-10-22,4791,12.0,0
544,142,2024-10-21,5175,8.0,0
543,142,2025-10-21,5744,11.0,0
552,143,2024-01-01,2324,9.0,2
551,143,2024-12-31,2603,12.0,2
550,143,2025-12-31,2889,11.0,2
553,144,2025-12-31,2871,15.0,0
560,145,2020-01-01,2641,18.0,0
559,145,2020-12-31,3090,17.0,0
558,145,2021-12-31,3646,18.0,0
557,145,2023-01-01,4412,21.0,0
556,145,2024-01-01,5471,24.0,0
555,145,2024-12-31,6237,14.0,0
554,145,2025-12-31,7484,20.0,0
567,147,2019-03-09,1593,24.0,0
566,147,2020-03-08,2039,28.0,0
565,147,2021-03-08,2570,26.0,0
564,147,2022-03-09,3212,25.0,0
563,147,2023-03-09,4015,25.0,0
562,147,2024-03-08,4898,22.0,0
561,147,2025-03-08,6074,24.0,0
573,148,2020-12-31,9492,16.0,0
572,148,2021-12-31,10536,11.0,0
571,148,2023-01-01,12116,15.0,0
570,148,2024-01-01,13692,13.0,0
569,148,2024-12-31,15471,13.0,0
568,148,2025-12-31,17328,12.0,0
579,150,2020-12-31,1667,12.0,0
578,150,2021-12-31,1767,6.0,0
577,150,2023-01-01,2050,16.0,0
576,150,2024-01-01,2173,6.0,0
575,150,2024-12-31,2477,14.0,1
574,150,2025-12-31,2774,12.0,1
581,151,2024-12-31,3917,14.0,1
580,151,2025-12-31,4505,15.0,1
587,152,2020-12-31,4223,8.0,0
586,152,2021-12-31,4899,16.0,0
585,152,2023-01-01,5340,9.0,0
584,152,2024-01-01,6141,15.0,0
583,152,2024-12-31,6632,8.0,0
582,152,2025-12-31,7428,12.0,0
594,153,2020-01-01,6695,8.0,0
593,153,2020-12-31,7231,8.0,0
592,153,2021-12-31,7882,9.0,0
591,153,2023-01-01,8355,6.0,0
590,153,2024-01-01,9190,10.0,0
589,153,2024-12-31,10385,13.0,0
588,153,2025-12-31,11631,12.0,0
601,154,2020-01-01,4521,17.0,0
600,154,2020-12-31,5154,14.0,0
599,154,2021-12-31,5876,14.0,0
598,154,2023-01-01,6934,18.0,0
597,154,2024-01-01,7627,10.0,0
596,154,2024-12-31,8542,12.0,0
595,154,2025-12-31,9738,14.0,1
603,155,2024-12-31,2324,25.0,0
602,155,2025-12-31,2835,22.0,1
610,158,2020-01-01,9012,12.0,2
609,158,2020-12-31,10364,15.0,2
608,158,2021-12-31,11814,14.0,2
607,158,2023-01-01,12523,6.0,2
606,158,2024-01-01,13400,7.0,2
605,158,2024-12-31,15142,13.0,2
604,158,2025-12-31,16959,12.0,2
617,159,2020-01-01,708,26.0,0
616,159,2020-12-31,871,23.0,0
615,159,2021-12-31,1062,22.0,1
614,159,2023-01-01,1296,22.0,1
613,159,2024-01-01,1633,26.0,2
612,159,2024-12-31,2090,28.0,3
611,159,2025-12-31,2613,25.0,3
624,160,2020-01-01,2780,10.0,0
623,160,2020-12-31,3225,16.0,0
622,160,2021-12-31,3548,10.0,0
621,160,2023-01-01,4151,17.0,0
620,160,2024-01-01,4649,12.0,0
619,160,2024-12-31,5439,17.0,0
618,160,2025-12-31,6146,13.0,1
630,161,2019-07-21,2325,15.0,1
629,161,2020-07-20,2673,15.0,2
628,161,2021-07-21,3048,14.0,2
627,161,2022-07-21,3505,15.0,2
626,161,2023-07-21,4206,20.0,2
625,161,2024-07-20,4963,18.0,3
637,162,2020-01-01,8920,11.0,0
636,162,2020-12-31,10437,17.0,0
635,162,2021-12-31,12211,17.0,0
634,162,2023-01-01,13921,14.0,0
633,162,2024-01-01,16009,15.0,0
632,162,2024-12-31,17289,8.0,0
631,162,2025-12-31,19537,13.0,0
644,163,2018-01-24,2514,21.0,0
643,163,2019-01-24,2967,18.0,0
642,163,2020-01-24,3471,17.0,0
641,163,2021-01-24,3992,15.0,0
640,163,2022-01-24,4670,17.0,0
639,163,2023-01-24,5231,12.0,0
638,163,2024-01-24,6172,18.0,0
650,164,2020-12-31,1019,15.0,0
649,164,2021-12-31,1254,23.0,0
648,164,2023-01-01,1454,16.0,0
647,164,2024-01-01,1672,15.0,0
646,164,2024-12-31,1990,19.0,0
645,164,2025-12-31,2368,19.0,0
657,165,2018-06-09,4999,13.0,0
656,165,2019-06-09,5699,14.0,0
655,165,2020-06-08,6496,14.0,0
654,165,2021-06-09,7276,12.0,0
653,165,2022-06-09,8295,14.0,0
652,165,2023-06-09,9207,11.0,1
651,165,2024-06-08,10312,12.0,1
658,167,2024-05-04,1675,19.0,0
661,169,2024-01-01,1892,10.0,1
660,169,2024-12-31,2213,17.0,1
659,169,2025-12-31,2523,14.0,1
668,170,2020-01-01,3053,17.0,0
667,170,2020-12-31,3602,18.0,0
666,170,2021-12-31,3962,10.0,0
665,170,2023-01-01,4398,11.0,0
664,170,2024-01-01,5190,18.0,0
663,170,2024-12-31,5761,11.0,0
662,170,2025-12-31,6567,14.0,0
672,171,2023-01-01,3404,15.0,0
671,171,2024-01-01,3778,11.0,0
670,171,2024-12-31,4231,12.0,0
669,171,2025-12-31,4739,12.0,0
675,174,2024-01-01,7611,10.0,0
674,174,2024-12-31,8295,9.0,0
673,174,2025-12-31,9208,11.0,0
678,175,2022-06-26,3700,6.0,1
677,175,2023-06-26,4107,11.0,1
676,175,2024-06-25,4559,11.0,1
685,176,2020-01-01,3673,11.0,0
684,176,2020-12-31,4297,17.0,1
683,176,2021-12-31,4985,16.0,1
682,176,2023-01-01,5683,14.0,1
681,176,2024-01-01,6194,9.0,1
680,176,2024-12-31,7247,17.0,1
679,176,2025-12-31,8189,13.0,1
692,177,2020-01-01,900,25.0,0
691,177,2020-12-31,1099,22.0,0
690,177,2021-12-31,1340,22.0,0
689,177,2023-01-01,1622,21.0,0
688,177,2024-01-01,2027,25.0,0
687,177,2024-12-31,2392,18.0,0
686,177,2025-12-31,2942,23.0,1
696,178,2023-01-01,3114,23.0,1
695,178,2024-01-01,3550,14.0,1
694,178,2024-12-31,4118,16.0,1
693,178,2025-12-31,4941,20.0,2
701,179,2021-09-11,6491,17.0,0
700,179,2022-09-12,7140,10.0,0
699,179,2023-09-12,7782,9.0,0
698,179,2024-09-11,9261,19.0,0
697,179,2025-09-11,10650,15.0,0
708,182,2020-01-01,2836,9.0,0
707,182,2020-12-31,3120,10.0,0
706,182,2021-12-31,3557,14.0,0
705,182,2023-01-01,4019,13.0,1
704,182,2024-01-01,4582,14.0,1
703,182,2024-12-31,5177,13.0,1
702,182,2025-12-31,5902,14.0,1
711,183,2024-01-01,6479,19.0,0
710,183,2024-12-31,7321,13.0,0
709,183,2025-12-31,8639,18.0,0
718,184,2020-01-01,2373,19.0,0
717,184,2020-12-31,2706,14.0,0
716,184,2021-12-31,3166,17.0,0
715,184,2023-01-01,3736,18.0,0
714,184,2024-01-01,4520,21.0,0
713,184,2024-12-31,5334,18.0,0
712,184,2025-12-31,6347,19.0,0
724,190,2019-04-25,1520,22.0,0
723,190,2020-04-24,1899,25.0,0
722,190,2021-04-25,2374,25.0,0
721,190,2022-04-25,2968,25.0,0
720,190,2023-04-25,3443,16.0,0
719,190,2024-04-24,4200,22.0,0
731,192,2020-01-01,1547,16.0,0
730,192,2020-12-31,1717,11.0,0
729,192,2021-12-31,1991,16.0,0
728,192,2023-01-01,2310,16.0,0
727,192,2024-01-01,2634,14.0,0
726,192,2024-12-31,3055,16.0,0
725,192,2025-12-31,3452,13.0,0
735,193,2023-01-01,2398,22.0,0
734,193,2024-01-01,2901,21.0,0
733,193,2024-12-31,3598,24.0,0
732,193,2025-12-31,4317,20.0,0
741,194,2020-12-31,1299,16.0,0
740,194,2021-12-31,1532,18.0,0
739,194,2023-01-01,1808,18.0,0
738,194,2024-01-01,2061,14.0,0
737,194,2024-12-31,2309,12.0,0
736,194,2025-12-31,2632,14.0,0
748,195,2020-01-01,2019,19.0,0
747,195,2020-12-31,2322,15.0,0
746,195,2021-12-31,2601,12.0,0
745,195,2023-01-01,3017,16.0,1
744,195,2024-01-01,3469,15.0,1
743,195,2024-12-31,3990,15.0,2
742,195,2025-12-31,4668,17.0,3
752,197,2023-01-01,2303,14.0,0
751,197,2024-01-01,2602,13.0,0
750,197,2024-12-31,2811,8.0,0
749,197,2025-12-31,3204,14.0,1
758,198,2020-12-31,1560,13.0,0
757,198,2021-12-31,1732,11.0,0
756,198,2023-01-01,1870,8.0,0
755,198,2024-01-01,2188,17.0,0
754,198,2024-12-31,2407,10.0,0
753,198,2025-12-31,2720,13.0,0
765,199,2020-01-01,8633,13.0,0
764,199,2020-12-31,9410,9.0,0
763,199,2021-12-31,10727,14.0,0
762,199,2023-01-01,12122,13.0,0
761,199,2024-01-01,13698,13.0,0
760,199,2024-12-31,15204,11.0,1
759,199,2025-12-31,17181,13.0,1
771,200,2020-12-31,908,18.0,0
770,200,2021-12-31,1081,19.0,0
769,200,2023-01-01,1308,21.0,0
768,200,2024-01-01,1608,23.0,1
767,200,2024-12-31,1850,15.0,1
766,200,2025-12-31,2238,21.0,1
773,201,2024-12-31,1301,14.0,0
772,201,2025-12-31,1483,14.0,0
780,202,2020-01-01,3057,15.0,0
779,202,2020-12-31,3485,14.0,0
778,202,2021-12-31,3729,7.0,0
777,202,2023-01-01,4252,14.0,0
776,202,2024-01-01,4719,11.0,0
775,202,2024-12-31,5050,7.0,0
774,202,2025-12-31,5605,11.0,1
787,204,2020-01-01,3482,14.0,1
786,204,2020-12-31,4074,17.0,1
785,204,2021-12-31,4440,9.0,1
784,204,2023-01-01,5195,17.0,1
783,204,2024-01-01,5923,14.0,1
782,204,2024-12-31,6456,9.0,1
781,204,2025-12-31,7295,13.0,2
794,205,2020-01-01,820,24.0,0
793,205,2020-12-31,943,15.0,0
792,205,2021-12-31,1160,23.0,0
791,205,2023-01-01,1380,19.0,0
790,205,2024-01-01,1615,17.0,0
789,205,2024-12-31,1922,19.0,1
788,205,2025-12-31,2306,20.0,1
801,206,2020-01-01,981,16.0,0
800,206,2020-12-31,1109,13.0,0
799,206,2021-12-31,1253,13.0,0
798,206,2023-01-01,1454,16.0,0
797,206,2024-01-01,1701,17.0,1
796,206,2024-12-31,1990,17.0,1
795,206,2025-12-31,2348,18.0,1
808,207,2020-01-01,3935,10.0,0
807,207,2020-12-31,4249,8.0,0
806,207,2021-12-31,5014,18.0,0
805,207,2023-01-01,5816,16.0,0
804,207,2024-01-01,6863,18.0,0
803,207,2024-12-31,7893,15.0,0
802,207,2025-12-31,8998,14.0,0
815,208,2020-01-01,2153,14.0,0
814,208,2020-12-31,2476,15.0,0
813,208,2021-12-31,2674,8.0,0
812,208,2023-01-01,2941,10.0,0
811,208,2024-01-01,3324,13.0,1
810,208,2024-12-31,3822,15.0,1
809,208,2025-12-31,4319,13.0,1
817,211,2024-12-31,5241,11.0,0
816,211,2025-12-31,6132,17.0,0
819,214,2024-12-31,2788,24.0,1
818,214,2025-12-31,3346,20.0,1
826,215,2020-01-01,6543,10.0,0
825,215,2020-12-31,6870,5.0,0
824,215,2021-12-31,7488,9.0,0
823,215,2023-01-01,7938,6.0,0
822,215,2024-01-01,8731,10.0,0
821,215,2024-12-31,9779,12.0,1
820,215,2025-12-31,10855,11.0,1
831,216,2021-12-31,1233,19.0,0
830,216,2023-01-01,1405,14.0,0
829,216,2024-01-01,1602,14.0,0
828,216,2024-12-31,1891,18.0,1
827,216,2025-12-31,2231,18.0,1
834,217,2024-01-01,1487,22.0,1
833,217,2024-12-31,1873,26.0,1
832,217,2025-12-31,2323,24.0,2
837,218,2024-01-01,1466,18.0,0
836,218,2024-12-31,1715,17.0,1
835,218,2025-12-31,2024,18.0,1
843,221,2020-12-31,1672,15.0,0
842,221,2021-12-31,1789,7.0,0
841,221,2023-01-01,2058,15.0,0
840,221,2024-01-01,2284,11.0,0
839,221,2024-12-31,2444,7.0,1
838,221,2025-12-31,2713,11.0,1
849,223,2020-12-31,4872,16.0,0
848,223,2021-12-31,5846,20.0,0
847,223,2023-01-01,6430,10.0,0
846,223,2024-01-01,7138,11.0,0
845,223,2024-12-31,8137,14.0,1
844,223,2025-12-31,9439,16.0,1
851,224,2024-12-31,2231,16.0,1
850,224,2025-12-31,2566,15.0,1
857,226,2020-12-31,11223,12.0,0
856,226,2021-12-31,13019,16.0,0
855,226,2023-01-01,14191,9.0,0
854,226,2024-01-01,15610,10.0,0
853,226,2024-12-31,17327,11.0,0
852,226,2025-12-31,19926,15.0,0
864,227,2020-01-01,1200,7.0,0
863,227,2020-12-31,1380,15.0,0
862,227,2021-12-31,1518,10.0,0
861,227,2023-01-01,1730,14.0,0
860,227,2024-01-01,1989,15.0,1
859,227,2024-12-31,2188,10.0,1
858,227,2025-12-31,2451,12.0,1
871,228,2020-01-01,4824,14.0,0
870,228,2020-12-31,5162,7.0,0
869,228,2021-12-31,5729,11.0,1
868,228,2023-01-01,6646,16.0,1
867,228,2024-01-01,7377,11.0,1
866,228,2024-12-31,8410,14.0,1
865,228,2025-12-31,9419,12.0,1
878,230,2020-01-01,2749,19.0,0
877,230,2020-12-31,3381,23.0,0
876,230,2021-12-31,3956,17.0,0
875,230,2023-01-01,4945,25.0,0
874,230,2024-01-01,5884,19.0,0
873,230,2024-12-31,7120,21.0,0
872,230,2025-12-31,8686,22.0,0
884,231,2020-12-31,1233,23.0,0
883,231,2021-12-31,1418,15.0,0
882,231,2023-01-01,1744,23.0,0
881,231,2024-01-01,2110,21.0,0
880,231,2024-12-31,2532,20.0,0
879,231,2025-12-31,3038,20.0,0
890,233,2020-12-31,1396,19.0,0
889,233,2021-12-31,1592,14.0,0
888,233,2023-01-01,1910,20.0,0
887,233,2024-01-01,2197,15.0,1
886,233,2024-12-31,2636,20.0,1
885,233,2025-12-31,3058,16.0,1
891,235,2024-09-09,2325,21.0,0
898,238,2020-01-01,952,11.0,0
897,238,2020-12-31,1057,11.0,0
896,238,2021-12-31,1226,16.0,0
895,238,2023-01-01,1410,15.0,0
894,238,2024-01-01,1621,15.0,0
893,238,2024-12-31,1864,15.0,0
892,238,2025-12-31,2088,12.0,0
905,239,2020-01-01,1802,5.0,0
904,239,2020-12-31,1947,8.0,0
903,239,2021-12-31,2219,14.0,1
902,239,2023-01-01,2375,7.0,1
901,239,2024-01-01,2493,5.0,2
900,239,2024-12-31,2768,11.0,2
899,239,2025-12-31,3072,11.0,2
911,240,2020-12-31,3030,7.0,0
910,240,2021-12-31,3394,12.0,1
909,240,2023-01-01,3801,12.0,1
908,240,2024-01-01,4295,13.0,1
907,240,2024-12-31,4510,5.0,1
906,240,2025-12-31,5006,11.0,1
914,241,2024-01-01,3057,14.0,1
913,241,2024-12-31,3608,18.0,1
912,241,2025-12-31,4257,18.0,1
918,242,2023-01-01,1846,17.0,0
917,242,2024-01-01,1994,8.0,0
916,242,2024-12-31,2193,10.0,0
915,242,2025-12-31,2500,14.0,0
920,243,2023-04-05,903,26.0,0
919,243,2024-04-04,1102,22.0,0
927,244,2020-01-01,2951,28.0,0
926,244,2020-12-31,3570,21.0,0
925,244,2021-12-31,4391,23.0,0
924,244,2023-01-01,5665,29.0,1
923,244,2024-01-01,6854,21.0,1
922,244,2024-12-31,8362,22.0,2
921,244,2025-12-31,10453,25.0,3
930,245,2024-01-01,1857,9.0,0
929,245,2024-12-31,2043,10.0,0
928,245,2025-12-31,2288,12.0,0
935,246,2021-12-31,1834,24.0,0
934,246,2023-01-01,2200,20.0,0
933,246,2024-01-01,2618,19.0,1
932,246,2024-12-31,3194,22.0,1
931,246,2025-12-31,3929,23.0,1
939,247,2023-01-01,1617,10.0,0
938,247,2024-01-01,1778,10.0,0
937,247,2024-12-31,2010,13.0,0
936,247,2025-12-31,2311,15.0,0
944,248,2020-10-30,1516,24.0,0
943,248,2021-10-31,1773,17.0,0
942,248,2022-10-31,2181,23.0,0
941,248,2023-10-31,2574,18.0,0
940,248,2024-10-30,3140,22.0,0
948,249,2023-01-01,2324,10.0,0
947,249,2024-01-01,2696,16.0,0
946,249,2024-12-31,3209,19.0,0
945,249,2025-12-31,3690,15.0,1
953,250,2021-12-31,3012,15.0,0
952,250,2023-01-01,3314,10.0,0
951,250,2024-01-01,3678,11.0,1
950,250,2024-12-31,4009,9.0,1
949,250,2025-12-31,4450,11.0,2
960,252,2020-01-01,1326,13.0,0
959,252,2020-12-31,1538,16.0,0
958,252,2021-12-31,1708,11.0,0
957,252,2023-01-01,1912,12.0,0
956,252,2024-01-01,2085,9.0,1
955,252,2024-12-31,2439,17.0,1
954,252,2025-12-31,2756,13.0,1
967,253,2020-01-01,8922,15.0,0
966,253,2020-12-31,9725,9.0,0
965,253,2021-12-31,11280,16.0,0
964,253,2023-01-01,12973,15.0,0
963,253,2024-01-01,14270,10.0,0
962,253,2024-12-31,16696,17.0,0
961,253,2025-12-31,19033,14.0,1
974,254,2020-01-01,11190,6.0,0
973,254,2020-12-31,12309,10.0,0
972,254,2021-12-31,14032,14.0,0
971,254,2023-01-01,14874,6.0,0
970,254,2024-01-01,15617,5.0,0
969,254,2024-12-31,16867,8.0,0
968,254,2025-12-31,18722,11.0,0
981,256,2020-01-01,4024,17.0,0
980,256,2020-12-31,4547,13.0,0
979,256,2021-12-31,5229,15.0,0
978,256,2023-01-01,6118,17.0,0
977,256,2024-01-01,7158,17.0,0
976,256,2024-12-31,8160,14.0,0
975,256,2025-12-31,9547,17.0,0
988,258,2020-01-01,5098,19.0,0
987,258,2020-12-31,6067,19.0,0
986,258,2021-12-31,7402,22.0,0
985,258,2023-01-01,8882,20.0,0
984,258,2024-01-01,9948,12.0,0
983,258,2024-12-31,11639,17.0,0
982,258,2025-12-31,13734,18.0,0
995,259,2020-01-01,8585,13.0,0
994,259,2020-12-31,10045,17.0,0
993,259,2021-12-31,11853,18.0,0
992,259,2023-01-01,13038,10.0,0
991,259,2024-01-01,14994,15.0,0
990,259,2024-12-31,17543,17.0,0
989,259,2025-12-31,19999,14.0,1
1002,260,2020-01-01,986,18.0,0
1001,260,2020-12-31,1153,17.0,0
1000,260,2021-12-31,1338,16.0,0
999,260,2023-01-01,1525,14.0,0
998,260,2024-01-01,1723,13.0,0
997,260,2024-12-31,1965,14.0,0
996,260,2025-12-31,2279,16.0,0
1004,261,2024-07-06,5235,8.0,0
1003,261,2025-07-06,5916,13.0,0
1010,262,2020-12-31,1136,11.0,3
1009,262,2021-12-31,1238,9.0,3
1008,262,2023-01-01,1412,14.0,3
1007,262,2024-01-01,1553,10.0,3
1006,262,2024-12-31,1832,18.0,3
1005,262,2025-12-31,2089,14.0,3
1017,264,2020-01-01,5061,26.0,0
1016,264,2020-12-31,6275,24.0,0
1015,264,2021-12-31,7593,21.0,0
1014,264,2023-01-01,9643,27.0,0
1013,264,2024-01-01,11668,21.0,0
1012,264,2024-12-31,13652,17.0,0
1011,264,2025-12-31,16792,23.0,1
1024,267,2020-01-01,1761,6.0,0
1023,267,2020-12-31,2007,14.0,0
1022,267,2021-12-31,2148,7.0,0
1021,267,2023-01-01,2449,14.0,0
1020,267,2024-01-01,2767,13.0,0
1019,267,2024-12-31,3182,15.0,0
1018,267,2025-12-31,3564,12.0,1
1031,269,2020-01-01,2370,7.0,0
1030,269,2020-12-31,2607,10.0,0
1029,269,2021-12-31,2894,11.0,0
1028,269,2023-01-01,3328,15.0,0
1027,269,2024-01-01,3528,6.0,0
1026,269,2024-12-31,3986,13.0,0
1025,269,2025-12-31,4425,11.0,0
1037,270,2020-12-31,2646,16.0,0
1036,270,2021-12-31,3122,18.0,0
1035,270,2023-01-01,3497,12.0,0
1034,270,2024-01-01,4126,18.0,1
1033,270,2024-12-31,4539,10.0,1
1032,270,2025-12-31,5265,16.0,1
1039,271,2024-12-31,5748,12.0,0
1038,271,2025-12-31,6553,14.0,0
1046,273,2020-01-01,2424,16.0,0
1045,273,2020-12-31,2860,18.0,0
1044,273,2021-12-31,3318,16.0,0
1043,273,2023-01-01,3948,19.0,0
1042,273,2024-01-01,4737,20.0,1
1041,273,2024-12-31,5306,12.0,1
1040,273,2025-12-31,6261,18.0,1
1049,274,2024-01-01,3114,13.0,0
1048,274,2024-12-31,3612,16.0,0
1047,274,2025-12-31,4298,19.0,1
1056,275,2020-01-01,2976,10.0,0
1055,275,2020-12-31,3512,18.0,0
1054,275,2021-12-31,4180,19.0,0
1053,275,2023-01-01,4890,17.0,0
1052,275,2024-01-01,5330,9.0,0
1051,275,2024-12-31,5917,11.0,1
1050,275,2025-12-31,6804,15.0,2
1062,277,2020-12-31,1851,12.0,1
1061,277,2021-12-31,2054,11.0,1
1060,277,2023-01-01,2424,18.0,1
1059,277,2024-01-01,2763,14.0,1
1058,277,2024-12-31,3261,18.0,1
1057,277,2025-12-31,3815,17.0,1
1069,281,2020-01-01,1307,11.0,0
1068,281,2020-12-31,1529,17.0,0
1067,281,2021-12-31,1667,9.0,0
1066,281,2023-01-01,1883,13.0,0
1065,281,2024-01-01,2109,12.0,0
1064,281,2024-12-31,2383,13.0,0
1063,281,2025-12-31,2741,15.0,1
1071,282,2024-02-04,5608,22.0,0
1070,282,2025-02-03,6673,19.0,0
1078,283,2018-04-29,2208,21.0,2
1077,283,2019-04-29,2716,23.0,2
1076,283,2020-04-28,3394,25.0,2
1075,283,2021-04-29,4141,22.0,3
1074,283,2022-04-29,5218,26.0,3
1073,283,2023-04-29,6261,20.0,3
1072,283,2024-04-28,7639,22.0,3
1083,284,2021-12-31,1391,17.0,0
1082,284,2023-01-01,1586,14.0,0
1081,284,2024-01-01,1760,11.0,0
1080,284,2024-12-31,2007,14.0,1
1079,284,2025-12-31,2328,16.0,1
1090,286,2020-01-01,1082,7.0,0
1089,286,2020-12-31,1245,15.0,0
1088,286,2021-12-31,1357,9.0,0
1087,286,2023-01-01,1492,10.0,0
1086,286,2024-01-01,1671,12.0,0
1085,286,2024-12-31,1905,14.0,0
1084,286,2025-12-31,2153,13.0,0
1094,287,2023-01-01,3414,8.0,0
1093,287,2024-01-01,3687,8.0,0
1092,287,2024-12-31,4277,16.0,0
1091,287,2025-12-31,4876,14.0,1
1099,288,2021-12-31,5473,19.0,0
1098,288,2023-01-01,6020,10.0,0
1097,288,2024-01-01,6923,15.0,0
1096,288,2024-12-31,8100,17.0,1
1095,288,2025-12-31,9396,16.0,1
1106,291,2019-05-18,5664,8.0,0
1105,291,2020-05-17,6287,11.0,0
1104,291,2021-05-17,7042,12.0,0
1103,291,2022-05-18,7746,10.0,0
1102,291,2023-05-18,8675,12.0,0
1101,291,2024-05-17,9369,8.0,0
1100,291,2025-05-17,10400,11.0,0
1113,292,2020-01-01,2678,25.0,0
1112,292,2020-12-31,3268,22.0,0
1111,292,2021-12-31,3921,20.0,0
1110,292,2023-01-01,4705,20.0,0
1109,292,2024-01-01,5740,22.0,0
1108,292,2024-12-31,6946,21.0,0
1107,292,2025-12-31,8474,22.0,0
1120,293,2020-01-01,5116,11.0,0
1119,293,2020-12-31,5576,9.0,0
1118,293,2021-12-31,6022,8.0,0
1117,293,2023-01-01,6865,14.0,0
1116,293,2024-01-01,7483,9.0,0
1115,293,2024-12-31,8755,17.0,0
1114,293,2025-12-31,9981,14.0,0
1127,296,2020-01-01,5408,17.0,0
1126,296,2020-12-31,6435,19.0,0
1125,296,2021-12-31,7529,17.0,0
1124,296,2023-01-01,8584,14.0,1
1123,296,2024-01-01,9614,12.0,1
1122,296,2024-12-31,10767,12.0,2
1121,296,2025-12-31,12490,16.0,2
1133,297,2020-01-18,1624,13.0,0
1132,297,2021-01-17,1851,14.0,0
1131,297,2022-01-18,2091,13.0,0
1130,297,2023-01-18,2280,9.0,0
1129,297,2024-01-18,2394,5.0,0
1128,297,2025-01-17,2657,11.0,0
1135,298,2024-12-31,11518,21.0,0
1134,298,2025-12-31,13591,18.0,0
1142,299,2019-08-05,3457,16.0,0
1141,299,2020-08-04,3872,12.0,0
1140,299,2021-08-04,4298,11.0,0
1139,299,2022-08-05,4727,10.0,0
1138,299,2023-08-05,5153,9.0,0
1137,299,2024-08-04,5823,13.0,0
1136,299,2025-08-04,6696,15.0,0
1149,300,2019-11-11,983,13.0,0
1148,300,2020-11-10,1091,11.0,0
1147,300,2021-11-10,1288,18.0,0
1146,300,2022-11-11,1417,10.0,0
1145,300,2023-11-11,1530,8.0,0
1144,300,2024-11-10,1805,18.0,0
1143,300,2025-11-10,2058,14.0,0
1156,302,2020-01-01,4541,8.0,0
1155,302,2020-12-31,4813,6.0,0
1154,302,2021-12-31,5391,12.0,0
1153,302,2023-01-01,6145,14.0,0
1152,302,2024-01-01,6883,12.0,0
1151,302,2024-12-31,7915,15.0,0
1150,302,2025-12-31,8865,12.0,0
1163,303,2020-01-01,2737,8.0,0
1162,303,2020-12-31,3175,16.0,0
1161,303,2021-12-31,3524,11.0,0
1160,303,2023-01-01,4124,17.0,0
1159,303,2024-01-01,4453,8.0,0
1158,303,2024-12-31,5211,17.0,0
1157,303,2025-12-31,5940,14.0,1
1170,304,2020-01-01,2792,13.0,0
1169,304,2020-12-31,3155,13.0,0
1168,304,2021-12-31,3534,12.0,0
1167,304,2023-01-01,3993,13.0,0
1166,304,2024-01-01,4472,12.0,0
1165,304,2024-12-31,5098,14.0,0
1164,304,2025-12-31,5914,16.0,0
1174,305,2023-01-01,1570,25.0,0
1173,305,2024-01-01,1806,15.0,0
1172,305,2024-12-31,2167,20.0,0
1171,305,2025-12-31,2622,21.0,0
1181,306,2020-01-01,5654,9.0,1
1180,306,2020-12-31,6445,14.0,1
1179,306,2021-12-31,7218,12.0,1
1178,306,2023-01-01,8012,11.0,1
1177,306,2024-01-01,9294,16.0,2
1176,306,2024-12-31,10689,15.0,3
1175,306,2025-12-31,12185,14.0,3
1188,307,2020-01-01,5587,16.0,0
1187,307,2020-12-31,6426,15.0,0
1186,307,2021-12-31,6875,7.0,0
1185,307,2023-01-01,7632,11.0,0
1184,307,2024-01-01,8166,7.0,0
1183,307,2024-12-31,9472,16.0,1
1182,307,2025-12-31,10609,12.0,2
1194,308,2020-12-31,2471,10.0,0
1193,308,2021-12-31,2767,12.0,0
1192,308,2023-01-01,3182,15.0,0
1191,308,2024-01-01,3660,15.0,0
1190,308,2024-12-31,3879,6.0,0
1189,308,2025-12-31,4345,12.0,1
1196,309,2024-12-31,1861,16.0,0
1195,309,2025-12-31,2177,17.0,1
1203,311,2020-01-01,1091,17.0,0
1202,311,2020-12-31,1255,15.0,0
1201,311,2021-12-31,1518,21.0,0
1200,311,2023-01-01,1822,20.0,0
1199,311,2024-01-01,2040,12.0,0
1198,311,2024-12-31,2387,17.0,0
1197,311,2025-12-31,2793,17.0,1
1210,312,2020-01-01,3608,9.0,0
1209,312,2020-12-31,4113,14.0,0
1208,312,2021-12-31,4688,14.0,0
1207,312,2023-01-01,5298,13.0,0
1206,312,2024-01-01,6040,14.0,0
1205,312,2024-12-31,6946,15.0,0
1204,312,2025-12-31,7918,14.0,1
1217,314,2020-01-01,4156,9.0,0
1216,314,2020-12-31,4655,12.0,0
1215,314,2021-12-31,5446,17.0,0
1214,314,2023-01-01,6372,17.0,0
1213,314,2024-01-01,6946,9.0,0
1212,314,2024-12-31,7710,11.0,0
1211,314,2025-12-31,8789,14.0,0
1222,315,2021-11-12,1465,9.0,0
1221,315,2022-11-13,1670,14.0,0
1220,315,2023-11-13,1888,13.0,0
1219,315,2024-11-12,2114,12.0,0
1218,315,2025-11-12,2389,13.0,0
1225,316,2024-01-01,2494,9.0,0
1224,316,2024-12-31,2793,12.0,0
1223,316,2025-12-31,3212,15.0,0
1232,319,2020-01-01,10588,13.0,0
1231,319,2020-12-31,12070,14.0,0
1230,319,2021-12-31,12794,6.0,0
1229,319,2023-01-01,13690,7.0,0
1228,319,2024-01-01,15333,12.0,0
1227,319,2024-12-31,17326,13.0,0
1226,319,2025-12-31,19232,11.0,0
1235,321,2024-01-01,1730,12.0,0
1234,321,2024-12-31,1938,12.0,0
1233,321,2025-12-31,2267,17.0,0
1242,323,2020-01-01,11549,14.0,0
1241,323,2020-12-31,12935,12.0,0
1240,323,2021-12-31,13840,7.0,0
1239,323,2023-01-01,15086,9.0,0
1238,323,2024-01-01,16746,11.0,0
1237,323,2024-12-31,17583,5.0,1
1236,323,2025-12-31,19517,11.0,1
1248,325,2020-08-19,1542,13.0,0
1247,325,2021-08-19,1666,8.0,0
1246,325,2022-08-20,1865,12.0,0
1245,325,2023-08-20,2015,8.0,0
1244,325,2024-08-19,2156,7.0,0
1243,325,2025-08-19,2436,13.0,1
1255,327,2020-01-01,5487,18.0,0
1254,327,2020-12-31,6858,25.0,0
1253,327,2021-12-31,7956,16.0,0
1252,327,2023-01-01,9228,16.0,0
1251,327,2024-01-01,10705,16.0,0
1250,327,2024-12-31,13167,23.0,0
1249,327,2025-12-31,16064,22.0,1
1262,328,2018-01-31,939,23.0,0
1261,328,2019-01-31,1137,21.0,0
1260,328,2020-01-31,1319,16.0,0
1259,328,2021-01-31,1609,22.0,0
1258,328,2022-01-31,1834,14.0,0
1257,328,2023-01-31,2256,23.0,0
1256,328,2024-01-31,2707,20.0,0
1269,329,2020-01-01,7640,12.0,0
1268,329,2020-12-31,8786,15.0,0
1267,329,2021-12-31,10631,21.0,0
1266,329,2023-01-01,12438,17.0,0
1265,329,2024-01-01,14428,16.0,0
1264,329,2024-12-31,16159,12.0,0
1263,329,2025-12-31,19068,18.0,0
1274,330,2021-12-31,2550,14.0,0
1273,330,2023-01-01,2933,15.0,0
1272,330,2024-01-01,3080,5.0,0
1271,330,2024-12-31,3541,15.0,1
1270,330,2025-12-31,3931,11.0,1
1278,331,2021-05-24,2729,9.0,0
1277,331,2022-05-24,3002,10.0,0
1276,331,2023-05-24,3272,9.0,0
1275,331,2024-05-23,3730,14.0,0
1282,332,2023-01-01,1481,10.0,1
1281,332,2024-01-01,1717,16.0,2
1280,332,2024-12-31,1958,14.0,2
1279,332,2025-12-31,2232,14.0,3
1286,333,2023-01-01,2887,21.0,0
1285,333,2024-01-01,3262,13.0,0
1284,333,2024-12-31,3784,16.0,0
1283,333,2025-12-31,4465,18.0,0
1288,334,2024-12-31,2648,15.0,1
1287,334,2025-12-31,3072,16.0,2
1295,335,2020-01-01,1490,14.0,0
1294,335,2020-12-31,1668,12.0,0
1293,335,2021-12-31,1919,15.0,0
1292,335,2023-01-01,2302,20.0,0
1291,335,2024-01-01,2556,11.0,1
1290,335,2024-12-31,2837,11.0,1
1289,335,2025-12-31,3319,17.0,2
1302,336,2020-01-01,11163,6.0,1
1301,336,2020-12-31,12168,9.0,1
1300,336,2021-12-31,12776,5.0,1
1299,336,2023-01-01,14182,11.0,1
1298,336,2024-01-01,15175,7.0,1
1297,336,2024-12-31,17299,14.0,1
1296,336,2025-12-31,19202,11.0,1
1305,337,2024-01-01,10526,15.0,0
1304,337,2024-12-31,12210,16.0,0
1303,337,2025-12-31,13675,12.0,1
1308,338,2024-01-01,2300,10.0,1
1307,338,2024-12-31,2576,12.0,1
1306,338,2025-12-31,2911,13.0,1
1315,339,2020-01-01,3136,14.0,0
1314,339,2020-12-31,3513,12.0,0
1313,339,2021-12-31,3794,8.0,0
1312,339,2023-01-01,4439,17.0,0
1311,339,2024-01-01,4749,7.0,0
1310,339,2024-12-31,5272,11.0,1
1309,339,2025-12-31,5957,13.0,1
1319,340,2023-01-01,2579,13.0,0
1318,340,2024-01-01,3043,18.0,0
1317,340,2024-12-31,3439,13.0,0
1316,340,2025-12-31,3920,14.0,1
1323,341,2023-01-01,4017,14.0,0
1322,341,2024-01-01,4741,18.0,0
1321,341,2024-12-31,5499,16.0,1
1320,341,2025-12-31,6434,17.0,1
1325,342,2024-04-02,9052,12.0,2
1324,342,2025-04-02,10048,11.0,2
1332,343,2020-01-01,3375,22.0,0
1331,343,2020-12-31,4151,23.0,0
1330,343,2021-12-31,5022,21.0,0
1329,343,2023-01-01,6077,21.0,0
1328,343,2024-01-01,7353,21.0,0
1327,343,2024-12-31,8750,19.0,0
1326,343,2025-12-31,10938,25.0,0
1339,346,2020-01-01,833,21.0,0
1338,346,2020-12-31,974,17.0,0
1337,346,2021-12-31,1101,13.0,0
1336,346,2023-01-01,1343,22.0,0
1335,346,2024-01-01,1599,19.0,0
1334,346,2024-12-31,1966,23.0,0
1333,346,2025-12-31,2340,19.0,0
1343,347,2023-01-01,4877,13.0,0
1342,347,2024-01-01,5218,7.0,0
1341,347,2024-12-31,5792,11.0,0
1340,347,2025-12-31,6545,13.0,0
1347,349,2023-01-01,4681,11.0,0
1346,349,2024-01-01,5196,11.0,0
1345,349,2024-12-31,6080,17.0,1
1344,349,2025-12-31,6931,14.0,1
1352,350,2021-12-31,3058,8.0,0
1351,350,2023-01-01,3486,14.0,0
1350,350,2024-01-01,3905,12.0,1
1349,350,2024-12-31,4373,12.0,1
1348,350,2025-12-31,4898,12.0,2
1359,351,2020-01-01,1351,10.0,0
1358,351,2020-12-31,1513,12.0,0
1357,351,2021-12-31,1724,14.0,1
1356,351,2023-01-01,1931,12.0,1
1355,351,2024-01-01,2163,12.0,1
1354,351,2024-12-31,2336,8.0,1
1353,351,2025-12-31,2593,11.0,1
1366,352,2020-01-01,7334,15.0,0
1365,352,2020-12-31,8361,14.0,0
1364,352,2021-12-31,9615,15.0,0
1363,352,2023-01-01,11730,22.0,0
1362,352,2024-01-01,13841,18.0,0
1361,352,2024-12-31,16333,18.0,1
1360,352,2025-12-31,19436,19.0,1
1368,353,2024-12-31,2453,13.0,0
1367,353,2025-12-31,2723,11.0,0
1374,355,2019-05-21,2165,13.0,0
1373,355,2020-05-20,2490,15.0,0
1372,355,2021-05-21,2664,7.0,0
1371,355,2022-05-21,2957,11.0,0
1370,355,2023-05-21,3134,6.0,0
1369,355,2024-05-20,3479,11.0,0
1380,359,2020-12-31,1297,16.0,0
1379,359,2021-12-31,1492,15.0,0
1378,359,2023-01-01,1745,17.0,0
1377,359,2024-01-01,2025,16.0,0
1376,359,2024-12-31,2328,15.0,0
1375,359,2025-12-31,2794,20.0,0
1387,361,2020-01-01,1946,19.0,0
1386,361,2020-12-31,2335,20.0,0
1385,361,2021-12-31,2662,14.0,0
1384,361,2023-01-01,3168,19.0,0
1383,361,2024-01-01,3802,20.0,0
1382,361,2024-12-31,4448,17.0,1
1381,361,2025-12-31,5249,18.0,1
1394,362,2020-01-01,1134,17.0,0
1393,362,2020-12-31,1292,14.0,0
1392,362,2021-12-31,1396,8.0,0
1391,362,2023-01-01,1535,10.0,0
1390,362,2024-01-01,1735,13.0,0
1389,362,2024-12-31,1926,11.0,0
1388,362,2025-12-31,2176,13.0,0
1401,363,2020-01-01,8331,9.0,0
1400,363,2020-12-31,9081,9.0,0
1399,363,2021-12-31,10261,13.0,0
1398,363,2023-01-01,11903,16.0,0
1397,363,2024-01-01,13331,12.0,0
1396,363,2024-12-31,15064,13.0,0
1395,363,2025-12-31,16872,12.0,1
1402,364,2024-03-28,3485,11.0,0
1403,366,2025-12-31,6644,19.0,2
1410,367,2020-01-01,1856,16.0,0
1409,367,2020-12-31,2191,18.0,0
1408,367,2021-12-31,2563,17.0,0
1407,367,2023-01-01,3204,25.0,0
1406,367,2024-01-01,3877,21.0,0
1405,367,2024-12-31,4613,19.0,1
1404,367,2025-12-31,5582,21.0,1
1417,369,2020-01-01,2223,10.0,0
1416,369,2020-12-31,2467,11.0,0
1415,369,2021-12-31,2862,16.0,1
1414,369,2023-01-01,3091,8.0,1
1413,369,2024-01-01,3369,9.0,2
1412,369,2024-12-31,3571,6.0,2
1411,369,2025-12-31,4000,12.0,2
1424,372,2020-01-01,6206,18.0,0
1423,372,2020-12-31,6889,11.0,0
1422,372,2021-12-31,7854,14.0,0
1421,372,2023-01-01,8875,13.0,0
1420,372,2024-01-01,10206,15.0,0
1419,372,2024-12-31,11839,16.0,0
1418,372,2025-12-31,13496,14.0,0
1431,373,2020-01-01,1734,15.0,0
1430,373,2020-12-31,1872,8.0,0
1429,373,2021-12-31,2116,13.0,0
1428,373,2023-01-01,2306,9.0,0
1427,373,2024-01-01,2629,14.0,0
1426,373,2024-12-31,2892,10.0,1
1425,373,2025-12-31,3210,11.0,1
1438,374,2020-01-01,8400,9.0,0
1437,374,2020-12-31,9912,18.0,0
1436,374,2021-12-31,11696,18.0,0
1435,374,2023-01-01,13685,17.0,0
1434,374,2024-01-01,14916,9.0,0
1433,374,2024-12-31,16706,12.0,0
1432,374,2025-12-31,19045,14.0,0
1445,376,2018-07-27,5860,13.0,0
1444,376,2019-07-27,6680,14.0,0
1443,376,2020-07-26,7482,12.0,0
1442,376,2021-07-27,8604,15.0,0
1441,376,2022-07-27,9981,16.0,1
1440,376,2023-07-27,10579,6.0,1
1439,376,2024-07-26,11849,12.0,1
1451,377,2020-12-31,725,23.0,0
1450,377,2021-12-31,855,18.0,0
1449,377,2023-01-01,1052,23.0,1
1448,377,2024-01-01,1325,26.0,1
1447,377,2024-12-31,1683,27.0,1
1446,377,2025-12-31,2070,23.0,1
1457,378,2020-12-31,3535,12.0,1
1456,378,2021-12-31,3995,13.0,1
1455,378,2023-01-01,4394,10.0,1
1454,378,2024-01-01,4833,10.0,1
1453,378,2024-12-31,5704,18.0,1
1452,378,2025-12-31,6502,14.0,1
1461,379,2023-01-01,2108,17.0,0
1460,379,2024-01-01,2340,11.0,0
1459,379,2024-12-31,2761,18.0,0
1458,379,2025-12-31,3230,17.0,0
1467,380,2020-12-31,5805,12.0,0
1466,380,2021-12-31,7024,21.0,0
1465,380,2023-01-01,8289,18.0,1
1464,380,2024-01-01,10112,22.0,1
1463,380,2024-12-31,11528,14.0,1
1462,380,2025-12-31,13603,18.0,2
1474,381,2020-01-01,4489,22.0,0
1473,381,2020-12-31,5432,21.0,0
1472,381,2021-12-31,6464,19.0,0
1471,381,2023-01-01,7240,12.0,0
1470,381,2024-01-01,8615,19.0,1
1469,381,2024-12-31,10166,18.0,1
1468,381,2025-12-31,11996,18.0,1
1481,382,2020-01-01,1622,22.0,0
1480,382,2020-12-31,1930,19.0,0
1479,382,2021-12-31,2278,18.0,0
1478,382,2023-01-01,2847,25.0,0
1477,382,2024-01-01,3587,26.0,1
1476,382,2024-12-31,4520,26.0,1
1475,382,2025-12-31,5605,24.0,1
1488,384,2020-01-01,2316,23.0,0
1487,384,2020-12-31,2872,24.0,0
1486,384,2021-12-31,3389,18.0,0
1485,384,2023-01-01,4066,20.0,0
1484,384,2024-01-01,4636,14.0,0
1483,384,2024-12-31,5331,15.0,1
1482,384,2025-12-31,6397,20.0,1
1495,385,2020-01-01,9370,12.0,0
1494,385,2020-12-31,10869,16.0,0
1493,385,2021-12-31,12064,11.0,0
1492,385,2023-01-01,13271,10.0,0
1491,385,2024-01-01,14731,11.0,1
1490,385,2024-12-31,16793,14.0,1
1489,385,2025-12-31,19144,14.0,2
1501,386,2020-12-31,8101,10.0,1
1500,386,2021-12-31,9478,17.0,2
1499,386,2023-01-01,10615,12.0,2
1498,386,2024-01-01,12632,19.0,3
1497,386,2024-12-31,15159,20.0,3
1496,386,2025-12-31,17584,16.0,3
1508,387,2020-01-01,1385,23.0,0
1507,387,2020-12-31,1745,26.0,0
1506,387,2021-12-31,2077,19.0,0
1505,387,2023-01-01,2638,27.0,0
1504,387,2024-01-01,3192,21.0,0
1503,387,2024-12-31,3926,23.0,0
1502,387,2025-12-31,4907,25.0,0
1515,388,2020-01-01,1689,22.0,0
1514,388,2020-12-31,1925,14.0,0
1513,388,2021-12-31,2272,18.0,0
1512,388,2023-01-01,2772,22.0,0
1511,388,2024-01-01,3243,17.0,0
1510,388,2024-12-31,3859,19.0,0
1509,388,2025-12-31,4554,18.0,0
1522,389,2020-01-01,2134,21.0,0
1521,389,2020-12-31,2454,15.0,0
1520,389,2021-12-31,2994,22.0,0
1519,389,2023-01-01,3532,18.0,0
1518,389,2024-01-01,4027,14.0,1
1517,389,2024-12-31,4550,13.0,1
1516,389,2025-12-31,5415,19.0,1
1528,390,2020-12-31,2532,8.0,0
1527,390,2021-12-31,2962,17.0,0
1526,390,2023-01-01,3258,10.0,0
1525,390,2024-01-01,3780,16.0,0
1524,390,2024-12-31,4196,11.0,0
1523,390,2025-12-31,4741,13.0,1
1535,391,2020-01-01,1133,11.0,0
1534,391,2020-12-31,1235,9.0,0
1533,391,2021-12-31,1395,13.0,0
1532,391,2023-01-01,1479,6.0,0
1531,391,2024-01-01,1686,14.0,0
1530,391,2024-12-31,1888,12.0,0
1529,391,2025-12-31,2115,12.0,0
1537,392,2024-05-22,2591,18.0,1
1536,392,2025-05-22,3161,22.0,1
1540,393,2024-01-01,4666,16.0,1
1539,393,2024-12-31,5039,8.0,1
1538,393,2025-12-31,5745,14.0,1
1544,394,2021-07-05,1689,8.0,0
1543,394,2022-07-05,1892,12.0,1
1542,394,2023-07-05,2100,11.0,1
1541,394,2024-07-04,2373,13.0,1
1550,395,2020-12-31,1333,22.0,0
1549,395,2021-12-31,1666,25.0,0
1548,395,2023-01-01,1916,15.0,0
1547,395,2024-01-01,2338,22.0,0
1546,395,2024-12-31,2736,17.0,0
1545,395,2025-12-31,3310,21.0,0
1554,396,2023-01-01,15108,15.0,0
1553,396,2024-01-01,16015,6.0,0
1552,396,2024-12-31,16815,5.0,0
1551,396,2025-12-31,18665,11.0,0
1561,397,2020-01-01,2318,6.0,0
1560,397,2020-12-31,2689,16.0,0
1559,397,2021-12-31,2958,10.0,0
1558,397,2023-01-01,3402,15.0,0
1557,397,2024-01-01,3708,9.0,0
1556,397,2024-12-31,4004,8.0,0
1555,397,2025-12-31,4485,12.0,0
1564,399,2024-01-01,2348,12.0,1
1563,399,2024-12-31,2513,7.0,1
1562,399,2025-12-31,2789,11.0,1
1571,401,2019-10-22,3266,9.0,0
1570,401,2020-10-21,3691,13.0,0
1569,401,2021-10-21,3949,7.0,0
1568,401,2022-10-22,4463,13.0,0
1567,401,2023-10-22,4909,10.0,0
1566,401,2024-10-21,5204,6.0,0
1565,401,2025-10-21,5828,12.0,0
1576,403,2021-12-31,1680,6.0,1
1575,403,2023-01-01,1797,7.0,1
1574,403,2024-01-01,1923,7.0,2
1573,403,2024-12-31,2077,8.0,2
1572,403,2025-12-31,2326,12.0,3
1583,404,2020-01-01,6393,16.0,0
1582,404,2020-12-31,7352,15.0,0
1581,404,2021-12-31,8235,12.0,0
1580,404,2023-01-01,9470,15.0,0
1579,404,2024-01-01,10228,8.0,0
1578,404,2024-12-31,11864,16.0,0
1577,404,2025-12-31,13525,14.0,1
1584,405,2025-10-22,1420,13.0,0
1591,406,2020-01-01,3630,15.0,0
1590,406,2020-12-31,4030,11.0,0
1589,406,2021-12-31,4634,15.0,0
1588,406,2023-01-01,5422,17.0,0
1587,406,2024-01-01,6398,18.0,0
1586,406,2024-12-31,6974,9.0,1
1585,406,2025-12-31,8020,15.0,2
1593,407,2024-12-31,3125,15.0,1
1592,407,2025-12-31,3688,18.0,2
1598,408,2021-12-31,2781,12.0,0
1597,408,2023-01-01,3365,21.0,0
1596,408,2024-01-01,3937,17.0,0
1595,408,2024-12-31,4646,18.0,0
1594,408,2025-12-31,5482,18.0,1
1605,410,2020-01-01,6203,18.0,0
1604,410,2020-12-31,7443,20.0,0
1603,410,2021-12-31,8411,13.0,0
1602,410,2023-01-01,10177,21.0,0
1601,410,2024-01-01,11602,14.0,0
1600,410,2024-12-31,13458,16.0,0
1599,410,2025-12-31,16015,19.0,0
1606,411,2025-12-31,1200,12.0,0
1613,412,2020-01-01,2120,13.0,0
1612,412,2020-12-31,2395,13.0,0
1611,412,2021-12-31,2754,15.0,0
1610,412,2023-01-01,3360,22.0,0
1609,412,2024-01-01,3932,17.0,0
1608,412,2024-12-31,4757,21.0,0
1607,412,2025-12-31,5661,19.0,0
1620,416,2020-01-01,3514,14.0,0
1619,416,2020-12-31,3970,13.0,0
1618,416,2021-12-31,4328,9.0,0
1617,416,2023-01-01,4977,15.0,0
1616,416,2024-01-01,5624,13.0,0
1615,416,2024-12-31,6242,11.0,0
1614,416,2025-12-31,6929,11.0,1
1627,417,2020-01-01,4306,11.0,1
1626,417,2020-12-31,4823,12.0,1
1625,417,2021-12-31,5498,14.0,1
1624,417,2023-01-01,6323,15.0,2
1623,417,2024-01-01,7145,13.0,3
1622,417,2024-12-31,8216,15.0,3
1621,417,2025-12-31,9613,17.0,3
1634,419,2020-01-01,2414,11.0,0
1633,419,2020-12-31,2825,17.0,0
1632,419,2021-12-31,3164,12.0,0
1631,419,2023-01-01,3733,18.0,0
1630,419,2024-01-01,4181,12.0,0
1629,419,2024-12-31,4934,18.0,1
1628,419,2025-12-31,5674,15.0,1
1641,420,2020-01-01,2686,11.0,0
1640,420,2020-12-31,3008,12.0,0
1639,420,2021-12-31,3339,11.0,0
1638,420,2023-01-01,3940,18.0,0
1637,420,2024-01-01,4413,12.0,0
1636,420,2024-12-31,4811,9.0,1
1635,420,2025-12-31,5484,14.0,1
1648,421,2020-01-01,4510,17.0,0
1647,421,2020-12-31,5322,18.0,0
1646,421,2021-12-31,6333,19.0,0
1645,421,2023-01-01,7220,14.0,0
1644,421,2024-01-01,8736,21.0,0
1643,421,2024-12-31,10309,18.0,1
1642,421,2025-12-31,12061,17.0,1
1654,422,2020-12-31,3248,10.0,0
1653,422,2021-12-31,3801,17.0,0
1652,422,2023-01-01,4143,9.0,0
1651,422,2024-01-01,4681,13.0,1
1650,422,2024-12-31,5009,7.0,1
1649,422,2025-12-31,5660,13.0,1
1660,423,2020-12-31,2893,16.0,0
1659,423,2021-12-31,3212,11.0,0
1658,423,2023-01-01,3726,16.0,0
1657,423,2024-01-01,3949,6.0,0
1656,423,2024-12-31,4304,9.0,0
1655,423,2025-12-31,4821,12.0,1
1663,424,2024-01-01,5065,15.0,0
1662,424,2024-12-31,5723,13.0,0
1661,424,2025-12-31,6410,12.0,0
1670,425,2020-01-01,1981,22.0,1
1669,425,2020-12-31,2318,17.0,1
1668,425,2021-12-31,2712,17.0,1
1667,425,2023-01-01,3228,19.0,1
1666,425,2024-01-01,3873,20.0,1
1665,425,2024-12-31,4415,14.0,1
1664,425,2025-12-31,5210,18.0,1
1673,426,2024-01-01,2039,16.0,0
1672,426,2024-12-31,2284,12.0,0
1671,426,2025-12-31,2695,18.0,1
1680,428,2020-01-01,6080,6.0,0
1679,428,2020-12-31,6871,13.0,0
1678,428,2021-12-31,7901,15.0,0
1677,428,2023-01-01,8533,8.0,0
1676,428,2024-01-01,9728,14.0,0
1675,428,2024-12-31,10701,10.0,1
1674,428,2025-12-31,11878,11.0,2
1687,429,2020-01-01,8358,14.0,0
1686,429,2020-12-31,9110,9.0,0
1685,429,2021-12-31,10113,11.0,0
1684,429,2023-01-01,11832,17.0,0
1683,429,2024-01-01,13133,11.0,0
1682,429,2024-12-31,14972,14.0,0
1681,429,2025-12-31,17068,14.0,0
1694,430,2020-01-01,1000,16.0,0
1693,430,2020-12-31,1200,20.0,0
1692,430,2021-12-31,1356,13.0,0
1691,430,2023-01-01,1560,15.0,0
1690,430,2024-01-01,1794,15.0,0
1689,430,2024-12-31,2063,15.0,0
1688,430,2025-12-31,2455,19.0,0
1701,431,2020-01-01,7022,11.0,0
1700,431,2020-12-31,8075,15.0,0
1699,431,2021-12-31,9286,15.0,0
1698,431,2023-01-01,10400,12.0,0
1697,431,2024-01-01,11544,11.0,0
1696,431,2024-12-31,12468,8.0,0
1695,431,2025-12-31,13964,12.0,0
1708,433,2018-01-17,2338,13.0,0
1707,433,2019-01-17,2782,19.0,0
1706,433,2020-01-17,3060,10.0,0
1705,433,2021-01-17,3336,9.0,0
1704,433,2022-01-17,3836,15.0,0
1703,433,2023-01-17,4297,12.0,0
1702,433,2024-01-17,4941,15.0,0
1713,434,2021-12-31,1789,15.0,0
1712,434,2023-01-01,1932,8.0,0
1711,434,2024-01-01,2068,7.0,0
1710,434,2024-12-31,2212,7.0,0
1709,434,2025-12-31,2478,12.0,0
1720,436,2020-01-01,2854,7.0,0
1719,436,2020-12-31,3111,9.0,0
1718,436,2021-12-31,3577,15.0,0
1717,436,2023-01-01,3828,7.0,0
1716,436,2024-01-01,4402,15.0,0
1715,436,2024-12-31,4710,7.0,0
1714,436,2025-12-31,5228,11.0,0
1726,437,2020-12-31,2834,6.0,0
1725,437,2021-12-31,3203,13.0,0
1724,437,2023-01-01,3459,8.0,0
1723,437,2024-01-01,3701,7.0,0
1722,437,2024-12-31,4034,9.0,0
1721,437,2025-12-31,4478,11.0,0
1733,438,2020-01-01,4386,9.0,3
1732,438,2020-12-31,4693,7.0,3
1731,438,2021-12-31,5115,9.0,3
1730,438,2023-01-01,5473,7.0,3
1729,438,2024-01-01,6239,14.0,3
1728,438,2024-12-31,6738,8.0,3
1727,438,2025-12-31,7547,12.0,3
1740,439,2020-01-01,2095,15.0,0
1739,439,2020-12-31,2388,14.0,0
1738,439,2021-12-31,2818,18.0,0
1737,439,2023-01-01,3156,12.0,0
1736,439,2024-01-01,3693,17.0,0
1735,439,2024-12-31,4358,18.0,0
1734,439,2025-12-31,5055,16.0,0
1744,440,2021-07-11,2557,15.0,0
1743,440,2022-07-11,2838,11.0,0
1742,440,2023-07-11,3065,8.0,0
1741,440,2024-07-10,3464,13.0,0
1751,441,2020-01-01,2881,16.0,0
1750,441,2020-12-31,3083,7.0,0
1749,441,2021-12-31,3576,16.0,0
1748,441,2023-01-01,4148,16.0,1
1747,441,2024-01-01,4604,11.0,2
1746,441,2024-12-31,5111,11.0,2
1745,441,2025-12-31,5775,13.0,2
1758,442,2020-01-01,2715,20.0,0
1757,442,2020-12-31,3204,18.0,0
1756,442,2021-12-31,4005,25.0,0
1755,442,2023-01-01,4886,22.0,1
1754,442,2024-01-01,5863,20.0,1
1753,442,2024-12-31,7212,23.0,1
1752,442,2025-12-31,8943,24.0,1
1765,444,2020-01-01,9027,18.0,0
1764,444,2020-12-31,9930,10.0,0
1763,444,2021-12-31,11221,13.0,0
1762,444,2023-01-01,13128,17.0,0
1761,444,2024-01-01,14572,11.0,0
1760,444,2024-12-31,16758,15.0,1
1759,444,2025-12-31,19272,15.0,1
1767,445,2024-12-10,4439,12.0,0
1766,445,2025-12-10,5238,18.0,0
1774,446,2020-01-01,2174,10.0,0
1773,446,2020-12-31,2565,18.0,0
1772,446,2021-12-31,2924,14.0,0
1771,446,2023-01-01,3217,10.0,0
1770,446,2024-01-01,3603,12.0,0
1769,446,2024-12-31,4107,14.0,0
1768,446,2025-12-31,4682,14.0,0
1778,447,2023-01-01,13502,8.0,0
1777,447,2024-01-01,14988,11.0,0
1776,447,2024-12-31,16486,10.0,0
1775,447,2025-12-31,18300,11.0,1
1785,448,2020-01-01,3003,11.0,0
1784,448,2020-12-31,3273,9.0,0
1783,448,2021-12-31,3666,12.0,0
1782,448,2023-01-01,3849,5.0,1
1781,448,2024-01-01,4118,7.0,1
1780,448,2024-12-31,4736,15.0,1
1779,448,2025-12-31,5257,11.0,1
1791,449,2020-12-31,3573,9.0,0
1790,449,2021-12-31,3894,9.0,0
1789,449,2023-01-01,4439,14.0,0
1788,449,2024-01-01,4972,12.0,0
1787,449,2024-12-31,5619,13.0,0
1786,449,2025-12-31,6349,13.0,1
1796,450,2021-12-31,3099,12.0,0
1795,450,2023-01-01,3564,15.0,0
1794,450,2024-01-01,4063,14.0,0
1793,450,2024-12-31,4347,7.0,0
1792,450,2025-12-31,4869,12.0,0
1798,451,2024-12-31,8608,14.0,1
1797,451,2025-12-31,9985,16.0,1
1805,452,2020-01-01,1762,16.0,0
1804,452,2020-12-31,1991,13.0,0
1803,452,2021-12-31,2329,17.0,0
1802,452,2023-01-01,2585,11.0,1
1801,452,2024-01-01,2870,11.0,1
1800,452,2024-12-31,3243,13.0,1
1799,452,2025-12-31,3697,14.0,2
1810,453,2021-12-31,3423,26.0,2
1809,453,2023-01-01,4210,23.0,2
1808,453,2024-01-01,5010,19.0,3
1807,453,2024-12-31,6112,22.0,3
1806,453,2025-12-31,7457,22.0,3
1817,454,2019-07-12,1256,15.0,0
1816,454,2020-07-11,1344,7.0,0
1815,454,2021-07-11,1411,5.0,0
1814,454,2022-07-12,1566,11.0,0
1813,454,2023-07-12,1801,15.0,0
1812,454,2024-07-11,1909,6.0,0
1811,454,2025-07-11,2119,11.0,0
1821,455,2023-01-01,2556,12.0,0
1820,455,2024-01-01,3067,20.0,0
1819,455,2024-12-31,3404,11.0,0
1818,455,2025-12-31,3983,17.0,0
1828,456,2020-01-01,3076,12.0,0
1827,456,2020-12-31,3445,12.0,0
1826,456,2021-12-31,3893,13.0,1
1825,456,2023-01-01,4516,16.0,1
1824,456,2024-01-01,4967,10.0,1
1823,456,2024-12-31,5414,9.0,2
1822,456,2025-12-31,6118,13.0,3
1835,458,2020-01-01,2289,14.0,0
1834,458,2020-12-31,2793,22.0,0
1833,458,2021-12-31,3407,22.0,0
1832,458,2023-01-01,4089,20.0,0
1831,458,2024-01-01,4702,15.0,0
1830,458,2024-12-31,5266,12.0,0
1829,458,2025-12-31,6214,18.0,1
1842,460,2020-01-01,2519,11.0,0
1841,460,2020-12-31,2922,16.0,0
1840,460,2021-12-31,3360,15.0,0
1839,460,2023-01-01,3965,18.0,1
1838,460,2024-01-01,4758,20.0,1
1837,460,2024-12-31,5472,15.0,1
1836,460,2025-12-31,6347,16.0,2
1849,461,2020-01-01,5687,17.0,0
1848,461,2020-12-31,6597,16.0,0
1847,461,2021-12-31,7322,11.0,0
1846,461,2023-01-01,8421,15.0,0
1845,461,2024-01-01,9179,9.0,1
1844,461,2024-12-31,10096,10.0,1
1843,461,2025-12-31,11510,14.0,1
1856,462,2020-01-01,3724,18.0,0
1855,462,2020-12-31,4096,10.0,0
1854,462,2021-12-31,4424,8.0,0
1853,462,2023-01-01,4999,13.0,0
1852,462,2024-01-01,5449,9.0,0
1851,462,2024-12-31,6266,15.0,0
1850,462,2025-12-31,7143,14.0,0
1863,463,2020-01-01,3943,18.0,1
1862,463,2020-12-31,4338,10.0,2
1861,463,2021-12-31,4858,12.0,2
1860,463,2023-01-01,5684,17.0,2
1859,463,2024-01-01,6593,16.0,2
1858,463,2024-12-31,7253,10.0,2
1857,463,2025-12-31,8268,14.0,2
1870,464,2020-01-01,3663,7.0,0
1869,464,2020-12-31,3992,9.0,0
1868,464,2021-12-31,4671,17.0,0
1867,464,2023-01-01,5418,16.0,0
1866,464,2024-01-01,6340,17.0,0
1865,464,2024-12-31,7164,13.0,0
1864,464,2025-12-31,8095,13.0,0
1875,465,2021-12-31,1880,15.0,1
1874,465,2023-01-01,2143,14.0,1
1873,465,2024-01-01,2379,11.0,1
1872,465,2024-12-31,2593,9.0,2
1871,465,2025-12-31,2904,12.0,2
1881,466,2020-12-31,3115,9.0,0
1880,466,2021-12-31,3396,9.0,0
1879,466,2023-01-01,3735,10.0,0
1878,466,2024-01-01,4408,18.0,0
1877,466,2024-12-31,5245,19.0,0
1876,466,2025-12-31,6032,15.0,0
1882,467,2025-12-31,2976,19.0,0
1884,468,2024-12-31,14028,18.0,0
1883,468,2025-12-31,15992,14.0,0
1889,469,2021-12-31,2955,12.0,0
1888,469,2023-01-01,3280,11.0,0
1887,469,2024-01-01,3641,11.0,0
1886,469,2024-12-31,4078,12.0,0
1885,469,2025-12-31,4649,14.0,1
1893,470,2023-01-01,2082,9.0,0
1892,470,2024-01-01,2249,8.0,0
1891,470,2024-12-31,2429,8.0,1
1890,470,2025-12-31,2696,11.0,1
1900,471,2020-01-01,1235,16.0,1
1899,471,2020-12-31,1371,11.0,1
1898,471,2021-12-31,1508,10.0,1
1897,471,2023-01-01,1629,8.0,1
1896,471,2024-01-01,1808,11.0,1
1895,471,2024-12-31,2097,16.0,1
1894,471,2025-12-31,2370,13.0,1
1901,473,2025-12-31,12504,21.0,1
1908,474,2020-01-01,3118,17.0,0
1907,474,2020-12-31,3367,8.0,0
1906,474,2021-12-31,3636,8.0,1
1905,474,2023-01-01,4145,14.0,1
1904,474,2024-01-01,4850,17.0,2
1903,474,2024-12-31,5287,9.0,2
1902,474,2025-12-31,5974,13.0,2
1911,475,2024-01-01,3952,16.0,0
1910,475,2024-12-31,4229,7.0,1
1909,475,2025-12-31,4736,12.0,1
1918,476,2020-01-01,2355,11.0,0
1917,476,2020-12-31,2638,12.0,0
1916,476,2021-12-31,3165,20.0,0
1915,476,2023-01-01,3608,14.0,0
1914,476,2024-01-01,4042,12.0,1
1913,476,2024-12-31,4526,12.0,1
1912,476,2025-12-31,5296,17.0,1
1920,477,2024-12-31,5513,22.0,0
1919,477,2025-12-31,6781,23.0,0
1924,478,2021-10-05,1622,7.0,0
1923,478,2022-10-05,1703,5.0,0
1922,478,2023-10-05,1959,15.0,0
1921,478,2024-10-04,2174,11.0,0
1926,479,2024-12-31,5785,12.0,0
1925,479,2025-12-31,6653,15.0,0
1933,481,2020-01-01,6062,10.0,0
1932,481,2020-12-31,6486,7.0,0
1931,481,2021-12-31,7135,10.0,0
1930,481,2023-01-01,7563,6.0,0
1929,481,2024-01-01,8016,6.0,0
1928,481,2024-12-31,8738,9.0,0
1927,481,2025-12-31,9699,11.0,1
1937,482,2023-01-01,5267,12.0,0
1936,482,2024-01-01,5741,9.0,0
1935,482,2024-12-31,6086,6.0,0
1934,482,2025-12-31,6755,11.0,0
1944,483,2020-01-01,1321,12.0,0
1943,483,2020-12-31,1427,8.0,0
1942,483,2021-12-31,1526,7.0,0
1941,483,2023-01-01,1648,8.0,0
1940,483,2024-01-01,1813,10.0,0
1939,483,2024-12-31,1958,8.0,1
1938,483,2025-12-31,2213,13.0,1
1948,484,2023-01-01,1381,23.0,0
1947,484,2024-01-01,1671,21.0,0
1946,484,2024-12-31,2105,26.0,0
1945,484,2025-12-31,2610,24.0,0
1950,485,2023-03-22,2523,9.0,0
1949,485,2024-03-21,2851,13.0,0
1956,486,2020-12-31,1311,21.0,0
1955,486,2021-12-31,1521,16.0,0
1954,486,2023-01-01,1871,23.0,0
1953,486,2024-01-01,2320,24.0,0
1952,486,2024-12-31,2877,24.0,0
1951,486,2025-12-31,3452,20.0,1
1958,487,2024-12-31,4612,11.0,0
1957,487,2025-12-31,5258,14.0,0
1965,488,2018-02-27,3353,20.0,0
1964,488,2019-02-27,4057,21.0,0
1963,488,2020-02-27,4950,22.0,0
1962,488,2021-02-27,5791,17.0,0
1961,488,2022-02-27,6776,17.0,0
1960,488,2023-02-27,7928,17.0,0
1959,488,2024-02-27,9355,18.0,0
1970,491,2021-12-31,6162,13.0,0
1969,491,2023-01-01,6901,12.0,0
1968,491,2024-01-01,7936,15.0,0
1967,491,2024-12-31,9127,15.0,0
1966,491,2025-12-31,10496,15.0,0
1977,492,2019-11-12,3448,16.0,0
1976,492,2020-11-11,3724,8.0,0
1975,492,2021-11-11,4022,8.0,1
1974,492,2022-11-12,4384,9.0,1
1973,492,2023-11-12,5041,15.0,2
1972,492,2024-11-11,5696,13.0,2
1971,492,2025-11-11,6380,12.0,2
1980,493,2024-01-01,2064,10.0,0
1979,493,2024-12-31,2291,11.0,0
1978,493,2025-12-31,2657,16.0,0
1982,494,2024-09-09,2362,10.0,0
1981,494,2025-09-09,2716,15.0,0
1986,495,2023-01-01,1375,14.0,0
1985,495,2024-01-01,1594,16.0,0
1984,495,2024-12-31,1897,19.0,0
1983,495,2025-12-31,2201,16.0,0
1988,496,2024-12-31,5496,14.0,0
1987,496,2025-12-31,6540,19.0,0
1994,497,2020-12-31,2395,5.0,0
1993,497,2021-12-31,2562,7.0,0
1992,497,2023-01-01,2818,10.0,0
1991,497,2024-01-01,3213,14.0,1
1990,497,2024-12-31,3438,7.0,1
1989,497,2025-12-31,3816,11.0,1
2001,498,2020-01-01,2215,16.0,0
2000,498,2020-12-31,2547,15.0,0
1999,498,2021-12-31,3057,20.0,0
1998,498,2023-01-01,3454,13.0,0
1997,498,2024-01-01,3972,15.0,0
1996,498,2024-12-31,4528,14.0,0
1995,498,2025-12-31,5253,16.0,0
2007,499,2020-12-31,4160,19.0,0
2006,499,2021-12-31,5033,21.0,0
2005,499,2023-01-01,6141,22.0,0
2004,499,2024-01-01,7369,20.0,0
2003,499,2024-12-31,8843,20.0,0
2002,499,2025-12-31,10965,24.0,0
2014,500,2020-01-01,3147,11.0,0
2013,500,2020-12-31,3336,6.0,0
2012,500,2021-12-31,3536,6.0,0
2011,500,2023-01-01,3995,13.0,0
2010,500,2024-01-01,4235,6.0,1
2009,500,2024-12-31,4447,5.0,1
2008,500,2025-12-31,4936,11.0,1
2017,501,2024-01-01,2009,17.0,1
2016,501,2024-12-31,2250,12.0,1
2015,501,2025-12-31,2543,13.0,1
2023,502,2019-07-21,3012,14.0,0
2022,502,2020-07-20,3343,11.0,0
2021,502,2021-07-21,3644,9.0,0
2020,502,2022-07-21,4117,13.0,0
2019,502,2023-07-21,4694,14.0,0
2018,502,2024-07-20,5304,13.0,0
2029,505,2020-12-31,10258,16.0,0
2028,505,2021-12-31,11079,8.0,0
2027,505,2023-01-01,12408,12.0,0
2026,505,2024-01-01,13525,9.0,0
2025,505,2024-12-31,14742,9.0,0
2024,505,2025-12-31,16659,13.0,0
2035,507,2020-12-31,2419,6.0,1
2034,507,2021-12-31,2734,13.0,1
2033,507,2023-01-01,3117,14.0,1
2032,507,2024-01-01,3522,13.0,1
2031,507,2024-12-31,3804,8.0,1
2030,507,2025-12-31,4260,12.0,1
2037,508,2024-12-31,2098,13.0,1
2036,508,2025-12-31,2476,18.0,1
2044,510,2019-11-02,1058,23.0,0
2043,510,2020-11-01,1312,24.0,0
2042,510,2021-11-01,1548,18.0,0
2041,510,2022-11-02,1796,16.0,0
2040,510,2023-11-02,2155,20.0,0
2039,510,2024-11-01,2543,18.0,0
2038,510,2025-11-01,3102,22.0,0
2047,511,2024-01-01,1712,17.0,1
2046,511,2024-12-31,1986,16.0,1
2045,511,2025-12-31,2244,13.0,1
2054,513,2020-01-01,3996,16.0,0
2053,513,2020-12-31,4356,9.0,0
2052,513,2021-12-31,4704,8.0,0
2051,513,2023-01-01,5127,9.0,1
2050,513,2024-01-01,5845,14.0,1
2049,513,2024-12-31,6722,15.0,2
2048,513,2025-12-31,7596,13.0,2
2056,514,2024-04-22,1858,20.0,0
2055,514,2025-04-22,2285,23.0,0
2063,515,2020-01-01,1595,13.0,0
2062,515,2020-12-31,1771,11.0,0
2061,515,2021-12-31,2036,15.0,0
2060,515,2023-01-01,2301,13.0,0
2059,515,2024-01-01,2508,9.0,1
2058,515,2024-12-31,2709,8.0,1
2057,515,2025-12-31,3034,12.0,1
2069,516,2020-12-31,3368,14.0,0
2068,516,2021-12-31,3705,10.0,0
2067,516,2023-01-01,4150,12.0,0
2066,516,2024-01-01,4399,6.0,1
2065,516,2024-12-31,5103,16.0,1
2064,516,2025-12-31,5715,12.0,2
2075,517,2020-12-31,1249,17.0,0
2074,517,2021-12-31,1423,14.0,0
2073,517,2023-01-01,1665,17.0,0
2072,517,2024-01-01,1882,13.0,0
2071,517,2024-12-31,2221,18.0,1
2070,517,2025-12-31,2576,16.0,1
2077,518,2024-12-31,3747,9.0,0
2076,518,2025-12-31,4197,12.0,0
2084,520,2020-01-01,8969,5.0,0
2083,520,2020-12-31,10135,13.0,1
2082,520,2021-12-31,10642,5.0,1
2081,520,2023-01-01,11387,7.0,1
2080,520,2024-01-01,12070,6.0,1
2079,520,2024-12-31,12915,7.0,1
2078,520,2025-12-31,14336,11.0,1
2086,521,2024-12-31,2826,23.0,0
2085,521,2025-12-31,3448,22.0,1
2091,522,2021-12-31,12335,10.0,0
2090,522,2023-01-01,13938,13.0,0
2089,522,2024-01-01,15472,11.0,0
2088,522,2024-12-31,17483,13.0,1
2087,522,2025-12-31,19406,11.0,1
2095,523,2023-01-01,4118,16.0,0
2094,523,2024-01-01,4818,17.0,0
2093,523,2024-12-31,5685,18.0,0
2092,523,2025-12-31,6538,15.0,1
2102,524,2020-01-01,2305,6.0,0
2101,524,2020-12-31,2490,8.0,0
2100,524,2021-12-31,2838,14.0,0
2099,524,2023-01-01,3207,13.0,0
2098,524,2024-01-01,3560,11.0,1
2097,524,2024-12-31,3845,8.0,1
2096,524,2025-12-31,4306,12.0,1
2106,525,2023-01-01,1330,22.0,0
2105,525,2024-01-01,1542,16.0,0
2104,525,2024-12-31,1882,22.0,1
2103,525,2025-12-31,2258,20.0,1
2112,526,2020-12-31,2571,14.0,0
2111,526,2021-12-31,2777,8.0,0
2110,526,2023-01-01,3194,15.0,0
2109,526,2024-01-01,3673,15.0,0
2108,526,2024-12-31,3967,8.0,0
2107,526,2025-12-31,4522,14.0,0
2118,527,2020-12-31,2896,5.0,0
2117,527,2021-12-31,3156,9.0,0
2116,527,2023-01-01,3377,7.0,0
2115,527,2024-01-01,3850,14.0,0
2114,527,2024-12-31,4042,5.0,0
2113,527,2025-12-31,4487,11.0,0
2125,529,2020-01-01,2121,17.0,2
2124,529,2020-12-31,2376,12.0,2
2123,529,2021-12-31,2613,10.0,2
2122,529,2023-01-01,2901,11.0,2
2121,529,2024-01-01,3394,17.0,2
2120,529,2024-12-31,3869,14.0,2
2119,529,2025-12-31,4449,15.0,2
2130,530,2021-12-31,1373,14.0,1
2129,530,2023-01-01,1538,12.0,1
2128,530,2024-01-01,1707,11.0,1
2127,530,2024-12-31,1980,16.0,1
2126,530,2025-12-31,2218,12.0,1
2137,531,2020-01-01,9236,13.0,0
2136,531,2020-12-31,10899,18.0,0
2135,531,2021-12-31,12316,13.0,0
2134,531,2023-01-01,13424,9.0,1
2133,531,2024-01-01,15035,12.0,1
2132,531,2024-12-31,16839,12.0,1
2131,531,2025-12-31,19197,14.0,1
2144,532,2020-01-01,7138,6.0,0
2143,532,2020-12-31,7781,9.0,0
2142,532,2021-12-31,8792,13.0,0
2141,532,2023-01-01,9583,9.0,0
2140,532,2024-01-01,11021,15.0,1
2139,532,2024-12-31,11903,8.0,2
2138,532,2025-12-31,13212,11.0,3
2150,533,2020-12-31,3876,10.0,0
2149,533,2021-12-31,4264,10.0,0
2148,533,2023-01-01,4520,6.0,0
2147,533,2024-01-01,5152,14.0,0
2146,533,2024-12-31,5925,15.0,0
2145,533,2025-12-31,6577,11.0,0
2157,534,2020-01-01,3452,12.0,0
2156,534,2020-12-31,3832,11.0,0
2155,534,2021-12-31,4483,17.0,0
2154,534,2023-01-01,5335,19.0,0
2153,534,2024-01-01,6402,20.0,1
2152,534,2024-12-31,7234,13.0,1
2151,534,2025-12-31,8392,16.0,1
2164,536,2020-01-01,2211,7.0,0
2163,536,2020-12-31,2432,10.0,0
2162,536,2021-12-31,2748,13.0,0
2161,536,2023-01-01,3187,16.0,0
2160,536,2024-01-01,3634,14.0,0
2159,536,2024-12-31,4070,12.0,0
2158,536,2025-12-31,4558,12.0,1
2167,538,2023-05-13,3102,13.0,0
2166,538,2024-05-12,3567,15.0,1
2165,538,2025-05-12,4031,13.0,1
2173,543,2020-12-31,4293,14.0,0
2172,543,2021-12-31,5066,18.0,0
2171,543,2023-01-01,5674,12.0,0
2170,543,2024-01-01,6355,12.0,0
2169,543,2024-12-31,6990,10.0,0
2168,543,2025-12-31,7969,14.0,0
2176,544,2024-01-01,1843,22.0,2
2175,544,2024-12-31,2193,19.0,2
2174,544,2025-12-31,2654,21.0,2
2182,546,2020-12-31,9504,14.0,0
2181,546,2021-12-31,11024,16.0,0
2180,546,2023-01-01,11906,8.0,0
2179,546,2024-01-01,13692,15.0,0
2178,546,2024-12-31,14650,7.0,0
2177,546,2025-12-31,16555,13.0,0
2188,547,2020-12-31,2474,7.0,0
2187,547,2021-12-31,2845,15.0,0
2186,547,2023-01-01,3215,13.0,0
2185,547,2024-01-01,3600,12.0,1
2184,547,2024-12-31,4105,14.0,1
2183,547,2025-12-31,4556,11.0,1
2194,548,2020-12-31,2351,14.0,0
2193,548,2021-12-31,2844,21.0,0
2192,548,2023-01-01,3328,17.0,0
2191,548,2024-01-01,4127,24.0,0
2190,548,2024-12-31,5076,23.0,0
2189,548,2025-12-31,6091,20.0,0
2201,549,2020-01-01,10390,9.0,0
2200,549,2020-12-31,10909,5.0,0
2199,549,2021-12-31,12327,13.0,0
2198,549,2023-01-01,14053,14.0,0
2197,549,2024-01-01,15599,11.0,0
2196,549,2024-12-31,17627,13.0,0
2195,549,2025-12-31,19566,11.0,0
2208,550,2020-01-01,2400,11.0,0
2207,550,2020-12-31,2712,13.0,0
2206,550,2021-12-31,3200,18.0,0
2205,550,2023-01-01,3456,8.0,0
2204,550,2024-01-01,3836,11.0,0
2203,550,2024-12-31,4219,10.0,0
2202,550,2025-12-31,4810,14.0,1
2215,551,2020-01-01,2678,13.0,0
2214,551,2020-12-31,3052,14.0,0
2213,551,2021-12-31,3236,6.0,0
2212,551,2023-01-01,3527,9.0,1
2211,551,2024-01-01,3844,9.0,2
2210,551,2024-12-31,4075,6.0,2
2209,551,2025-12-31,4523,11.0,3
2221,554,2019-07-17,1539,20.0,0
2220,554,2020-07-16,1754,14.0,0
2219,554,2021-07-17,2000,14.0,0
2218,554,2022-07-17,2320,16.0,0
2217,554,2023-07-17,2760,19.0,0
2216,554,2024-07-16,3202,16.0,0
2224,555,2022-06-08,1718,15.0,0
2223,555,2023-06-08,2027,18.0,0
2222,555,2024-06-07,2351,16.0,1
2226,556,2024-12-31,1384,17.0,0
2225,556,2025-12-31,1702,23.0,1
2233,558,2020-01-01,8601,10.0,0
2232,558,2020-12-31,9461,10.0,0
2231,558,2021-12-31,10597,12.0,0
2230,558,2023-01-01,11974,13.0,0
2229,558,2024-01-01,14130,18.0,0
2228,558,2024-12-31,15825,12.0,0
2227,558,2025-12-31,18041,14.0,0
2237,560,2023-01-01,1591,22.0,1
2236,560,2024-01-01,1877,18.0,1
2235,560,2024-12-31,2366,26.0,2
2234,560,2025-12-31,2886,22.0,2
2243,562,2020-12-31,1112,15.0,1
2242,562,2021-12-31,1312,18.0,1
2241,562,2023-01-01,1430,9.0,1
2240,562,2024-01-01,1673,17.0,1
2239,562,2024-12-31,1823,9.0,1
2238,562,2025-12-31,2097,15.0,1
2250,564,2020-01-01,4696,20.0,0
2249,564,2020-12-31,5494,17.0,0
2248,564,2021-12-31,6593,20.0,0
2247,564,2023-01-01,7648,16.0,0
2246,564,2024-01-01,8795,15.0,0
2245,564,2024-12-31,10114,15.0,0
2244,564,2025-12-31,11935,18.0,0
2253,565,2022-10-15,1860,14.0,0
2252,565,2023-10-15,2195,18.0,0
2251,565,2024-10-14,2546,16.0,0
2255,566,2024-07-15,2289,15.0,0
2254,566,2025-07-15,2564,12.0,0
2262,567,2020-01-01,4935,6.0,0
2261,567,2020-12-31,5527,12.0,0
2260,567,2021-12-31,5914,7.0,0
2259,567,2023-01-01,6210,5.0,0
2258,567,2024-01-01,7017,13.0,0
2257,567,2024-12-31,7578,8.0,0
2256,567,2025-12-31,8412,11.0,0
2264,568,2024-12-31,12605,13.0,0
2263,568,2025-12-31,14118,12.0,1
2271,569,2020-01-01,7774,12.0,0
2270,569,2020-12-31,8551,10.0,0
2269,569,2021-12-31,9748,14.0,0
2268,569,2023-01-01,11113,14.0,0
2267,569,2024-01-01,13002,17.0,0
2266,569,2024-12-31,14823,14.0,0
2265,569,2025-12-31,17046,15.0,1
2278,571,2020-01-01,1150,15.0,0
2277,571,2020-12-31,1346,17.0,0
2276,571,2021-12-31,1561,16.0,0
2275,571,2023-01-01,1733,11.0,0
2274,571,2024-01-01,1906,10.0,0
2273,571,2024-12-31,2249,18.0,0
2272,571,2025-12-31,2564,14.0,0
2285,573,2020-01-01,4151,18.0,0
2284,573,2020-12-31,4732,14.0,0
2283,573,2021-12-31,5395,14.0,0
2282,573,2023-01-01,6581,22.0,0
2281,573,2024-01-01,7634,16.0,0
2280,573,2024-12-31,8627,13.0,0
2279,573,2025-12-31,10266,19.0,0
2291,574,2020-12-31,2958,10.0,0
2290,574,2021-12-31,3225,9.0,1
2289,574,2023-01-01,3708,15.0,1
2288,574,2024-01-01,4116,11.0,2
2287,574,2024-12-31,4487,9.0,3
2286,574,2025-12-31,5070,13.0,3
2295,575,2023-01-01,12491,17.0,0
2294,575,2024-01-01,13865,11.0,0
2293,575,2024-12-31,15806,14.0,0
2292,575,2025-12-31,17861,13.0,0
2301,577,2020-12-31,2068,15.0,0
2300,577,2021-12-31,2420,17.0,0
2299,577,2023-01-01,2807,16.0,0
2298,577,2024-01-01,3284,17.0,0
2297,577,2024-12-31,3678,12.0,0
2296,577,2025-12-31,4230,15.0,0
2303,578,2024-12-31,3405,6.0,0
2302,578,2025-12-31,3780,11.0,0
2310,579,2020-01-01,1458,16.0,1
2309,579,2020-12-31,1662,14.0,1
2308,579,2021-12-31,1878,13.0,1
2307,579,2023-01-01,2010,7.0,1
2306,579,2024-01-01,2131,6.0,1
2305,579,2024-12-31,2471,16.0,1
2304,579,2025-12-31,2768,12.0,1
2314,580,2023-01-01,5669,22.0,0
2313,580,2024-01-01,6406,13.0,0
2312,580,2024-12-31,7623,19.0,0
2311,580,2025-12-31,9071,19.0,1
2321,581,2020-01-01,2770,20.0,0
2320,581,2020-12-31,3546,28.0,0
2319,581,2021-12-31,4362,23.0,0
2318,581,2023-01-01,5409,24.0,0
2317,581,2024-01-01,6815,26.0,0
2316,581,2024-12-31,8518,25.0,1
2315,581,2025-12-31,10648,25.0,1
2328,582,2018-05-26,7761,16.0,0
2327,582,2019-05-26,8305,7.0,0
2326,582,2020-05-25,8969,8.0,0
2325,582,2021-05-26,9866,10.0,0
2324,582,2022-05-26,11148,13.0,0
2323,582,2023-05-26,12152,9.0,0
2322,582,2024-05-25,13610,12.0,0
2333,584,2020-08-25,2208,10.0,1
2332,584,2021-08-26,2363,7.0,2
2331,584,2022-08-26,2623,11.0,2
2330,584,2023-08-26,3016,15.0,2
2329,584,2024-08-25,3408,13.0,3
2337,585,2023-01-01,2051,18.0,0
2336,585,2024-01-01,2379,16.0,0
2335,585,2024-12-31,2617,10.0,0
2334,585,2025-12-31,2983,14.0,0
2344,586,2020-01-01,4359,14.0,0
2343,586,2020-12-31,4620,6.0,0
2342,586,2021-12-31,5221,13.0,0
2341,586,2023-01-01,5586,7.0,0
2340,586,2024-01-01,5977,7.0,0
2339,586,2024-12-31,6814,14.0,0
2338,586,2025-12-31,7632,12.0,0
2346,587,2023-08-16,8771,6.0,0
2345,587,2024-08-15,9824,12.0,0
2350,590,2021-12-28,6843,19.0,1
2349,590,2022-12-28,7938,16.0,2
2348,590,2023-12-28,8652,9.0,2
2347,590,2024-12-27,9950,15.0,3
2353,591,2024-01-01,1569,14.0,0
2352,591,2024-12-31,1789,14.0,1
2351,591,2025-12-31,2093,17.0,1
2360,592,2020-01-01,4883,8.0,0
2359,592,2020-12-31,5469,12.0,0
2358,592,2021-12-31,6071,11.0,0
2357,592,2023-01-01,6678,10.0,0
2356,592,2024-01-01,7613,14.0,0
2355,592,2024-12-31,8754,15.0,0
2354,592,2025-12-31,9980,14.0,0
2363,593,2022-07-15,2894,17.0,0
2362,593,2023-07-15,3357,16.0,0
2361,593,2024-07-14,3894,16.0,0
2370,595,2020-01-01,1783,16.0,0
2369,595,2020-12-31,2068,16.0,0
2368,595,2021-12-31,2317,12.0,0
2367,595,2023-01-01,2664,15.0,0
2366,595,2024-01-01,3037,14.0,0
2365,595,2024-12-31,3554,17.0,0
2364,595,2025-12-31,4051,14.0,1
2377,597,2020-01-01,5372,17.0,0
2376,597,2020-12-31,6661,24.0,0
2375,597,2021-12-31,7860,18.0,0
2374,597,2023-01-01,9589,22.0,0
2373,597,2024-01-01,11698,22.0,0
2372,597,2024-12-31,13687,17.0,0
2371,597,2025-12-31,16835,23.0,0
2384,599,2020-01-01,3133,18.0,0
2383,599,2020-12-31,3415,9.0,0
2382,599,2021-12-31,3722,9.0,0
2381,599,2023-01-01,4169,12.0,0
2380,599,2024-01-01,4794,15.0,0
2379,599,2024-12-31,5465,14.0,0
2378,599,2025-12-31,6230,14.0,0
2391,600,2020-01-01,2227,8.0,0
2390,600,2020-12-31,2562,15.0,0
2389,600,2021-12-31,2920,14.0,0
2388,600,2023-01-01,3329,14.0,0
2387,600,2024-01-01,3828,15.0,0
2386,600,2024-12-31,4250,11.0,0
2385,600,2025-12-31,4717,11.0,0
2398,601,2020-01-01,6040,9.0,0
2397,601,2020-12-31,6946,15.0,0
2396,601,2021-12-31,7641,10.0,0
2395,601,2023-01-01,8481,11.0,0
2394,601,2024-01-01,9838,16.0,0
2393,601,2024-12-31,11510,17.0,0
2392,601,2025-12-31,13237,15.0,0
2405,602,2020-01-01,2029,5.0,0
2404,602,2020-12-31,2191,8.0,0
2403,602,2021-12-31,2366,8.0,0
2402,602,2023-01-01,2698,14.0,0
2401,602,2024-01-01,2967,10.0,0
2400,602,2024-12-31,3383,14.0,0
2399,602,2025-12-31,3755,11.0,1
2412,604,2020-01-01,3223,15.0,0
2411,604,2020-12-31,3545,10.0,0
2410,604,2021-12-31,3900,10.0,0
2409,604,2023-01-01,4329,11.0,0
2408,604,2024-01-01,5021,16.0,0
2407,604,2024-12-31,5825,16.0,0
2406,604,2025-12-31,6582,13.0,0
2419,605,2020-01-01,2485,25.0,0
2418,605,2020-12-31,2882,16.0,0
2417,605,2021-12-31,3344,16.0,0
2416,605,2023-01-01,4113,23.0,0
2415,605,2024-01-01,5058,23.0,0
2414,605,2024-12-31,6121,21.0,1
2413,605,2025-12-31,7406,21.0,1
2426,606,2020-01-01,2008,16.0,0
2425,606,2020-12-31,2269,13.0,0
2424,606,2021-12-31,2655,17.0,0
2423,606,2023-01-01,3053,15.0,0
2422,606,2024-01-01,3481,14.0,0
2421,606,2024-12-31,4038,16.0,1
2420,606,2025-12-31,4805,19.0,1
2433,608,2019-01-18,1536,10.0,1
2432,608,2020-01-18,1628,6.0,1
2431,608,2021-01-17,1791,10.0,1
2430,608,2022-01-18,1952,9.0,1
2429,608,2023-01-18,2147,10.0,1
2428,608,2024-01-18,2469,15.0,1
2427,608,2025-01-17,2741,11.0,1
2437,611,2023-01-01,3035,14.0,1
2436,611,2024-01-01,3338,10.0,1
2435,611,2024-12-31,3805,14.0,2
2434,611,2025-12-31,4262,12.0,2
2444,612,2020-01-01,5572,13.0,0
2443,612,2020-12-31,6296,13.0,0
2442,612,2021-12-31,7744,23.0,0
2441,612,2023-01-01,9525,23.0,0
2440,612,2024-01-01,11525,21.0,0
2439,612,2024-12-31,13600,18.0,0
2438,612,2025-12-31,16184,19.0,1
2450,613,2020-12-31,4504,20.0,0
2449,613,2021-12-31,5270,17.0,0
2448,613,2023-01-01,6587,25.0,0
2447,613,2024-01-01,7641,16.0,0
2446,613,2024-12-31,9551,25.0,1
2445,613,2025-12-31,11557,21.0,1
2451,614,2025-11-16,1878,14.0,0
2453,615,2024-12-31,9506,19.0,0
2452,615,2025-12-31,10932,15.0,1
2460,616,2020-01-01,2953,13.0,0
2459,616,2020-12-31,3573,21.0,0
2458,616,2021-12-31,3966,11.0,0
2457,616,2023-01-01,4560,15.0,0
2456,616,2024-01-01,5244,15.0,0
2455,616,2024-12-31,5821,11.0,0
2454,616,2025-12-31,6811,17.0,0
2461,618,2025-12-31,4306,12.0,2
2467,620,2020-12-31,2550,16.0,0
2466,620,2021-12-31,2983,17.0,0
2465,620,2023-01-01,3311,11.0,0
2464,620,2024-01-01,3642,10.0,0
2463,620,2024-12-31,4189,15.0,0
2462,620,2025-12-31,4859,16.0,0
2474,621,2020-01-01,2806,14.0,0
2473,621,2020-12-31,3003,7.0,0
2472,621,2021-12-31,3363,12.0,0
2471,621,2023-01-01,3733,11.0,0
2470,621,2024-01-01,4144,11.0,0
2469,621,2024-12-31,4765,15.0,0
2468,621,2025-12-31,5337,12.0,0
2476,622,2023-07-15,1983,19.0,0
2475,622,2024-07-14,2340,18.0,0
2483,623,2020-01-01,3108,12.0,0
2482,623,2020-12-31,3729,20.0,0
2481,623,2021-12-31,4326,16.0,0
2480,623,2023-01-01,5104,18.0,0
2479,623,2024-01-01,5666,11.0,0
2478,623,2024-12-31,6403,13.0,0
2477,623,2025-12-31,7491,17.0,0
2486,624,2024-01-01,8622,10.0,0
2485,624,2024-12-31,9484,10.0,0
2484,624,2025-12-31,10527,11.0,0
2493,625,2020-01-01,7247,20.0,0
2492,625,2020-12-31,8334,15.0,0
2491,625,2021-12-31,9918,19.0,0
2490,625,2023-01-01,11207,13.0,0
2489,625,2024-01-01,12440,11.0,0
2488,625,2024-12-31,14306,15.0,0
2487,625,2025-12-31,16595,16.0,1
2500,626,2020-01-01,4365,16.0,0
2499,626,2020-12-31,4932,13.0,0
2498,626,2021-12-31,5573,13.0,0
2497,626,2023-01-01,5963,7.0,0
2496,626,2024-01-01,6858,15.0,0
2495,626,2024-12-31,7818,14.0,1
2494,626,2025-12-31,8834,13.0,1
2507,630,2020-01-01,3072,13.0,0
2506,630,2020-12-31,3533,15.0,0
2505,630,2021-12-31,3922,11.0,0
2504,630,2023-01-01,4432,13.0,0
2503,630,2024-01-01,4698,6.0,1
2502,630,2024-12-31,4979,6.0,1
2501,630,2025-12-31,5577,12.0,2
2512,631,2021-04-29,3192,12.0,0
2511,631,2022-04-30,3671,15.0,0
2510,631,2023-04-30,3965,8.0,0
2509,631,2024-04-29,4203,6.0,0
2508,631,2025-04-29,4707,12.0,0
2515,632,2024-01-01,1949,12.0,1
2514,632,2024-12-31,2124,9.0,2
2513,632,2025-12-31,2400,13.0,2
2517,634,2024-12-31,8255,15.0,1
2516,634,2025-12-31,9824,19.0,1
2524,635,2020-01-01,3920,11.0,0
2523,635,2020-12-31,4312,10.0,0
2522,635,2021-12-31,4743,10.0,0
2521,635,2023-01-01,5028,6.0,0
2520,635,2024-01-01,5380,7.0,0
2519,635,2024-12-31,5756,7.0,1
2518,635,2025-12-31,6447,12.0,1
2531,638,2020-01-01,8377,15.0,0
2530,638,2020-12-31,9801,17.0,0
2529,638,2021-12-31,10879,11.0,0
2528,638,2023-01-01,12402,14.0,0
2527,638,2024-01-01,13890,12.0,1
2526,638,2024-12-31,16668,20.0,1
2525,638,2025-12-31,19502,17.0,1
2538,639,2020-01-01,1498,11.0,1
2537,639,2020-12-31,1708,14.0,1
2536,639,2021-12-31,1896,11.0,1
2535,639,2023-01-01,2085,10.0,1
2534,639,2024-01-01,2252,8.0,1
2533,639,2024-12-31,2455,9.0,1
2532,639,2025-12-31,2725,11.0,2
2544,641,2020-12-31,2746,14.0,0
2543,641,2021-12-31,3322,21.0,1
2542,641,2023-01-01,3787,14.0,2
2541,641,2024-01-01,4545,20.0,2
2540,641,2024-12-31,5227,15.0,2
2539,641,2025-12-31,6272,20.0,2
2546,643,2024-12-31,1758,23.0,0
2545,643,2025-12-31,2127,21.0,1
2553,644,2020-01-01,10488,5.0,0
2552,644,2020-12-31,12061,15.0,0
2551,644,2021-12-31,12785,6.0,0
2550,644,2023-01-01,13935,9.0,0
2549,644,2024-01-01,15468,11.0,0
2548,644,2024-12-31,16396,6.0,0
2547,644,2025-12-31,18200,11.0,1
2560,645,2020-01-01,1310,12.0,0
2559,645,2020-12-31,1401,7.0,0
2558,645,2021-12-31,1499,7.0,0
2557,645,2023-01-01,1589,6.0,0
2556,645,2024-01-01,1732,9.0,0
2555,645,2024-12-31,1888,9.0,0
2554,645,2025-12-31,2096,11.0,0
2567,647,2019-04-05,1250,12.0,0
2566,647,2020-04-04,1400,12.0,0
2565,647,2021-04-04,1666,19.0,0
2564,647,2022-04-05,1916,15.0,0
2563,647,2023-04-05,2241,17.0,0
2562,647,2024-04-04,2488,11.0,0
2561,647,2025-04-04,2886,16.0,1
2569,648,2023-04-18,1723,12.0,0
2568,648,2024-04-17,2033,18.0,1
2576,649,2020-01-01,1940,17.0,0
2575,649,2020-12-31,2095,8.0,0
2574,649,2021-12-31,2347,12.0,0
2573,649,2023-01-01,2605,11.0,0
2572,649,2024-01-01,2996,15.0,0
2571,649,2024-12-31,3205,7.0,0
2570,649,2025-12-31,3622,13.0,1
2580,650,2022-01-17,2555,15.0,0
2579,650,2023-01-17,3015,18.0,0
2578,650,2024-01-17,3618,20.0,0
2577,650,2025-01-16,4233,17.0,0
2584,652,2023-01-01,2529,16.0,0
2583,652,2024-01-01,2883,14.0,0
2582,652,2024-12-31,3229,12.0,0
2581,652,2025-12-31,3681,14.0,0
2591,653,2020-01-01,1757,20.0,0
2590,653,2020-12-31,2196,25.0,0
2589,653,2021-12-31,2591,18.0,0
2588,653,2023-01-01,3161,22.0,0
2587,653,2024-01-01,3699,17.0,1
2586,653,2024-12-31,4475,21.0,1
2585,653,2025-12-31,5460,22.0,2
2597,655,2020-12-31,1266,16.0,2
2596,655,2021-12-31,1443,14.0,2
2595,655,2023-01-01,1674,16.0,2
2594,655,2024-01-01,1808,8.0,2
2593,655,2024-12-31,1953,8.0,2
2592,655,2025-12-31,2187,12.0,2
2601,656,2023-01-01,6959,9.0,0
2600,656,2024-01-01,7864,13.0,0
2599,656,2024-12-31,8650,10.0,0
2598,656,2025-12-31,9602,11.0,1
2603,657,2024-12-31,2510,8.0,0
2602,657,2025-12-31,2836,13.0,0
2610,659,2020-01-01,1801,11.0,1
2609,659,2020-12-31,2035,13.0,2
2608,659,2021-12-31,2381,17.0,2
2607,659,2023-01-01,2666,12.0,2
2606,659,2024-01-01,3119,17.0,2
2605,659,2024-12-31,3619,16.0,2
2604,659,2025-12-31,4089,13.0,2
2612,661,2024-12-31,14585,13.0,0
2611,661,2025-12-31,16627,14.0,1
2613,662,2025-12-31,2619,17.0,0
2620,663,2020-01-01,2732,7.0,0
2619,663,2020-12-31,3170,16.0,0
2618,663,2021-12-31,3677,16.0,0
2617,663,2023-01-01,4192,14.0,0
2616,663,2024-01-01,4569,9.0,0
2615,663,2024-12-31,5026,10.0,0
2614,663,2025-12-31,5679,13.0,1
2624,664,2023-01-01,12007,7.0,0
2623,664,2024-01-01,12968,8.0,0
2622,664,2024-12-31,13876,7.0,0
2621,664,2025-12-31,15402,11.0,1
2627,665,2024-01-01,5039,9.0,0
2626,665,2024-12-31,5392,7.0,0
2625,665,2025-12-31,5985,11.0,0
2634,666,2020-01-01,999,19.0,1
2633,666,2020-12-31,1208,21.0,2
2632,666,2021-12-31,1365,13.0,2
2631,666,2023-01-01,1556,14.0,2
2630,666,2024-01-01,1852,19.0,2
2629,666,2024-12-31,2186,18.0,2
2628,666,2025-12-31,2579,18.0,2
2639,667,2020-06-24,2177,14.0,0
2638,667,2021-06-25,2330,7.0,0
2637,667,2022-06-25,2609,12.0,0
2636,667,2023-06-25,2740,5.0,0
2635,667,2024-06-24,3041,11.0,1
2643,669,2023-01-01,2524,5.0,0
2642,669,2024-01-01,2700,7.0,0
2641,669,2024-12-31,3105,15.0,0
2640,669,2025-12-31,3447,11.0,0
2646,671,2024-01-01,16132,16.0,0
2645,671,2024-12-31,17422,8.0,0
2644,671,2025-12-31,19513,12.0,1
2649,675,2024-01-01,1942,17.0,0
2648,675,2024-12-31,2311,19.0,0
2647,675,2025-12-31,2773,20.0,0
2655,677,2020-12-31,4001,8.0,0
2654,677,2021-12-31,4561,14.0,0
2653,677,2023-01-01,4926,8.0,0
2652,677,2024-01-01,5714,16.0,0
2651,677,2024-12-31,6343,11.0,0
2650,677,2025-12-31,7104,12.0,0
2662,679,2020-01-01,3712,15.0,0
2661,679,2020-12-31,3971,7.0,0
2660,679,2021-12-31,4210,6.0,0
2659,679,2023-01-01,4841,15.0,0
2658,679,2024-01-01,5131,6.0,0
2657,679,2024-12-31,5645,10.0,0
2656,679,2025-12-31,6322,12.0,1
2664,680,2024-12-31,1736,21.0,1
2663,680,2025-12-31,2083,20.0,1
2671,682,2020-01-01,3112,22.0,0
2670,682,2020-12-31,3796,22.0,0
2669,682,2021-12-31,4593,21.0,0
2668,682,2023-01-01,5374,17.0,0
2667,682,2024-01-01,6126,14.0,0
2666,682,2024-12-31,6984,14.0,0
2665,682,2025-12-31,8381,20.0,0
2678,683,2020-01-01,1402,8.0,0
2677,683,2020-12-31,1529,9.0,0
2676,683,2021-12-31,1773,16.0,0
2675,683,2023-01-01,1933,9.0,0
2674,683,2024-01-01,2145,11.0,0
2673,683,2024-12-31,2403,12.0,1
2672,683,2025-12-31,2691,12.0,1
2680,684,2023-12-21,3760,9.0,1
2679,684,2024-12-20,4286,14.0,2
2684,686,2023-01-01,1999,17.0,1
2683,686,2024-01-01,2159,8.0,1
2682,686,2024-12-31,2353,9.0,1
2681,686,2025-12-31,2659,13.0,1
2691,689,2020-01-01,4198,19.0,0
2690,689,2020-12-31,4996,19.0,0
2689,689,2021-12-31,5545,11.0,0
2688,689,2023-01-01,6044,9.0,0
2687,689,2024-01-01,7012,16.0,0
2686,689,2024-12-31,8203,17.0,0
2685,689,2025-12-31,9434,15.0,1
2698,690,2020-01-01,2386,18.0,0
2697,690,2020-12-31,2815,18.0,0
2696,690,2021-12-31,3125,11.0,1
2695,690,2023-01-01,3625,16.0,1
2694,690,2024-01-01,4205,16.0,1
2693,690,2024-12-31,4878,16.0,1
2692,690,2025-12-31,5561,14.0,1
2705,691,2020-01-01,3860,9.0,0
2704,691,2020-12-31,4324,12.0,0
2703,691,2021-12-31,4713,9.0,0
2702,691,2023-01-01,5043,7.0,0
2701,691,2024-01-01,5396,7.0,0
2700,691,2024-12-31,5881,9.0,0
2699,691,2025-12-31,6646,13.0,0
2712,692,2020-01-01,2332,22.0,0
2711,692,2020-12-31,2961,27.0,0
2710,692,2021-12-31,3465,17.0,0
2709,692,2023-01-01,4227,22.0,0
2708,692,2024-01-01,4945,17.0,0
2707,692,2024-12-31,6280,27.0,1
2706,692,2025-12-31,7725,23.0,1
2719,698,2020-01-01,4852,15.0,0
2718,698,2020-12-31,5579,15.0,0
2717,698,2021-12-31,6360,14.0,0
2716,698,2023-01-01,7251,14.0,0
2715,698,2024-01-01,7903,9.0,0
2714,698,2024-12-31,9326,18.0,1
2713,698,2025-12-31,10725,15.0,1
2723,699,2023-01-01,6356,11.0,0
2722,699,2024-01-01,7246,14.0,0
2721,699,2024-12-31,7970,10.0,1
2720,699,2025-12-31,8847,11.0,1
2728,700,2021-12-31,1348,7.0,0
2727,700,2023-01-01,1509,12.0,0
2726,700,2024-01-01,1660,10.0,0
2725,700,2024-12-31,1810,9.0,0
2724,700,2025-12-31,2045,13.0,0
2730,701,2024-02-07,909,6.0,0
2729,701,2025-02-06,1009,11.0,0
2737,702,2019-12-25,1894,15.0,0
2736,702,2020-12-24,2122,12.0,0
2735,702,2021-12-24,2270,7.0,0
2734,702,2022-12-25,2474,9.0,0
2733,702,2023-12-25,2845,15.0,0
2732,702,2024-12-24,3016,6.0,0
2731,702,2025-12-24,3348,11.0,0
2739,704,2024-12-31,1086,22.0,2
2738,704,2025-12-31,1281,18.0,2
2743,705,2023-01-01,1807,12.0,0
2742,705,2024-01-01,2132,18.0,0
2741,705,2024-12-31,2430,14.0,0
2740,705,2025-12-31,2819,16.0,1
2747,707,2023-01-01,2930,16.0,0
2746,707,2024-01-01,3398,16.0,0
2745,707,2024-12-31,3976,17.0,0
2744,707,2025-12-31,4851,22.0,1
2754,709,2020-01-01,1506,23.0,0
2753,709,2020-12-31,1823,21.0,0
2752,709,2021-12-31,2132,17.0,0
2751,709,2023-01-01,2516,18.0,0
2750,709,2024-01-01,2894,15.0,0
2749,709,2024-12-31,3357,16.0,0
2748,709,2025-12-31,4028,20.0,0
2761,710,2020-01-01,1043,13.0,0
2760,710,2020-12-31,1210,16.0,0
2759,710,2021-12-31,1440,19.0,0
2758,710,2023-01-01,1728,20.0,0
2757,710,2024-01-01,1987,15.0,0
2756,710,2024-12-31,2305,16.0,0
2755,710,2025-12-31,2720,18.0,1
2764,712,2024-01-01,6776,6.0,0
2763,712,2024-12-31,7250,7.0,0
2762,712,2025-12-31,8120,12.0,0
2771,714,2020-01-01,1739,21.0,0
2770,714,2020-12-31,2000,15.0,0
2769,714,2021-12-31,2320,16.0,1
2768,714,2023-01-01,2691,16.0,2
2767,714,2024-01-01,3310,23.0,2
2766,714,2024-12-31,3872,17.0,2
2765,714,2025-12-31,4647,20.0,2
2773,715,2024-12-31,4000,18.0,0
2772,715,2025-12-31,4680,17.0,0
2780,716,2020-01-01,1756,9.0,0
2779,716,2020-12-31,2002,14.0,0
2778,716,2021-12-31,2283,14.0,0
2777,716,2023-01-01,2488,9.0,1
2776,716,2024-01-01,2712,9.0,1
2775,716,2024-12-31,2902,7.0,2
2774,716,2025-12-31,3221,11.0,3
2787,717,2020-01-01,3451,9.0,0
2786,717,2020-12-31,4037,17.0,0
2785,717,2021-12-31,4764,18.0,0
2784,717,2023-01-01,5622,18.0,0
2783,717,2024-01-01,6409,14.0,0
2782,717,2024-12-31,7562,18.0,0
2781,717,2025-12-31,8621,14.0,0
2790,720,2023-03-07,3432,14.0,0
2789,720,2024-03-06,4015,17.0,0
2788,720,2025-03-06,4577,14.0,0
2797,721,2020-01-01,2795,6.0,0
2796,721,2020-12-31,3074,10.0,0
2795,721,2021-12-31,3228,5.0,0
2794,721,2023-01-01,3486,8.0,0
2793,721,2024-01-01,3870,11.0,0
2792,721,2024-12-31,4102,6.0,0
2791,721,2025-12-31,4553,11.0,0
2804,722,2020-01-01,2917,16.0,0
2803,722,2020-12-31,3092,6.0,0
2802,722,2021-12-31,3402,10.0,0
2801,722,2023-01-01,3742,10.0,0
2800,722,2024-01-01,4340,16.0,0
2799,722,2024-12-31,4818,11.0,0
2798,722,2025-12-31,5396,12.0,0
2809,723,2021-05-29,4249,15.0,1
2808,723,2022-05-30,4758,12.0,1
2807,723,2023-05-30,5139,8.0,1
2806,723,2024-05-29,5961,16.0,1
2805,723,2025-05-29,6796,14.0,1
2816,724,2020-01-01,3906,15.0,0
2815,724,2020-12-31,4374,12.0,0
2814,724,2021-12-31,5118,17.0,0
2813,724,2023-01-01,5732,12.0,0
2812,724,2024-01-01,6248,9.0,0
2811,724,2024-12-31,6748,8.0,0
2810,724,2025-12-31,7625,13.0,0
2823,725,2020-01-01,3833,14.0,0
2822,725,2020-12-31,4293,12.0,0
2821,725,2021-12-31,4507,5.0,0
2820,725,2023-01-01,5138,14.0,0
2819,725,2024-01-01,5909,15.0,0
2818,725,2024-12-31,6677,13.0,0
2817,725,2025-12-31,7412,11.0,0
2830,727,2020-01-01,4915,17.0,0
2829,727,2020-12-31,5505,12.0,0
2828,727,2021-12-31,6496,18.0,0
2827,727,2023-01-01,7600,17.0,0
2826,727,2024-01-01,8512,12.0,0
2825,727,2024-12-31,9703,14.0,0
2824,727,2025-12-31,11159,15.0,0
2837,728,2020-01-01,2475,8.0,0
2836,728,2020-12-31,2772,12.0,0
2835,728,2021-12-31,3215,16.0,0
2834,728,2023-01-01,3633,13.0,0
2833,728,2024-01-01,4178,15.0,0
2832,728,2024-12-31,4429,6.0,0
2831,728,2025-12-31,4960,12.0,0
2844,729,2020-01-01,3481,23.0,0
2843,729,2020-12-31,4073,17.0,0
2842,729,2021-12-31,4847,19.0,0
2841,729,2023-01-01,5913,22.0,0
2840,729,2024-01-01,7096,20.0,0
2839,729,2024-12-31,8657,22.0,1
2838,729,2025-12-31,10475,21.0,1
2850,730,2020-12-31,6214,21.0,0
2849,730,2021-12-31,7580,22.0,0
2848,730,2023-01-01,8869,17.0,0
2847,730,2024-01-01,10288,16.0,0
2846,730,2024-12-31,12449,21.0,0
2845,730,2025-12-31,14814,19.0,0
2857,731,2020-01-01,8071,19.0,1
2856,731,2020-12-31,9201,14.0,1
2855,731,2021-12-31,10398,13.0,2
2854,731,2023-01-01,12269,18.0,2
2853,731,2024-01-01,13987,14.0,2
2852,731,2024-12-31,16644,19.0,2
2851,731,2025-12-31,19141,15.0,3
2860,732,2024-01-01,4390,18.0,0
2859,732,2024-12-31,4741,8.0,0
2858,732,2025-12-31,5405,14.0,0
2867,733,2020-01-01,2856,24.0,0
2866,733,2020-12-31,3570,25.0,0
2865,733,2021-12-31,4462,25.0,0
2864,733,2023-01-01,5221,17.0,1
2863,733,2024-01-01,6265,20.0,2
2862,733,2024-12-31,7267,16.0,2
2861,733,2025-12-31,8793,21.0,2
2874,734,2020-01-01,10191,7.0,0
2873,734,2020-12-31,11006,8.0,0
2872,734,2021-12-31,12767,16.0,0
2871,734,2023-01-01,14554,14.0,1
2870,734,2024-01-01,15864,9.0,1
2869,734,2024-12-31,17133,8.0,1
2868,734,2025-12-31,19189,12.0,1
2877,738,2024-01-01,2832,19.0,1
2876,738,2024-12-31,3370,19.0,1
2875,738,2025-12-31,3875,15.0,1
2884,741,2019-04-19,1123,15.0,0
2883,741,2020-04-18,1280,14.0,0
2882,741,2021-04-18,1421,11.0,0
2881,741,2022-04-19,1577,11.0,0
2880,741,2023-04-19,1767,12.0,0
2879,741,2024-04-18,1961,11.0,0
2878,741,2025-04-18,2216,13.0,0
2891,742,2020-01-01,5581,15.0,0
2890,742,2020-12-31,6195,11.0,0
2889,742,2021-12-31,7125,15.0,1
2888,742,2023-01-01,8265,16.0,1
2887,742,2024-01-01,9256,12.0,1
2886,742,2024-12-31,10275,11.0,1
2885,742,2025-12-31,11713,14.0,1
2893,743,2024-12-31,6896,16.0,0
2892,743,2025-12-31,7861,14.0,0
2899,744,2020-12-31,2086,13.0,0
2898,744,2021-12-31,2336,12.0,0
2897,744,2023-01-01,2617,12.0,0
2896,744,2024-01-01,2957,13.0,0
2895,744,2024-12-31,3253,10.0,0
2894,744,2025-12-31,3708,14.0,0
2906,746,2020-01-01,8071,7.0,1
2905,746,2020-12-31,8716,8.0,2
2904,746,2021-12-31,9327,7.0,2
2903,746,2023-01-01,10446,12.0,2
2902,746,2024-01-01,11490,10.0,2
2901,746,2024-12-31,12295,7.0,2
2900,746,2025-12-31,13770,12.0,2
2913,747,2020-01-01,1736,22.0,0
2912,747,2020-12-31,2031,17.0,0
2911,747,2021-12-31,2499,23.0,0
2910,747,2023-01-01,2924,17.0,0
2909,747,2024-01-01,3654,25.0,0
2908,747,2024-12-31,4312,18.0,0
2907,747,2025-12-31,5304,23.0,1
2915,749,2024-12-31,2380,10.0,0
2914,749,2025-12-31,2642,11.0,0
2918,752,2023-11-04,2281,6.0,0
2917,752,2024-11-03,2463,8.0,0
2916,752,2025-11-03,2759,12.0,0
2921,754,2024-01-01,4887,13.0,0
2920,754,2024-12-31,5766,18.0,1
2919,754,2025-12-31,6804,18.0,1
2927,757,2020-12-31,4183,12.0,0
2926,757,2021-12-31,4475,7.0,0
2925,757,2023-01-01,4833,8.0,0
2924,757,2024-01-01,5220,8.0,0
2923,757,2024-12-31,5533,6.0,0
2922,757,2025-12-31,6142,11.0,0
2932,758,2021-12-31,1381,12.0,0
2931,758,2023-01-01,1616,17.0,0
2930,758,2024-01-01,1891,17.0,1
2929,758,2024-12-31,2193,16.0,1
2928,758,2025-12-31,2500,14.0,1
2939,760,2020-01-01,3388,18.0,0
2938,760,2020-12-31,3761,11.0,0
2937,760,2021-12-31,4212,12.0,0
2936,760,2023-01-01,4634,10.0,0
2935,760,2024-01-01,5097,10.0,0
2934,760,2024-12-31,5556,9.0,0
2933,760,2025-12-31,6389,15.0,1
2946,762,2020-01-01,6686,7.0,0
2945,762,2020-12-31,7154,7.0,0
2944,762,2021-12-31,7941,11.0,0
2943,762,2023-01-01,8576,8.0,0
2942,762,2024-01-01,9177,7.0,0
2941,762,2024-12-31,10003,9.0,0
2940,762,2025-12-31,11103,11.0,0
2951,763,2021-12-31,1180,23.0,0
2950,763,2023-01-01,1345,14.0,0
2949,763,2024-01-01,1574,17.0,0
2948,763,2024-12-31,1952,24.0,0
2947,763,2025-12-31,2342,20.0,0
2958,764,2020-01-01,2681,16.0,0
2957,764,2020-12-31,3190,19.0,0
2956,764,2021-12-31,3733,17.0,0
2955,764,2023-01-01,4218,13.0,0
2954,764,2024-01-01,4977,18.0,0
2953,764,2024-12-31,5724,15.0,0
2952,764,2025-12-31,6811,19.0,0
2961,766,2024-01-01,1708,15.0,1
2960,766,2024-12-31,2015,18.0,1
2959,766,2025-12-31,2297,14.0,2
2964,769,2024-01-01,1731,13.0,0
2963,769,2024-12-31,2094,21.0,0
2962,769,2025-12-31,2450,17.0,0
2966,771,2024-12-31,4588,8.0,1
2965,771,2025-12-31,5093,11.0,1
2973,772,2020-01-01,2404,10.0,0
2972,772,2020-12-31,2861,19.0,0
2971,772,2021-12-31,3233,13.0,0
2970,772,2023-01-01,3815,18.0,0
2969,772,2024-01-01,4197,10.0,1
2968,772,2024-12-31,4617,10.0,2
2967,772,2025-12-31,5309,15.0,2
2975,773,2024-12-31,2705,13.0,0
2974,773,2025-12-31,3057,13.0,1
2976,775,2025-12-31,5121,14.0,1
2983,776,2020-01-01,9201,12.0,0
2982,776,2020-12-31,9661,5.0,0
2981,776,2021-12-31,11110,15.0,0
2980,776,2023-01-01,12443,12.0,0
2979,776,2024-01-01,14061,13.0,0
2978,776,2024-12-31,15186,8.0,0
2977,776,2025-12-31,16856,11.0,0
2990,780,2018-05-11,1203,8.0,0
2989,780,2019-05-11,1383,15.0,0
2988,780,2020-05-10,1591,15.0,0
2987,780,2021-05-11,1813,14.0,0
2986,780,2022-05-11,2104,16.0,0
2985,780,2023-05-11,2377,13.0,0
2984,780,2024-05-10,2686,13.0,0
2997,781,2020-01-01,1910,23.0,0
2996,781,2020-12-31,2387,25.0,0
2995,781,2021-12-31,2793,17.0,0
2994,781,2023-01-01,3379,21.0,0
2993,781,2024-01-01,4258,26.0,0
2992,781,2024-12-31,5024,18.0,0
2991,781,2025-12-31,6180,23.0,0
3004,783,2020-01-01,3164,7.0,0
3003,783,2020-12-31,3512,11.0,0
3002,783,2021-12-31,3933,12.0,0
3001,783,2023-01-01,4287,9.0,0
3000,783,2024-01-01,5016,17.0,0
2999,783,2024-12-31,5869,17.0,0
2998,783,2025-12-31,6632,13.0,0
3007,784,2024-01-01,2606,12.0,0
3006,784,2024-12-31,2970,14.0,0
3005,784,2025-12-31,3505,18.0,0
3013,785,2020-12-14,3870,6.0,0
3012,785,2021-12-14,4141,7.0,0
3011,785,2022-12-15,4721,14.0,0
3010,785,2023-12-15,5240,11.0,0
3009,785,2024-12-14,5712,9.0,0
3008,785,2025-12-14,6397,12.0,0
3020,786,2020-01-01,2018,23.0,0
3019,786,2020-12-31,2381,18.0,0
3018,786,2021-12-31,2833,19.0,0
3017,786,2023-01-01,3542,25.0,0
3016,786,2024-01-01,4286,21.0,0
3015,786,2024-12-31,5143,20.0,0
3014,786,2025-12-31,6274,22.0,0
3026,787,2020-07-03,11702,16.0,0
3025,787,2021-07-03,12521,7.0,0
3024,787,2022-07-04,14524,16.0,0
3023,787,2023-07-04,15977,10.0,0
3022,787,2024-07-03,17574,10.0,1
3021,787,2025-07-03,19859,13.0,1
3033,789,2020-01-01,3652,17.0,0
3032,789,2020-12-31,4018,10.0,0
3031,789,2021-12-31,4500,12.0,0
3030,789,2023-01-01,4995,11.0,0
3029,789,2024-01-01,5944,19.0,0
3028,789,2024-12-31,6597,11.0,0
3027,789,2025-12-31,7587,15.0,0
3038,791,2021-12-31,2312,22.0,0
3037,791,2023-01-01,2729,18.0,0
3036,791,2024-01-01,3165,16.0,0
3035,791,2024-12-31,3608,14.0,0
3034,791,2025-12-31,4258,18.0,1
3041,792,2024-01-01,3545,10.0,0
3040,792,2024-12-31,3828,8.0,1
3039,792,2025-12-31,4364,14.0,1
3048,793,2020-01-01,2241,8.0,0
3047,793,2020-12-31,2599,16.0,0
3046,793,2021-12-31,2833,9.0,0
3045,793,2023-01-01,3116,10.0,0
3044,793,2024-01-01,3366,8.0,0
3043,793,2024-12-31,3871,15.0,1
3042,793,2025-12-31,4335,12.0,1
3053,796,2021-04-20,3212,16.0,0
3052,796,2022-04-21,3565,11.0,0
3051,796,2023-04-21,4064,14.0,0
3050,796,2024-04-20,4552,12.0,0
3049,796,2025-04-20,5326,17.0,0
3058,797,2021-12-31,1926,18.0,0
3057,797,2023-01-01,2235,16.0,0
3056,797,2024-01-01,2480,11.0,0
3055,797,2024-12-31,2828,14.0,0
3054,797,2025-12-31,3280,16.0,0
3064,799,2020-12-31,3089,11.0,0
3063,799,2021-12-31,3336,8.0,0
3062,799,2023-01-01,3837,15.0,0
3061,799,2024-01-01,4412,15.0,1
3060,799,2024-12-31,4941,12.0,1
3059,799,2025-12-31,5485,11.0,2
3069,800,2021-12-31,2149,13.0,0
3068,800,2023-01-01,2514,17.0,0
3067,800,2024-01-01,3092,23.0,1
3066,800,2024-12-31,3649,18.0,1
3065,800,2025-12-31,4342,19.0,1
3075,802,2020-12-31,1609,11.0,1
3074,802,2021-12-31,1867,16.0,2
3073,802,2023-01-01,2054,10.0,2
3072,802,2024-01-01,2218,8.0,2
3071,802,2024-12-31,2462,11.0,2
3070,802,2025-12-31,2782,13.0,2
3082,803,2020-01-01,3147,7.0,0
3081,803,2020-12-31,3619,15.0,0
3080,803,2021-12-31,3981,10.0,0
3079,803,2023-01-01,4538,14.0,0
3078,803,2024-01-01,4810,6.0,0
3077,803,2024-12-31,5339,11.0,0
3076,803,2025-12-31,5980,12.0,0
3089,804,2020-01-01,2549,8.0,0
3088,804,2020-12-31,2778,9.0,0
3087,804,2021-12-31,3195,15.0,0
3086,804,2023-01-01,3546,11.0,0
3085,804,2024-01-01,3759,6.0,0
3084,804,2024-12-31,3947,5.0,0
3083,804,2025-12-31,4381,11.0,0
3093,805,2023-01-01,1736,12.0,0
3092,805,2024-01-01,1962,13.0,0
3091,805,2024-12-31,2217,13.0,0
3090,805,2025-12-31,2572,16.0,1
3096,806,2024-01-01,2685,25.0,2
3095,806,2024-12-31,3168,18.0,2
3094,806,2025-12-31,3833,21.0,2
3103,807,2020-01-01,1238,22.0,0
3102,807,2020-12-31,1461,18.0,0
3101,807,2021-12-31,1812,24.0,0
3100,807,2023-01-01,2247,24.0,0
3099,807,2024-01-01,2674,19.0,0
3098,807,2024-12-31,3423,28.0,0
3097,807,2025-12-31,4244,24.0,1
3107,808,2023-01-01,4351,13.0,0
3106,808,2024-01-01,4916,13.0,0
3105,808,2024-12-31,5556,13.0,1
3104,808,2025-12-31,6500,17.0,1
3114,809,2020-01-01,9106,10.0,0
3113,809,2020-12-31,10108,11.0,0
3112,809,2021-12-31,11321,12.0,1
3111,809,2023-01-01,12226,8.0,1
3110,809,2024-01-01,14060,15.0,1
3109,809,2024-12-31,16310,16.0,1
3108,809,2025-12-31,18430,13.0,1
3115,811,2025-05-16,1601,21.0,2
3117,812,2024-12-31,2427,15.0,3
3116,812,2025-12-31,2694,11.0,3
3123,813,2020-12-31,1437,17.0,0
3122,813,2021-12-31,1681,17.0,0
3121,813,2023-01-01,1950,16.0,0
3120,813,2024-01-01,2282,17.0,0
3119,813,2024-12-31,2624,15.0,0
3118,813,2025-12-31,3149,20.0,1
3128,815,2021-12-31,10363,18.0,0
3127,815,2023-01-01,12021,16.0,0
3126,815,2024-01-01,13824,15.0,0
3125,815,2024-12-31,15206,10.0,0
3124,815,2025-12-31,17639,16.0,0
3130,816,2024-04-19,2089,11.0,1
3129,816,2025-04-19,2319,11.0,1
3137,817,2020-01-01,6205,9.0,0
3136,817,2020-12-31,6888,11.0,0
3135,817,2021-12-31,7301,6.0,0
3134,817,2023-01-01,8396,15.0,0
3133,817,2024-01-01,9404,12.0,0
3132,817,2024-12-31,10532,12.0,0
3131,817,2025-12-31,11691,11.0,0
3141,819,2021-08-30,3693,17.0,0
3140,819,2022-08-30,4026,9.0,0
3139,819,2023-08-30,4630,15.0,0
3138,819,2024-08-29,5324,15.0,0
3148,820,2020-01-01,9481,8.0,0
3147,820,2020-12-31,10903,15.0,0
3146,820,2021-12-31,11666,7.0,0
3145,820,2023-01-01,13183,13.0,0
3144,820,2024-01-01,13974,6.0,0
3143,820,2024-12-31,15092,8.0,0
3142,820,2025-12-31,16752,11.0,1
3155,823,2020-01-01,2494,18.0,0
3154,823,2020-12-31,2719,9.0,0
3153,823,2021-12-31,2991,10.0,0
3152,823,2023-01-01,3499,17.0,0
3151,823,2024-01-01,3919,12.0,0
3150,823,2024-12-31,4546,16.0,1
3149,823,2025-12-31,5228,15.0,1
3162,824,2020-01-01,743,24.0,0
3161,824,2020-12-31,937,26.0,0
3160,824,2021-12-31,1162,24.0,0
3159,824,2023-01-01,1475,27.0,1
3158,824,2024-01-01,1815,23.0,1
3157,824,2024-12-31,2177,20.0,1
3156,824,2025-12-31,2700,24.0,1
3169,825,2018-07-23,10882,15.0,0
3168,825,2019-07-23,11535,6.0,0
3167,825,2020-07-22,12458,8.0,0
3166,825,2021-07-23,14202,14.0,0
3165,825,2022-07-23,15622,10.0,0
3164,825,2023-07-23,17184,10.0,0
3163,825,2024-07-22,19246,12.0,0
3172,826,2024-01-01,1895,9.0,0
3171,826,2024-12-31,2218,17.0,0
3170,826,2025-12-31,2506,13.0,0
3177,827,2021-12-31,3792,13.0,0
3176,827,2023-01-01,4437,17.0,0
3175,827,2024-01-01,5014,13.0,0
3174,827,2024-12-31,5365,7.0,0
3173,827,2025-12-31,6062,13.0,1
3180,828,2023-11-22,3285,17.0,0
3179,828,2024-11-21,3745,14.0,0
3178,828,2025-11-21,4382,17.0,0
3186,829,2020-12-31,1197,12.0,0
3185,829,2021-12-31,1401,17.0,0
3184,829,2023-01-01,1513,8.0,0
3183,829,2024-01-01,1740,15.0,1
3182,829,2024-12-31,1896,9.0,1
3181,829,2025-12-31,2143,13.0,1
3193,830,2020-01-01,3157,7.0,0
3192,830,2020-12-31,3630,15.0,0
3191,830,2021-12-31,3993,10.0,0
3190,830,2023-01-01,4433,11.0,0
3189,830,2024-01-01,5142,16.0,0
3188,830,2024-12-31,5502,7.0,0
3187,830,2025-12-31,6162,12.0,1
3195,832,2024-12-31,4468,18.0,0
3194,832,2025-12-31,5094,14.0,0
3196,833,2025-12-31,6877,24.0,0
3198,834,2024-12-31,1995,18.0,0
3197,834,2025-12-31,2274,14.0,0
3205,836,2020-01-01,1988,9.0,0
3204,836,2020-12-31,2266,14.0,0
3203,836,2021-12-31,2628,16.0,0
3202,836,2023-01-01,3049,16.0,0
3201,836,2024-01-01,3567,17.0,1
3200,836,2024-12-31,3924,10.0,1
3199,836,2025-12-31,4434,13.0,1
3210,837,2021-12-31,3660,17.0,0
3209,837,2023-01-01,4209,15.0,0
3208,837,2024-01-01,4882,16.0,0
3207,837,2024-12-31,5468,12.0,0
3206,837,2025-12-31,6288,15.0,1
3216,838,2020-12-31,1228,20.0,0
3215,838,2021-12-31,1474,20.0,0
3214,838,2023-01-01,1725,17.0,0
3213,838,2024-01-01,1897,10.0,0
3212,838,2024-12-31,2201,16.0,0
3211,838,2025-12-31,2553,16.0,0
3223,840,2018-09-12,2962,14.0,0
3222,840,2019-09-12,3377,14.0,0
3221,840,2020-09-11,4086,21.0,0
3220,840,2021-09-12,4699,15.0,0
3219,840,2022-09-12,5451,16.0,1
3218,840,2023-09-12,6486,19.0,1
3217,840,2024-09-11,7654,18.0,2
3230,842,2019-03-06,2438,16.0,0
3229,842,2020-03-05,2803,15.0,0
3228,842,2021-03-05,3084,10.0,0
3227,842,2022-03-06,3546,15.0,0
3226,842,2023-03-06,3972,12.0,0
3225,842,2024-03-05,4448,12.0,0
3224,842,2025-03-05,5160,16.0,0
3235,843,2021-12-31,7144,19.0,0
3234,843,2023-01-01,9002,26.0,0
3233,843,2024-01-01,11343,26.0,0
3232,843,2024-12-31,13838,22.0,0
3231,843,2025-12-31,17159,24.0,1
3242,844,2020-01-01,5091,18.0,0
3241,844,2020-12-31,6110,20.0,0
3240,844,2021-12-31,7270,19.0,0
3239,844,2023-01-01,8506,17.0,0
3238,844,2024-01-01,9357,10.0,0
3237,844,2024-12-31,11041,18.0,0
3236,844,2025-12-31,12808,16.0,1
3249,845,2020-01-01,3481,19.0,0
3248,845,2020-12-31,4178,20.0,0
3247,845,2021-12-31,4929,18.0,0
3246,845,2023-01-01,5915,20.0,0
3245,845,2024-01-01,7098,20.0,0
3244,845,2024-12-31,8447,19.0,0
3243,845,2025-12-31,10221,21.0,0
3256,846,2020-01-01,1929,23.0,0
3255,846,2020-12-31,2219,15.0,0
3254,846,2021-12-31,2596,17.0,0
3253,846,2023-01-01,2985,15.0,0
3252,846,2024-01-01,3463,16.0,0
3251,846,2024-12-31,3982,15.0,0
3250,846,2025-12-31,4779,20.0,0
3260,847,2023-01-01,2128,18.0,0
3259,847,2024-01-01,2553,20.0,1
3258,847,2024-12-31,3140,23.0,1
3257,847,2025-12-31,3737,19.0,1
3267,848,2018-04-26,1007,8.0,0
3266,848,2019-04-26,1188,18.0,0
3265,848,2020-04-25,1390,17.0,0
3264,848,2021-04-26,1543,11.0,0
3263,848,2022-04-26,1759,14.0,0
3262,848,2023-04-26,2075,18.0,0
3261,848,2024-04-25,2366,14.0,1
3268,850,2025-12-31,1706,11.0,3
3275,851,2020-01-01,8268,16.0,0
3274,851,2020-12-31,9343,13.0,0
3273,851,2021-12-31,10558,13.0,0
3272,851,2023-01-01,11614,10.0,1
3271,851,2024-01-01,13123,13.0,1
3270,851,2024-12-31,14304,9.0,1
3269,851,2025-12-31,16307,14.0,1
3281,852,2020-12-31,3311,8.0,0
3280,852,2021-12-31,3774,14.0,0
3279,852,2023-01-01,4265,13.0,0
3278,852,2024-01-01,4905,15.0,0
3277,852,2024-12-31,5297,8.0,0
3276,852,2025-12-31,5933,12.0,0
3286,854,2021-12-31,2158,14.0,0
3285,854,2023-01-01,2395,11.0,0
3284,854,2024-01-01,2635,10.0,0
3283,854,2024-12-31,3030,15.0,0
3282,854,2025-12-31,3424,13.0,0
3293,855,2020-01-01,1235,24.0,0
3292,855,2020-12-31,1507,22.0,0
3291,855,2021-12-31,1793,19.0,0
3290,855,2023-01-01,2187,22.0,0
3289,855,2024-01-01,2712,24.0,0
3288,855,2024-12-31,3309,22.0,0
3287,855,2025-12-31,4037,22.0,1
3300,856,2020-01-01,1436,13.0,0
3299,856,2020-12-31,1608,12.0,0
3298,856,2021-12-31,1833,14.0,0
3297,856,2023-01-01,1925,5.0,0
3296,856,2024-01-01,2175,13.0,0
3295,856,2024-12-31,2305,6.0,0
3294,856,2025-12-31,2559,11.0,0
3307,857,2020-01-01,2614,14.0,0
3306,857,2020-12-31,3006,15.0,0
3305,857,2021-12-31,3396,13.0,0
3304,857,2023-01-01,3974,17.0,0
3303,857,2024-01-01,4610,16.0,0
3302,857,2024-12-31,5439,18.0,0
3301,857,2025-12-31,6201,14.0,1
3313,859,2020-12-31,2734,6.0,0
3312,859,2021-12-31,3008,10.0,0
3311,859,2023-01-01,3279,9.0,0
3310,859,2024-01-01,3574,9.0,1
3309,859,2024-12-31,3967,11.0,1
3308,859,2025-12-31,4403,11.0,1
3319,861,2020-12-31,2447,8.0,0
3318,861,2021-12-31,2716,11.0,0
3317,861,2023-01-01,2933,8.0,0
3316,861,2024-01-01,3168,8.0,0
3315,861,2024-12-31,3358,6.0,0
3314,861,2025-12-31,3761,12.0,1
3325,862,2020-12-31,5213,17.0,0
3324,862,2021-12-31,5891,13.0,0
3323,862,2023-01-01,6657,13.0,1
3322,862,2024-01-01,7722,16.0,1
3321,862,2024-12-31,9266,20.0,1
3320,862,2025-12-31,10934,18.0,1
3331,864,2020-12-31,6224,14.0,0
3330,864,2021-12-31,6659,7.0,1
3329,864,2023-01-01,7592,14.0,1
3328,864,2024-01-01,8503,12.0,1
3327,864,2024-12-31,9608,13.0,1
3326,864,2025-12-31,10761,12.0,1
3337,865,2020-12-31,3250,11.0,0
3336,865,2021-12-31,3607,11.0,0
3335,865,2023-01-01,4112,14.0,0
3334,865,2024-01-01,4359,6.0,0
3333,865,2024-12-31,4621,6.0,1
3332,865,2025-12-31,5175,12.0,1
3344,867,2020-01-01,4338,17.0,0
3343,867,2020-12-31,5293,22.0,0
3342,867,2021-12-31,6192,17.0,0
3341,867,2023-01-01,7493,21.0,0
3340,867,2024-01-01,9066,21.0,0
3339,867,2024-12-31,11333,25.0,0
3338,867,2025-12-31,13826,22.0,0
3346,868,2024-12-31,5323,16.0,1
3345,868,2025-12-31,6334,19.0,2
3352,869,2020-12-31,2684,9.0,0
3351,869,2021-12-31,3060,14.0,0
3350,869,2023-01-01,3519,15.0,0
3349,869,2024-01-01,4082,16.0,0
3348,869,2024-12-31,4368,7.0,0
3347,869,2025-12-31,4936,13.0,1
3355,872,2024-01-01,3106,24.0,0
3354,872,2024-12-31,3914,26.0,1
3353,872,2025-12-31,4775,22.0,2
3359,874,2023-01-01,1579,20.0,0
3358,874,2024-01-01,1863,18.0,1
3357,874,2024-12-31,2273,22.0,1
3356,874,2025-12-31,2818,24.0,1
3362,875,2024-01-01,1870,14.0,0
3361,875,2024-12-31,2206,18.0,0
3360,875,2025-12-31,2515,14.0,0
3368,878,2020-12-31,1000,17.0,0
3367,878,2021-12-31,1169,17.0,0
3366,878,2023-01-01,1357,16.0,0
3365,878,2024-01-01,1669,23.0,0
3364,878,2024-12-31,1936,16.0,0
3363,878,2025-12-31,2342,21.0,0
3374,879,2020-12-31,1806,18.0,0
3373,879,2021-12-31,2095,16.0,0
3372,879,2023-01-01,2388,14.0,0
3371,879,2024-01-01,2913,22.0,0
3370,879,2024-12-31,3554,22.0,0
3369,879,2025-12-31,4194,18.0,0
3381,880,2020-01-01,3931,14.0,0
3380,880,2020-12-31,4717,20.0,0
3379,880,2021-12-31,5378,14.0,0
3378,880,2023-01-01,6561,22.0,0
3377,880,2024-01-01,7610,16.0,1
3376,880,2024-12-31,8904,17.0,1
3375,880,2025-12-31,10685,20.0,1
3388,881,2018-05-19,796,14.0,0
3387,881,2019-05-19,899,13.0,0
3386,881,2020-05-18,1061,18.0,0
3385,881,2021-05-19,1231,16.0,0
3384,881,2022-05-19,1440,17.0,0
3383,881,2023-05-19,1699,18.0,0
3382,881,2024-05-18,2022,19.0,1
3392,882,2023-01-01,1648,15.0,0
3391,882,2024-01-01,1797,9.0,0
3390,882,2024-12-31,2066,15.0,1
3389,882,2025-12-31,2314,12.0,1
3398,885,2020-12-31,2794,7.0,0
3397,885,2021-12-31,2962,6.0,0
3396,885,2023-01-01,3199,8.0,0
3395,885,2024-01-01,3455,8.0,0
3394,885,2024-12-31,3800,10.0,0
3393,885,2025-12-31,4256,12.0,0
3403,887,2021-12-31,1864,13.0,0
3402,887,2023-01-01,2236,20.0,0
3401,887,2024-01-01,2684,20.0,0
3400,887,2024-12-31,3086,15.0,0
3399,887,2025-12-31,3580,16.0,1
3409,888,2020-12-31,1561,14.0,0
3408,888,2021-12-31,1748,12.0,0
3407,888,2023-01-01,2028,16.0,0
3406,888,2024-01-01,2271,12.0,0
3405,888,2024-12-31,2703,19.0,0
3404,888,2025-12-31,3162,17.0,0
3416,889,2020-01-01,3277,8.0,0
3415,889,2020-12-31,3670,12.0,0
3414,889,2021-12-31,4037,10.0,1
3413,889,2023-01-01,4522,12.0,1
3412,889,2024-01-01,5110,13.0,1
3411,889,2024-12-31,5723,12.0,1
3410,889,2025-12-31,6524,14.0,1
3419,893,2024-01-01,2118,16.0,0
3418,893,2024-12-31,2436,15.0,0
3417,893,2025-12-31,2899,19.0,1
3425,894,2020-12-31,3054,7.0,0
3424,894,2021-12-31,3268,7.0,0
3423,894,2023-01-01,3562,9.0,0
3422,894,2024-01-01,4061,14.0,0
3421,894,2024-12-31,4629,14.0,0
3420,894,2025-12-31,5231,13.0,1
3432,895,2020-01-01,881,13.0,0
3431,895,2020-12-31,1013,15.0,0
3430,895,2021-12-31,1186,17.0,0
3429,895,2023-01-01,1375,16.0,0
3428,895,2024-01-01,1623,18.0,1
3427,895,2024-12-31,1980,22.0,1
3426,895,2025-12-31,2356,19.0,1
3436,896,2021-11-01,1676,13.0,2
3435,896,2022-11-01,2011,20.0,2
3434,896,2023-11-01,2353,17.0,3
3433,896,2024-10-31,2800,19.0,3
3439,897,2024-01-01,9028,16.0,0
3438,897,2024-12-31,10382,15.0,0
3437,897,2025-12-31,11836,14.0,1
3446,899,2020-01-01,4402,11.0,0
3445,899,2020-12-31,5150,17.0,0
3444,899,2021-12-31,5923,15.0,0
3443,899,2023-01-01,6871,16.0,0
3442,899,2024-01-01,8245,20.0,0
3441,899,2024-12-31,9399,14.0,0
3440,899,2025-12-31,10903,16.0,0
3452,900,2020-12-31,1505,12.0,0
3451,900,2021-12-31,1731,15.0,0
3450,900,2023-01-01,1973,14.0,0
3449,900,2024-01-01,2210,12.0,0
3448,900,2024-12-31,2585,17.0,0
3447,900,2025-12-31,2973,15.0,1
3459,901,2020-01-01,5866,19.0,0
3458,901,2020-12-31,6922,18.0,0
3457,901,2021-12-31,7891,14.0,0
3456,901,2023-01-01,9154,16.0,0
3455,901,2024-01-01,10801,18.0,0
3454,901,2024-12-31,12097,12.0,0
3453,901,2025-12-31,14275,18.0,0
3465,902,2020-12-31,3364,16.0,0
3464,902,2021-12-31,3701,10.0,1
3463,902,2023-01-01,4182,13.0,1
3462,902,2024-01-01,4475,7.0,1
3461,902,2024-12-31,4922,10.0,1
3460,902,2025-12-31,5562,13.0,1
3472,903,2020-01-01,1472,22.0,0
3471,903,2020-12-31,1751,19.0,0
3470,903,2021-12-31,2189,25.0,0
3469,903,2023-01-01,2583,18.0,0
3468,903,2024-01-01,3048,18.0,0
3467,903,2024-12-31,3719,22.0,0
3466,903,2025-12-31,4537,22.0,1
3479,904,2020-01-01,3454,15.0,0
3478,904,2020-12-31,3937,14.0,0
3477,904,2021-12-31,4528,15.0,0
3476,904,2023-01-01,5026,11.0,0
3475,904,2024-01-01,5830,16.0,0
3474,904,2024-12-31,6763,16.0,0
3473,904,2025-12-31,7642,13.0,0
3486,905,2020-01-01,10227,8.0,0
3485,905,2020-12-31,11352,11.0,0
3484,905,2021-12-31,12714,12.0,0
3483,905,2023-01-01,13731,8.0,0
3482,905,2024-01-01,14418,5.0,0
3481,905,2024-12-31,16148,12.0,0
3480,905,2025-12-31,17924,11.0,1
3492,909,2020-12-31,3232,8.0,1
3491,909,2021-12-31,3523,9.0,1
3490,909,2023-01-01,3840,9.0,1
3489,909,2024-01-01,4301,12.0,1
3488,909,2024-12-31,4688,9.0,2
3487,909,2025-12-31,5204,11.0,2
3497,910,2021-12-31,1502,12.0,0
3496,910,2023-01-01,1607,7.0,0
3495,910,2024-01-01,1784,11.0,0
3494,910,2024-12-31,2051,15.0,0
3493,910,2025-12-31,2277,11.0,1
3499,911,2024-11-12,2254,27.0,0
3498,911,2025-11-12,2795,24.0,0
3504,912,2021-12-31,1569,9.0,1
3503,912,2023-01-01,1836,17.0,1
3502,912,2024-01-01,2019,10.0,1
3501,912,2024-12-31,2221,10.0,2
3500,912,2025-12-31,2532,14.0,3
3511,913,2020-01-01,1298,17.0,0
3510,913,2020-12-31,1454,12.0,0
3509,913,2021-12-31,1687,16.0,0
3508,913,2023-01-01,1889,12.0,0
3507,913,2024-01-01,2097,11.0,0
3506,913,2024-12-31,2265,8.0,0
3505,913,2025-12-31,2559,13.0,0
3516,916,2021-12-31,3150,17.0,0
3515,916,2023-01-01,3559,13.0,0
3514,916,2024-01-01,3986,12.0,0
3513,916,2024-12-31,4305,8.0,0
3512,916,2025-12-31,4908,14.0,0
3518,918,2023-06-09,2088,11.0,1
3517,918,2024-06-08,2380,14.0,1
3520,920,2024-12-31,3938,18.0,1
3519,920,2025-12-31,4765,21.0,1
3523,922,2022-07-03,1601,8.0,0
3522,922,2023-07-03,1809,13.0,0
3521,922,2024-07-02,2044,13.0,0
3525,923,2024-10-08,2263,23.0,0
3524,923,2025-10-08,2693,19.0,0
3532,924,2020-01-01,2851,21.0,0
3531,924,2020-12-31,3336,17.0,0
3530,924,2021-12-31,3936,18.0,0
3529,924,2023-01-01,4409,12.0,0
3528,924,2024-01-01,5026,14.0,0
3527,924,2024-12-31,5629,12.0,1
3526,924,2025-12-31,6586,17.0,1
3536,925,2023-01-01,2059,17.0,0
3535,925,2024-01-01,2326,13.0,0
3534,925,2024-12-31,2792,20.0,0
3533,925,2025-12-31,3294,18.0,0
3540,926,2021-11-29,2585,13.0,0
3539,926,2022-11-29,2921,13.0,0
3538,926,2023-11-29,3505,20.0,0
3537,926,2024-11-28,4171,19.0,1
3547,927,2018-12-25,1373,12.0,0
3546,927,2019-12-25,1565,14.0,0
3545,927,2020-12-24,1721,10.0,0
3544,927,2021-12-25,1928,12.0,0
3543,927,2022-12-25,2255,17.0,0
3542,927,2023-12-25,2458,9.0,1
3541,927,2024-12-24,2778,13.0,1
3550,930,2024-01-01,1722,19.0,0
3549,930,2024-12-31,2014,17.0,0
3548,930,2025-12-31,2377,18.0,1
3553,932,2022-04-03,1602,17.0,0
3552,932,2023-04-03,1987,24.0,0
3551,932,2024-04-02,2404,21.0,0
3555,933,2024-12-31,1948,16.0,0
3554,933,2025-12-31,2318,19.0,0
3557,934,2024-12-31,1761,9.0,1
3556,934,2025-12-31,2008,14.0,2
3563,936,2020-12-31,3005,11.0,0
3562,936,2021-12-31,3396,13.0,0
3561,936,2023-01-01,4109,21.0,0
3560,936,2024-01-01,4808,17.0,0
3559,936,2024-12-31,5337,11.0,0
3558,936,2025-12-31,6244,17.0,0
3567,939,2023-01-01,2085,11.0,0
3566,939,2024-01-01,2251,8.0,0
3565,939,2024-12-31,2522,12.0,0
3564,939,2025-12-31,2799,11.0,0
3574,940,2020-01-01,4855,17.0,0
3573,940,2020-12-31,5632,16.0,0
3572,940,2021-12-31,6251,11.0,0
3571,940,2023-01-01,7001,12.0,0
3570,940,2024-01-01,8191,17.0,0
3569,940,2024-12-31,9338,14.0,0
3568,940,2025-12-31,10552,13.0,1
3581,941,2020-01-01,1122,17.0,0
3580,941,2020-12-31,1234,10.0,0
3579,941,2021-12-31,1431,16.0,0
3578,941,2023-01-01,1560,9.0,0
3577,941,2024-01-01,1716,10.0,0
3576,941,2024-12-31,2025,18.0,0
3575,941,2025-12-31,2329,15.0,0
3588,942,2020-01-01,1020,29.0,0
3587,942,2020-12-31,1305,28.0,0
3586,942,2021-12-31,1606,23.0,0
3585,942,2023-01-01,2055,28.0,0
3584,942,2024-01-01,2569,25.0,0
3583,942,2024-12-31,3211,25.0,1
3582,942,2025-12-31,4014,25.0,1
3595,944,2020-01-01,4077,15.0,0
3594,944,2020-12-31,4607,13.0,0
3593,944,2021-12-31,4837,5.0,0
3592,944,2023-01-01,5272,9.0,0
3591,944,2024-01-01,5799,10.0,0
3590,944,2024-12-31,6669,15.0,0
3589,944,2025-12-31,7403,11.0,1
3596,945,2025-12-31,2259,17.0,2
3603,947,2020-01-01,4062,15.0,0
3602,947,2020-12-31,4468,10.0,0
3601,947,2021-12-31,4870,9.0,0
3600,947,2023-01-01,5260,8.0,0
3599,947,2024-01-01,5628,7.0,0
3598,947,2024-12-31,6135,9.0,0
3597,947,2025-12-31,6932,13.0,1
3610,949,2020-01-01,1795,19.0,0
3609,949,2020-12-31,2046,14.0,0
3608,949,2021-12-31,2497,22.0,0
3607,949,2023-01-01,2921,17.0,0
3606,949,2024-01-01,3418,17.0,0
3605,949,2024-12-31,3964,16.0,0
3604,949,2025-12-31,4678,18.0,0
3617,950,2020-01-01,7344,15.0,0
3616,950,2020-12-31,8446,15.0,0
3615,950,2021-12-31,9544,13.0,0
3614,950,2023-01-01,10498,10.0,0
3613,950,2024-01-01,11233,7.0,0
3612,950,2024-12-31,12019,7.0,1
3611,950,2025-12-31,13582,13.0,1
3621,951,2023-01-01,1433,18.0,0
3620,951,2024-01-01,1705,19.0,0
3619,951,2024-12-31,1943,14.0,0
3618,951,2025-12-31,2332,20.0,0
3623,952,2024-12-06,2045,19.0,3
3622,952,2025-12-06,2413,18.0,3
3625,954,2024-12-31,8665,9.0,1
3624,954,2025-12-31,9705,12.0,1
3632,956,2020-01-01,2048,14.0,0
3631,956,2020-12-31,2375,16.0,0
3630,956,2021-12-31,2731,15.0,0
3629,956,2023-01-01,3005,10.0,0
3628,956,2024-01-01,3485,16.0,0
3627,956,2024-12-31,3834,10.0,0
3626,956,2025-12-31,4294,12.0,0
3639,957,2020-01-01,2395,9.0,0
3638,957,2020-12-31,2587,8.0,0
3637,957,2021-12-31,2975,15.0,0
3636,957,2023-01-01,3391,14.0,0
3635,957,2024-01-01,3730,10.0,0
3634,957,2024-12-31,4178,12.0,0
3633,957,2025-12-31,4721,13.0,0
3646,958,2020-01-01,867,24.0,0
3645,958,2020-12-31,1066,23.0,0
3644,958,2021-12-31,1269,19.0,0
3643,958,2023-01-01,1472,16.0,0
3642,958,2024-01-01,1810,23.0,0
3641,958,2024-12-31,2082,15.0,0
3640,958,2025-12-31,2519,21.0,0
3648,959,2024-05-03,1877,9.0,0
3647,959,2025-05-03,2121,13.0,0
3650,960,2023-07-19,2498,13.0,0
3649,960,2024-07-18,2973,19.0,0
3657,961,2020-01-01,3251,8.0,0
3656,961,2020-12-31,3478,7.0,0
3655,961,2021-12-31,4000,15.0,0
3654,961,2023-01-01,4320,8.0,0
3653,961,2024-01-01,4795,11.0,0
3652,961,2024-12-31,5275,10.0,1
3651,961,2025-12-31,5855,11.0,2
3659,964,2024-12-31,3173,11.0,0
3658,964,2025-12-31,3617,14.0,1
3666,966,2020-01-01,3092,7.0,0
3665,966,2020-12-31,3587,16.0,0
3664,966,2021-12-31,4089,14.0,0
3663,966,2023-01-01,4620,13.0,0
3662,966,2024-01-01,5267,14.0,0
3661,966,2024-12-31,6004,14.0,0
3660,966,2025-12-31,6725,12.0,1
3673,967,2019-12-01,5288,15.0,0
3672,967,2020-11-30,5976,13.0,0
3671,967,2021-11-30,6335,6.0,0
3670,967,2022-12-01,7158,13.0,0
3669,967,2023-12-01,8232,15.0,0
3668,967,2024-11-30,9302,13.0,1
3667,967,2025-11-30,10325,11.0,1
3679,969,2020-12-31,3809,13.0,0
3678,969,2021-12-31,4342,14.0,0
3677,969,2023-01-01,4863,12.0,0
3676,969,2024-01-01,5301,9.0,0
3675,969,2024-12-31,6096,15.0,0
3674,969,2025-12-31,6949,14.0,0
3686,970,2019-06-20,5834,15.0,0
3685,970,2020-06-19,6242,7.0,0
3684,970,2021-06-19,6866,10.0,0
3683,970,2022-06-20,7553,10.0,0
3682,970,2023-06-20,8611,14.0,0
3681,970,2024-06-19,9558,11.0,0
3680,970,2025-06-19,10609,11.0,0
3693,972,2020-01-01,2491,10.0,0
3692,972,2020-12-31,2665,7.0,0
3691,972,2021-12-31,2932,10.0,0
3690,972,2023-01-01,3195,9.0,0
3689,972,2024-01-01,3643,14.0,0
3688,972,2024-12-31,3971,9.0,0
3687,972,2025-12-31,4447,12.0,0
3697,974,2023-01-01,1359,15.0,0
3696,974,2024-01-01,1576,16.0,0
3695,974,2024-12-31,1876,19.0,0
3694,974,2025-12-31,2157,15.0,1
3703,975,2020-12-31,2372,18.0,0
3702,975,2021-12-31,2609,10.0,0
3701,975,2023-01-01,3052,17.0,0
3700,975,2024-01-01,3510,15.0,0
3699,975,2024-12-31,3966,13.0,0
3698,975,2025-12-31,4601,16.0,0
3710,976,2020-01-01,8678,9.0,0
3709,976,2020-12-31,9980,15.0,0
3708,976,2021-12-31,11377,14.0,0
3707,976,2023-01-01,12515,10.0,0
3706,976,2024-01-01,13641,9.0,0
3705,976,2024-12-31,14869,9.0,1
3704,976,2025-12-31,17099,15.0,1
3712,977,2023-07-07,1999,21.0,0
3711,977,2024-07-06,2479,24.0,0
3719,981,2020-01-01,7081,7.0,0
3718,981,2020-12-31,8143,15.0,0
3717,981,2021-12-31,9120,12.0,0
3716,981,2023-01-01,9941,9.0,0
3715,981,2024-01-01,11234,13.0,0
3714,981,2024-12-31,13143,17.0,0
3713,981,2025-12-31,14852,13.0,1
3726,982,2020-01-01,3921,11.0,1
3725,982,2020-12-31,4274,9.0,1
3724,982,2021-12-31,4701,10.0,1
3723,982,2023-01-01,5360,14.0,1
3722,982,2024-01-01,5896,10.0,1
3721,982,2024-12-31,6544,11.0,1
3720,982,2025-12-31,7264,11.0,1
3732,983,2020-12-31,3460,7.0,0
3731,983,2021-12-31,3737,8.0,0
3730,983,2023-01-01,4260,14.0,0
3729,983,2024-01-01,4558,7.0,0
3728,983,2024-12-31,5014,10.0,0
3727,983,2025-12-31,5666,13.0,0
3739,984,2020-01-01,3769,16.0,0
3738,984,2020-12-31,4409,17.0,0
3737,984,2021-12-31,5115,16.0,0
3736,984,2023-01-01,5882,15.0,0
3735,984,2024-01-01,6294,7.0,0
3734,984,2024-12-31,6923,10.0,0
3733,984,2025-12-31,7823,13.0,1
3746,985,2020-01-01,3184,13.0,0
3745,985,2020-12-31,3694,16.0,0
3744,985,2021-12-31,4248,15.0,0
3743,985,2023-01-01,4928,16.0,0
3742,985,2024-01-01,5962,21.0,0
3741,985,2024-12-31,6678,12.0,0
3740,985,2025-12-31,7880,18.0,0
3748,986,2024-08-04,11374,18.0,0
3747,986,2025-08-04,13194,16.0,0
3755,987,2020-01-01,1756,17.0,0
3754,987,2020-12-31,2125,21.0,0
3753,987,2021-12-31,2572,21.0,0
3752,987,2023-01-01,3009,17.0,0
3751,987,2024-01-01,3490,16.0,0
3750,987,2024-12-31,4258,22.0,0
3749,987,2025-12-31,5067,19.0,0
3762,990,2020-01-01,2696,15.0,0
3761,990,2020-12-31,3047,13.0,0
3760,990,2021-12-31,3291,8.0,0
3759,990,2023-01-01,3521,7.0,0
3758,990,2024-01-01,4049,15.0,0
3757,990,2024-12-31,4495,11.0,1
3756,990,2025-12-31,5079,13.0,2
3766,991,2021-10-16,1333,20.0,0
3765,991,2022-10-16,1559,17.0,0
3764,991,2023-10-16,1902,22.0,0
3763,991,2024-10-15,2321,22.0,0
3773,992,2020-01-01,9342,11.0,0
3772,992,2020-12-31,10556,13.0,0
3771,992,2021-12-31,11612,10.0,0
3770,992,2023-01-01,12308,6.0,0
3769,992,2024-01-01,13785,12.0,0
3768,992,2024-12-31,15715,14.0,0
3767,992,2025-12-31,17444,11.0,0
3774,994,2025-07-21,2404,20.0,0
3778,995,2023-01-01,2157,20.0,0
3777,995,2024-01-01,2438,13.0,0
3776,995,2024-12-31,2925,20.0,0
3775,995,2025-12-31,3452,18.0,0
3784,996,2020-12-31,1161,15.0,0
3783,996,2021-12-31,1347,16.0,0
3782,996,2023-01-01,1576,17.0,0
3781,996,2024-01-01,1702,8.0,0
3780,996,2024-12-31,1991,17.0,1
3779,996,2025-12-31,2270,14.0,2
3790,997,2020-12-31,7003,25.0,0
3789,997,2021-12-31,8194,17.0,0
3788,997,2023-01-01,10161,24.0,1
3787,997,2024-01-01,12294,21.0,1
3786,997,2024-12-31,14261,16.0,1
3785,997,2025-12-31,17399,22.0,1
3797,998,2020-01-01,2813,13.0,0
3796,998,2020-12-31,3263,16.0,0
3795,998,2021-12-31,3557,9.0,1
3794,998,2023-01-01,4126,16.0,1
3793,998,2024-01-01,4497,9.0,1
3792,998,2024-12-31,4857,8.0,1
3791,998,2025-12-31,5488,13.0,1
3804,999,2020-01-01,7912,14.0,0
3803,999,2020-12-31,9257,17.0,0
3802,999,2021-12-31,10460,13.0,0
3801,999,2023-01-01,11820,13.0,0
3800,999,2024-01-01,14066,19.0,1
3799,999,2024-12-31,16597,18.0,1
3798,999,2025-12-31,19419,17.0,1
3807,1001,2024-01-01,2108,13.0,0
3806,1001,2024-12-31,2466,17.0,0
3805,1001,2025-12-31,2811,14.0,1
3814,1002,2020-01-01,1601,10.0,0
3813,1002,2020-12-31,1906,19.0,0
3812,1002,2021-12-31,2134,12.0,0
3811,1002,2023-01-01,2497,17.0,0
3810,1002,2024-01-01,2747,10.0,0
3809,1002,2024-12-31,3159,15.0,1
3808,1002,2025-12-31,3633,15.0,1
3821,1003,2020-01-01,1710,21.0,0
3820,1003,2020-12-31,1967,15.0,0
3819,1003,2021-12-31,2223,13.0,0
3818,1003,2023-01-01,2556,15.0,0
3817,1003,2024-01-01,2965,16.0,0
3816,1003,2024-12-31,3558,20.0,0
3815,1003,2025-12-31,4163,17.0,0
3827,1004,2020-10-26,1255,11.0,0
3826,1004,2021-10-26,1444,15.0,0
3825,1004,2022-10-27,1559,8.0,0
3824,1004,2023-10-27,1746,12.0,0
3823,1004,2024-10-26,1921,10.0,0
3822,1004,2025-10-26,2132,11.0,0
3834,1005,2020-01-01,5008,15.0,0
3833,1005,2020-12-31,5860,17.0,0
3832,1005,2021-12-31,7149,22.0,0
3831,1005,2023-01-01,8364,17.0,0
3830,1005,2024-01-01,10121,21.0,0
3829,1005,2024-12-31,11842,17.0,1
3828,1005,2025-12-31,13973,18.0,1
3837,1006,2024-01-01,1961,14.0,0
3836,1006,2024-12-31,2294,17.0,0
3835,1006,2025-12-31,2684,17.0,1
3844,1007,2020-01-01,5813,13.0,0
3843,1007,2020-12-31,6336,9.0,1
3842,1007,2021-12-31,7160,13.0,1
3841,1007,2023-01-01,7661,7.0,1
3840,1007,2024-01-01,8886,16.0,1
3839,1007,2024-12-31,9597,8.0,1
3838,1007,2025-12-31,10845,13.0,1
3849,1009,2021-12-31,2666,12.0,0
3848,1009,2023-01-01,2906,9.0,0
3847,1009,2024-01-01,3429,18.0,0
3846,1009,2024-12-31,3806,11.0,1
3845,1009,2025-12-31,4377,15.0,2
3854,1010,2020-02-29,1747,23.0,0
3853,1010,2021-03-01,2114,21.0,0
3852,1010,2022-03-01,2537,20.0,0
3851,1010,2023-03-01,3019,19.0,0
3850,1010,2024-02-29,3743,24.0,1
3859,1011,2021-12-31,2572,6.0,0
3858,1011,2023-01-01,2984,16.0,0
3857,1011,2024-01-01,3193,7.0,1
3856,1011,2024-12-31,3704,16.0,1
3855,1011,2025-12-31,4148,12.0,1
3860,1012,2025-12-31,1051,15.0,0
3867,1013,2020-01-01,6028,12.0,0
3866,1013,2020-12-31,6630,10.0,0
3865,1013,2021-12-31,7559,14.0,0
3864,1013,2023-01-01,8012,6.0,0
3863,1013,2024-01-01,9214,15.0,0
3862,1013,2024-12-31,9675,5.0,0
3861,1013,2025-12-31,10739,11.0,1
3874,1014,2020-01-01,6565,15.0,0
3873,1014,2020-12-31,7025,7.0,0
3872,1014,2021-12-31,7376,5.0,0
3871,1014,2023-01-01,7818,6.0,0
3870,1014,2024-01-01,8913,14.0,0
3869,1014,2024-12-31,9359,5.0,1
3868,1014,2025-12-31,10388,11.0,1
3881,1015,2020-01-01,6113,15.0,0
3880,1015,2020-12-31,7091,16.0,0
3879,1015,2021-12-31,7659,8.0,1
3878,1015,2023-01-01,8348,9.0,2
3877,1015,2024-01-01,9266,11.0,2
3876,1015,2024-12-31,10193,10.0,3
3875,1015,2025-12-31,11416,12.0,3
3883,1016,2024-11-11,2261,18.0,0
3882,1016,2025-11-11,2600,15.0,0
3887,1017,2022-03-21,1512,20.0,0
3886,1017,2023-03-21,1754,16.0,0
3885,1017,2024-03-20,2070,18.0,0
3884,1017,2025-03-20,2422,17.0,0
3894,1018,2020-01-01,2802,10.0,0
3893,1018,2020-12-31,3222,15.0,0
3892,1018,2021-12-31,3448,7.0,0
3891,1018,2023-01-01,3931,14.0,0
3890,1018,2024-01-01,4324,10.0,0
3889,1018,2024-12-31,4886,13.0,0
3888,1018,2025-12-31,5472,12.0,0
3899,1019,2021-12-31,1403,16.0,0
3898,1019,2023-01-01,1669,19.0,0
3897,1019,2024-01-01,1870,12.0,1
3896,1019,2024-12-31,2131,14.0,1
3895,1019,2025-12-31,2451,15.0,1
3902,1022,2024-01-01,3411,13.0,0
3901,1022,2024-12-31,3752,10.0,0
3900,1022,2025-12-31,4240,13.0,0
3909,1024,2020-01-01,5201,12.0,0
3908,1024,2020-12-31,5929,14.0,0
3907,1024,2021-12-31,6878,16.0,0
3906,1024,2023-01-01,8047,17.0,0
3905,1024,2024-01-01,8771,9.0,0
3904,1024,2024-12-31,9648,10.0,0
3903,1024,2025-12-31,10999,14.0,0
3912,1025,2024-01-01,4064,9.0,0
3911,1025,2024-12-31,4389,8.0,0
3910,1025,2025-12-31,5003,14.0,0
3919,1026,2020-01-01,5863,20.0,0
3918,1026,2020-12-31,6801,16.0,0
3917,1026,2021-12-31,7617,12.0,0
3916,1026,2023-01-01,8683,14.0,0
3915,1026,2024-01-01,9552,10.0,0
3914,1026,2024-12-31,10984,15.0,1
3913,1026,2025-12-31,12742,16.0,1
3923,1027,2023-01-01,2709,18.0,0
3922,1027,2024-01-01,3115,15.0,0
3921,1027,2024-12-31,3582,15.0,0
3920,1027,2025-12-31,4227,18.0,1
3927,1028,2023-01-01,2287,14.0,0
3926,1028,2024-01-01,2790,22.0,0
3925,1028,2024-12-31,3264,17.0,0
3924,1028,2025-12-31,3917,20.0,1
3929,1029,2024-12-31,16197,10.0,0
3928,1029,2025-12-31,18303,13.0,0
3931,1030,2024-12-31,2017,22.0,0
3930,1030,2025-12-31,2380,18.0,0
3937,1032,2020-12-31,7387,12.0,0
3936,1032,2021-12-31,8421,14.0,0
3935,1032,2023-01-01,9516,13.0,0
3934,1032,2024-01-01,10563,11.0,0
3933,1032,2024-12-31,12147,15.0,0
3932,1032,2025-12-31,13726,13.0,0
3939,1033,2023-07-06,4154,19.0,0
3938,1033,2024-07-05,4777,15.0,0
3946,1034,2020-01-01,2967,9.0,0
3945,1034,2020-12-31,3234,9.0,0
3944,1034,2021-12-31,3784,17.0,0
3943,1034,2023-01-01,4465,18.0,0
3942,1034,2024-01-01,4957,11.0,0
3941,1034,2024-12-31,5601,13.0,1
3940,1034,2025-12-31,6385,14.0,2
3953,1035,2020-01-01,5819,20.0,1
3952,1035,2020-12-31,7332,26.0,1
3951,1035,2021-12-31,8945,22.0,1
3950,1035,2023-01-01,10824,21.0,1
3949,1035,2024-01-01,13097,21.0,1
3948,1035,2024-12-31,16371,25.0,2
3947,1035,2025-12-31,19973,22.0,2
3955,1036,2024-12-31,6126,8.0,0
3954,1036,2025-12-31,6861,12.0,0
3958,1037,2022-07-03,3452,13.0,0
3957,1037,2023-07-03,4211,22.0,0
3956,1037,2024-07-02,4969,18.0,0
3965,1038,2018-12-26,9371,13.0,0
3964,1038,2019-12-26,10777,15.0,0
3963,1038,2020-12-25,12178,13.0,0
3962,1038,2021-12-26,13883,14.0,0
3961,1038,2022-12-26,15688,13.0,0
3960,1038,2023-12-26,17257,10.0,0
3959,1038,2024-12-25,19845,15.0,1
3972,1039,2020-01-01,5157,19.0,0
3971,1039,2020-12-31,6034,17.0,0
3970,1039,2021-12-31,6818,13.0,0
3969,1039,2023-01-01,8046,18.0,0
3968,1039,2024-01-01,9253,15.0,0
3967,1039,2024-12-31,11288,22.0,1
3966,1039,2025-12-31,13320,18.0,1
3979,1040,2020-01-01,3110,7.0,0
3978,1040,2020-12-31,3514,13.0,0
3977,1040,2021-12-31,4077,16.0,0
3976,1040,2023-01-01,4566,12.0,0
3975,1040,2024-01-01,4885,7.0,0
3974,1040,2024-12-31,5667,16.0,1
3973,1040,2025-12-31,6347,12.0,1
3986,1042,2019-09-04,1221,13.0,0
3985,1042,2020-09-03,1343,10.0,0
3984,1042,2021-09-03,1531,14.0,0
3983,1042,2022-09-04,1684,10.0,0
3982,1042,2023-09-04,2021,20.0,0
3981,1042,2024-09-03,2365,17.0,0
3980,1042,2025-09-03,2743,16.0,0
3993,1043,2020-01-01,5729,13.0,0
3992,1043,2020-12-31,6646,16.0,0
3991,1043,2021-12-31,7576,14.0,0
3990,1043,2023-01-01,8107,7.0,0
3989,1043,2024-01-01,8998,11.0,0
3988,1043,2024-12-31,9628,7.0,0
3987,1043,2025-12-31,10880,13.0,0
3996,1044,2024-01-01,1726,19.0,0
3995,1044,2024-12-31,1968,14.0,0
3994,1044,2025-12-31,2342,19.0,0
4003,1045,2020-01-01,8963,14.0,0
4002,1045,2020-12-31,9591,7.0,0
4001,1045,2021-12-31,11221,17.0,0
4000,1045,2023-01-01,12456,11.0,0
3999,1045,2024-01-01,13701,10.0,0
3998,1045,2024-12-31,15619,14.0,0
3997,1045,2025-12-31,17650,13.0,1
4010,1046,2020-01-01,1986,9.0,0
4009,1046,2020-12-31,2245,13.0,0
4008,1046,2021-12-31,2559,14.0,0
4007,1046,2023-01-01,2917,14.0,0
4006,1046,2024-01-01,3267,12.0,0
4005,1046,2024-12-31,3594,10.0,0
4004,1046,2025-12-31,4025,12.0,0
4017,1047,2020-01-01,4717,14.0,0
4016,1047,2020-12-31,5235,11.0,0
4015,1047,2021-12-31,5968,14.0,0
4014,1047,2023-01-01,6625,11.0,0
4013,1047,2024-01-01,7618,15.0,0
4012,1047,2024-12-31,8761,15.0,1
4011,1047,2025-12-31,9725,11.0,1
4024,1048,2020-01-01,6097,14.0,0
4023,1048,2020-12-31,6707,10.0,0
4022,1048,2021-12-31,7713,15.0,0
4021,1048,2023-01-01,8330,8.0,1
4020,1048,2024-01-01,9080,9.0,1
4019,1048,2024-12-31,10442,15.0,1
4018,1048,2025-12-31,11904,14.0,1
4031,1049,2020-01-01,1021,10.0,0
4030,1049,2020-12-31,1133,11.0,0
4029,1049,2021-12-31,1269,12.0,0
4028,1049,2023-01-01,1523,20.0,0
4027,1049,2024-01-01,1676,10.0,0
4026,1049,2024-12-31,1877,12.0,0
4025,1049,2025-12-31,2177,16.0,0
4038,1050,2020-01-01,4032,6.0,0
4037,1050,2020-12-31,4436,10.0,0
4036,1050,2021-12-31,4835,9.0,0
4035,1050,2023-01-01,5512,14.0,0
4034,1050,2024-01-01,5842,6.0,0
4033,1050,2024-12-31,6719,15.0,0
4032,1050,2025-12-31,7525,12.0,1
4040,1052,2023-08-19,4240,8.0,0
4039,1052,2024-08-18,4834,14.0,1
4044,1053,2021-10-22,1494,15.0,0
4043,1053,2022-10-22,1659,11.0,0
4042,1053,2023-10-22,1791,8.0,0
4041,1053,2024-10-21,2042,14.0,1
4046,1055,2024-12-31,1866,17.0,0
4045,1055,2025-12-31,2220,19.0,1
4048,1056,2024-12-31,862,22.0,0
4047,1056,2025-12-31,1052,22.0,0
4051,1060,2024-01-01,2096,16.0,1
4050,1060,2024-12-31,2432,16.0,1
4049,1060,2025-12-31,2821,16.0,1
4058,1061,2020-01-01,9760,13.0,0
4057,1061,2020-12-31,10541,8.0,0
4056,1061,2021-12-31,11806,12.0,0
4055,1061,2023-01-01,13577,15.0,0
4054,1061,2024-01-01,15613,15.0,0
4053,1061,2024-12-31,17331,11.0,0
4052,1061,2025-12-31,19237,11.0,1
4063,1062,2021-12-31,2455,19.0,0
4062,1062,2023-01-01,2725,11.0,0
4061,1062,2024-01-01,3079,13.0,0
4060,1062,2024-12-31,3571,16.0,0
4059,1062,2025-12-31,4107,15.0,0
4070,1066,2020-01-01,4036,18.0,0
4069,1066,2020-12-31,4520,12.0,0
4068,1066,2021-12-31,5017,11.0,0
4067,1066,2023-01-01,5569,11.0,0
4066,1066,2024-01-01,6349,14.0,0
4065,1066,2024-12-31,7365,16.0,1
4064,1066,2025-12-31,8396,14.0,1
4076,1068,2020-12-31,1120,12.0,0
4075,1068,2021-12-31,1277,14.0,0
4074,1068,2023-01-01,1379,8.0,1
4073,1068,2024-01-01,1600,16.0,1
4072,1068,2024-12-31,1776,11.0,1
4071,1068,2025-12-31,2007,13.0,2
4079,1069,2024-01-01,14097,12.0,2
4078,1069,2024-12-31,16775,19.0,2
4077,1069,2025-12-31,19627,17.0,2
4086,1070,2020-01-01,6445,6.0,0
4085,1070,2020-12-31,7283,13.0,0
4084,1070,2021-12-31,7792,7.0,0
4083,1070,2023-01-01,8182,5.0,0
4082,1070,2024-01-01,9082,11.0,0
4081,1070,2024-12-31,9627,6.0,1
4080,1070,2025-12-31,10686,11.0,1
4092,1071,2020-12-31,1163,23.0,1
4091,1071,2021-12-31,1396,20.0,1
4090,1071,2023-01-01,1703,22.0,1
4089,1071,2024-01-01,2060,21.0,1
4088,1071,2024-12-31,2472,20.0,1
4087,1071,2025-12-31,2942,19.0,1
4099,1073,2020-01-01,4492,8.0,0
4098,1073,2020-12-31,4896,9.0,0
4097,1073,2021-12-31,5582,14.0,0
4096,1073,2023-01-01,6196,11.0,0
4095,1073,2024-01-01,6939,12.0,0
4094,1073,2024-12-31,7980,15.0,0
4093,1073,2025-12-31,8858,11.0,0
4106,1074,2020-01-01,8421,14.0,0
4105,1074,2020-12-31,9347,11.0,0
4104,1074,2021-12-31,10562,13.0,0
4103,1074,2023-01-01,11513,9.0,0
4102,1074,2024-01-01,12894,12.0,0
4101,1074,2024-12-31,14570,13.0,0
4100,1074,2025-12-31,16756,15.0,0
4108,1076,2024-12-31,9556,12.0,1
4107,1076,2025-12-31,10798,13.0,1
4111,1077,2023-05-19,1742,10.0,0
4110,1077,2024-05-18,2038,17.0,0
4109,1077,2025-05-18,2323,14.0,0
4113,1079,2023-06-01,1253,9.0,0
4112,1079,2024-05-31,1416,13.0,0
4120,1080,2020-01-01,1378,19.0,0
4119,1080,2020-12-31,1695,23.0,0
4118,1080,2021-12-31,2017,19.0,0
4117,1080,2023-01-01,2521,25.0,0
4116,1080,2024-01-01,3075,22.0,1
4115,1080,2024-12-31,3752,22.0,2
4114,1080,2025-12-31,4615,23.0,3
4127,1081,2019-03-15,1285,11.0,0
4126,1081,2020-03-14,1362,6.0,0
4125,1081,2021-03-14,1580,16.0,1
4124,1081,2022-03-15,1707,8.0,2
4123,1081,2023-03-15,1894,11.0,2
4122,1081,2024-03-14,2197,16.0,2
4121,1081,2025-03-14,2461,12.0,3
4134,1082,2019-01-31,4850,14.0,0
4133,1082,2020-01-31,5238,8.0,0
4132,1082,2021-01-30,6076,16.0,0
4131,1082,2022-01-31,6502,7.0,0
4130,1082,2023-01-31,7347,13.0,0
4129,1082,2024-01-31,7787,6.0,0
4128,1082,2025-01-30,8722,12.0,0
4140,1083,2020-12-31,1902,15.0,0
4139,1083,2021-12-31,2168,14.0,0
4138,1083,2023-01-01,2580,19.0,1
4137,1083,2024-01-01,2889,12.0,2
4136,1083,2024-12-31,3409,18.0,2
4135,1083,2025-12-31,3955,16.0,2
4147,1084,2020-01-01,4919,19.0,1
4146,1084,2020-12-31,5657,15.0,1
4145,1084,2021-12-31,6449,14.0,1
4144,1084,2023-01-01,7287,13.0,1
4143,1084,2024-01-01,7943,9.0,1
4142,1084,2024-12-31,8658,9.0,1
4141,1084,2025-12-31,9957,15.0,1
4154,1085,2020-01-01,1527,14.0,0
4153,1085,2020-12-31,1787,17.0,0
4152,1085,2021-12-31,2072,16.0,0
4151,1085,2023-01-01,2300,11.0,0
4150,1085,2024-01-01,2554,11.0,0
4149,1085,2024-12-31,2988,17.0,0
4148,1085,2025-12-31,3376,13.0,0
4161,1088,2020-01-01,3533,13.0,0
4160,1088,2020-12-31,4063,15.0,0
4159,1088,2021-12-31,4673,15.0,0
4158,1088,2023-01-01,5654,21.0,0
4157,1088,2024-01-01,6559,16.0,0
4156,1088,2024-12-31,7477,14.0,0
4155,1088,2025-12-31,8823,18.0,1
4168,1092,2020-01-01,3293,22.0,0
4167,1092,2020-12-31,4018,22.0,0
4166,1092,2021-12-31,4982,24.0,0
4165,1092,2023-01-01,5780,16.0,0
4164,1092,2024-01-01,6993,21.0,0
4163,1092,2024-12-31,8602,23.0,0
4162,1092,2025-12-31,10322,20.0,1
4172,1094,2023-01-01,2744,14.0,1
4171,1094,2024-01-01,3348,22.0,2
4170,1094,2024-12-31,3883,16.0,2
4169,1094,2025-12-31,4621,19.0,3
4176,1096,2023-01-01,7034,19.0,0
4175,1096,2024-01-01,8159,16.0,1
4174,1096,2024-12-31,9302,14.0,1
4173,1096,2025-12-31,10976,18.0,1
4183,1097,2020-01-01,1713,7.0,0
4182,1097,2020-12-31,2005,17.0,0
4181,1097,2021-12-31,2245,12.0,0
4180,1097,2023-01-01,2492,11.0,0
4179,1097,2024-01-01,2841,14.0,0
4178,1097,2024-12-31,3239,14.0,0
4177,1097,2025-12-31,3660,13.0,0
4190,1098,2018-04-07,5276,10.0,0
4189,1098,2019-04-07,5856,11.0,0
4188,1098,2020-04-06,6324,8.0,0
4187,1098,2021-04-07,7400,17.0,0
4186,1098,2022-04-07,8066,9.0,0
4185,1098,2023-04-07,9195,14.0,0
4184,1098,2024-04-06,10482,14.0,1
4194,1099,2023-01-01,4562,16.0,0
4193,1099,2024-01-01,5246,15.0,1
4192,1099,2024-12-31,6190,18.0,1
4191,1099,2025-12-31,7119,15.0,1
4201,1100,2019-01-22,3005,17.0,0
4200,1100,2020-01-22,3696,23.0,0
4199,1100,2021-01-21,4436,20.0,0
4198,1100,2022-01-22,5500,24.0,0
4197,1100,2023-01-22,6600,20.0,0
4196,1100,2024-01-22,7854,19.0,0
4195,1100,2025-01-21,9582,22.0,0
4208,1101,2019-09-26,1417,24.0,0
4207,1101,2020-09-25,1786,26.0,0
4206,1101,2021-09-25,2089,17.0,0
4205,1101,2022-09-26,2528,21.0,0
4204,1101,2023-09-26,3185,26.0,0
4203,1101,2024-09-25,3695,16.0,0
4202,1101,2025-09-25,4508,22.0,0
4213,1102,2021-12-31,1343,15.0,0
4212,1102,2023-01-01,1544,15.0,0
4211,1102,2024-01-01,1730,12.0,0
4210,1102,2024-12-31,1903,10.0,1
4209,1102,2025-12-31,2207,16.0,1
4220,1103,2020-01-01,3360,21.0,0
4219,1103,2020-12-31,3998,19.0,0
4218,1103,2021-12-31,4638,16.0,0
4217,1103,2023-01-01,5148,11.0,0
4216,1103,2024-01-01,5715,11.0,0
4215,1103,2024-12-31,6629,16.0,0
4214,1103,2025-12-31,7756,17.0,0
4222,1105,2024-12-31,5872,12.0,3
4221,1105,2025-12-31,6694,14.0,3
4229,1106,2019-06-27,1544,9.0,0
4228,1106,2020-06-26,1837,19.0,0
4227,1106,2021-06-26,2186,19.0,0
4226,1106,2022-06-27,2514,15.0,0
4225,1106,2023-06-27,2815,12.0,0
4224,1106,2024-06-26,3210,14.0,0
4223,1106,2025-06-26,3691,15.0,1
4231,1107,2023-12-12,1981,18.0,1
4230,1107,2024-12-11,2377,20.0,1
4234,1108,2022-08-25,1554,20.0,0
4233,1108,2023-08-25,1928,24.0,0
4232,1108,2024-08-24,2313,20.0,0
4241,1109,2020-01-01,8059,15.0,0
4240,1109,2020-12-31,9026,12.0,0
4239,1109,2021-12-31,10019,11.0,0
4238,1109,2023-01-01,11722,17.0,0
4237,1109,2024-01-01,13129,12.0,0
4236,1109,2024-12-31,15098,15.0,0
4235,1109,2025-12-31,17665,17.0,1
4243,1111,2024-10-05,2257,12.0,2
4242,1111,2025-10-05,2596,15.0,2
4244,1113,2024-10-06,4728,14.0,0
4248,1114,2023-01-01,2575,15.0,0
4247,1114,2024-01-01,3090,20.0,0
4246,1114,2024-12-31,3677,19.0,1
4245,1114,2025-12-31,4302,17.0,1
4249,1115,2025-12-31,2979,17.0,3
4255,1116,2020-12-31,6682,22.0,0
4254,1116,2021-12-31,8286,24.0,0
4253,1116,2023-01-01,9943,20.0,0
4252,1116,2024-01-01,11931,20.0,0
4251,1116,2024-12-31,13840,16.0,0
4250,1116,2025-12-31,16885,22.0,0
4262,1117,2020-01-01,2994,14.0,0
4261,1117,2020-12-31,3383,13.0,0
4260,1117,2021-12-31,3653,8.0,0
4259,1117,2023-01-01,4092,12.0,0
4258,1117,2024-01-01,4583,12.0,0
4257,1117,2024-12-31,4950,8.0,0
4256,1117,2025-12-31,5593,13.0,1
4269,1118,2020-01-01,4150,22.0,0
4268,1118,2020-12-31,4772,15.0,0
4267,1118,2021-12-31,5774,21.0,0
4266,1118,2023-01-01,6583,14.0,0
4265,1118,2024-01-01,7438,13.0,0
4264,1118,2024-12-31,8777,18.0,0
4263,1118,2025-12-31,10445,19.0,0
4276,1119,2020-01-01,4061,13.0,0
4275,1119,2020-12-31,4589,13.0,0
4274,1119,2021-12-31,5415,18.0,1
4273,1119,2023-01-01,5848,8.0,2
4272,1119,2024-01-01,6667,14.0,2
4271,1119,2024-12-31,7667,15.0,2
4270,1119,2025-12-31,8740,14.0,2
4283,1120,2020-01-01,782,26.0,0
4282,1120,2020-12-31,954,22.0,0
4281,1120,2021-12-31,1117,17.0,0
4280,1120,2023-01-01,1396,25.0,0
4279,1120,2024-01-01,1703,22.0,0
4278,1120,2024-12-31,2061,21.0,1
4277,1120,2025-12-31,2514,22.0,1
4290,1121,2020-01-01,3042,12.0,1
4289,1121,2020-12-31,3377,11.0,1
4288,1121,2021-12-31,3917,16.0,1
4287,1121,2023-01-01,4740,21.0,2
4286,1121,2024-01-01,5640,19.0,3
4285,1121,2024-12-31,6543,16.0,3
4284,1121,2025-12-31,7655,17.0,3
4297,1124,2020-01-01,10619,16.0,0
4296,1124,2020-12-31,11787,11.0,0
4295,1124,2021-12-31,12495,6.0,0
4294,1124,2023-01-01,13494,8.0,0
4293,1124,2024-01-01,14574,8.0,0
4292,1124,2024-12-31,15594,7.0,1
4291,1124,2025-12-31,17465,12.0,1
4299,1125,2024-12-31,6337,15.0,0
4298,1125,2025-12-31,7351,16.0,0
4306,1126,2020-01-01,6231,5.0,0
4305,1126,2020-12-31,6730,8.0,0
4304,1126,2021-12-31,7066,5.0,1
4303,1126,2023-01-01,7985,13.0,1
4302,1126,2024-01-01,8943,12.0,1
4301,1126,2024-12-31,9748,9.0,1
4300,1126,2025-12-31,10820,11.0,1
4313,1127,2018-06-25,5954,13.0,0
4312,1127,2019-06-25,6668,12.0,0
4311,1127,2020-06-24,7668,15.0,0
4310,1127,2021-06-25,8818,15.0,0
4309,1127,2022-06-25,9788,11.0,1
4308,1127,2023-06-25,10963,12.0,2
4307,1127,2024-06-24,12169,11.0,3
4320,1128,2020-01-01,8580,15.0,0
4319,1128,2020-12-31,9352,9.0,0
4318,1128,2021-12-31,11035,18.0,0
4317,1128,2023-01-01,13022,18.0,0
4316,1128,2024-01-01,15235,17.0,0
4315,1128,2024-12-31,17216,13.0,0
4314,1128,2025-12-31,19626,14.0,0
4323,1131,2024-01-01,1759,11.0,0
4322,1131,2024-12-31,1865,6.0,0
4321,1131,2025-12-31,2070,11.0,0
4329,1132,2020-12-31,3437,19.0,0
4328,1132,2021-12-31,3953,15.0,0
4327,1132,2023-01-01,4585,16.0,0
4326,1132,2024-01-01,4998,9.0,0
4325,1132,2024-12-31,5897,18.0,0
4324,1132,2025-12-31,6782,15.0,0
4336,1133,2020-01-01,2790,22.0,0
4335,1133,2020-12-31,3376,21.0,0
4334,1133,2021-12-31,3984,18.0,0
4333,1133,2023-01-01,4860,22.0,0
4332,1133,2024-01-01,5686,17.0,0
4331,1133,2024-12-31,6482,14.0,0
4330,1133,2025-12-31,7779,20.0,0
4339,1135,2024-01-01,2265,11.0,0
4338,1135,2024-12-31,2492,10.0,0
4337,1135,2025-12-31,2791,12.0,1
4345,1136,2020-12-31,1513,20.0,0
4344,1136,2021-12-31,1695,12.0,0
4343,1136,2023-01-01,2017,19.0,0
4342,1136,2024-01-01,2400,19.0,0
4341,1136,2024-12-31,2736,14.0,0
4340,1136,2025-12-31,3201,17.0,0
4351,1137,2020-12-31,3143,9.0,0
4350,1137,2021-12-31,3489,11.0,0
4349,1137,2023-01-01,3768,8.0,0
4348,1137,2024-01-01,4183,11.0,0
4347,1137,2024-12-31,4476,7.0,0
4346,1137,2025-12-31,4968,11.0,1
4358,1138,2020-01-01,5833,21.0,0
4357,1138,2020-12-31,6766,16.0,0
4356,1138,2021-12-31,7510,11.0,0
4355,1138,2023-01-01,8862,18.0,0
4354,1138,2024-01-01,9837,11.0,0
4353,1138,2024-12-31,11214,14.0,0
4352,1138,2025-12-31,13120,17.0,1
4362,1140,2023-01-01,2897,14.0,0
4361,1140,2024-01-01,3187,10.0,0
4360,1140,2024-12-31,3633,14.0,0
4359,1140,2025-12-31,4033,11.0,0
4369,1143,2020-01-01,1426,9.0,0
4368,1143,2020-12-31,1682,18.0,0
4367,1143,2021-12-31,1968,17.0,0
4366,1143,2023-01-01,2146,9.0,1
4365,1143,2024-01-01,2510,17.0,2
4364,1143,2024-12-31,2887,15.0,2
4363,1143,2025-12-31,3291,14.0,2
4371,1148,2024-12-31,3590,18.0,0
4370,1148,2025-12-31,4272,19.0,0
4378,1150,2020-01-01,2413,14.0,0
4377,1150,2020-12-31,2751,14.0,0
4376,1150,2021-12-31,3274,19.0,0
4375,1150,2023-01-01,3634,11.0,0
4374,1150,2024-01-01,4034,11.0,1
4373,1150,2024-12-31,4397,9.0,1
4372,1150,2025-12-31,5056,15.0,1
4385,1152,2020-01-01,1508,15.0,0
4384,1152,2020-12-31,1629,8.0,0
4383,1152,2021-12-31,1824,12.0,0
4382,1152,2023-01-01,2043,12.0,0
4381,1152,2024-01-01,2309,13.0,0
4380,1152,2024-12-31,2517,9.0,0
4379,1152,2025-12-31,2844,13.0,1
4389,1154,2023-01-01,1926,14.0,1
4388,1154,2024-01-01,2080,8.0,1
4387,1154,2024-12-31,2371,14.0,1
4386,1154,2025-12-31,2703,14.0,1
4390,1156,2024-11-11,1904,12.0,0
4396,1157,2019-07-31,4238,19.0,0
4395,1157,2020-07-30,4831,14.0,0
4394,1157,2021-07-31,5459,13.0,0
4393,1157,2022-07-31,6060,11.0,0
4392,1157,2023-07-31,7029,16.0,0
4391,1157,2024-07-30,8224,17.0,0
4398,1158,2024-12-31,4294,9.0,0
4397,1158,2025-12-31,4766,11.0,1
4401,1160,2022-01-13,2009,16.0,0
4400,1160,2023-01-13,2330,16.0,1
4399,1160,2024-01-13,2610,12.0,1
4408,1161,2020-01-01,2731,14.0,1
4407,1161,2020-12-31,3004,10.0,2
4406,1161,2021-12-31,3515,17.0,2
4405,1161,2023-01-01,4007,14.0,2
4404,1161,2024-01-01,4488,12.0,2
4403,1161,2024-12-31,5072,13.0,2
4402,1161,2025-12-31,5731,13.0,2
4413,1162,2021-12-31,1588,8.0,0
4412,1162,2023-01-01,1715,8.0,1
4411,1162,2024-01-01,1920,12.0,1
4410,1162,2024-12-31,2247,17.0,1
4409,1162,2025-12-31,2539,13.0,1
4420,1163,2020-01-01,2155,22.0,0
4419,1163,2020-12-31,2479,15.0,0
4418,1163,2021-12-31,2975,20.0,0
4417,1163,2023-01-01,3450,16.0,0
4416,1163,2024-01-01,3968,15.0,0
4415,1163,2024-12-31,4762,20.0,0
4414,1163,2025-12-31,5714,20.0,0
4426,1164,2020-12-31,2191,13.0,0
4425,1164,2021-12-31,2432,11.0,0
4424,1164,2023-01-01,2772,14.0,0
4423,1164,2024-01-01,3105,12.0,0
4422,1164,2024-12-31,3695,19.0,0
4421,1164,2025-12-31,4323,17.0,0
4433,1165,2018-08-21,3891,16.0,0
4432,1165,2019-08-21,4280,10.0,0
4431,1165,2020-08-20,4794,12.0,0
4430,1165,2021-08-21,5177,8.0,0
4429,1165,2022-08-21,5695,10.0,0
4428,1165,2023-08-21,6492,14.0,0
4427,1165,2024-08-20,7336,13.0,1
4440,1166,2020-01-01,5895,11.0,0
4439,1166,2020-12-31,6543,11.0,0
4438,1166,2021-12-31,7459,14.0,0
4437,1166,2023-01-01,8802,18.0,0
4436,1166,2024-01-01,9946,13.0,0
4435,1166,2024-12-31,11538,16.0,0
4434,1166,2025-12-31,13499,17.0,0
4447,1167,2019-01-27,7637,7.0,0
4446,1167,2020-01-27,8248,8.0,0
4445,1167,2021-01-26,9155,11.0,0
4444,1167,2022-01-27,10437,14.0,0
4443,1167,2023-01-27,11167,7.0,0
4442,1167,2024-01-27,12284,10.0,0
4441,1167,2025-01-26,13758,12.0,0
4454,1171,2020-01-01,2641,15.0,0
4453,1171,2020-12-31,3010,14.0,0
4452,1171,2021-12-31,3492,16.0,0
4451,1171,2023-01-01,3841,10.0,0
4450,1171,2024-01-01,4110,7.0,0
4449,1171,2024-12-31,4562,11.0,0
4448,1171,2025-12-31,5155,13.0,0
4461,1172,2020-01-01,1189,12.0,0
4460,1172,2020-12-31,1332,12.0,0
4459,1172,2021-12-31,1545,16.0,0
4458,1172,2023-01-01,1637,6.0,0
4457,1172,2024-01-01,1768,8.0,0
4456,1172,2024-12-31,2016,14.0,0
4455,1172,2025-12-31,2258,12.0,1
4466,1173,2021-12-31,1573,20.0,0
4465,1173,2023-01-01,1982,26.0,0
4464,1173,2024-01-01,2478,25.0,0
4463,1173,2024-12-31,2948,19.0,0
4462,1173,2025-12-31,3597,22.0,0
4468,1175,2024-08-11,2266,12.0,0
4467,1175,2025-08-11,2515,11.0,0
4475,1177,2020-01-01,1520,16.0,0
4474,1177,2020-12-31,1779,17.0,0
4473,1177,2021-12-31,2081,17.0,0
4472,1177,2023-01-01,2580,24.0,0
4471,1177,2024-01-01,3019,17.0,0
4470,1177,2024-12-31,3623,20.0,1
4469,1177,2025-12-31,4420,22.0,1
4482,1179,2020-01-01,2659,17.0,0
4481,1179,2020-12-31,3004,13.0,0
4480,1179,2021-12-31,3545,18.0,0
4479,1179,2023-01-01,4290,21.0,0
4478,1179,2024-01-01,4933,15.0,0
4477,1179,2024-12-31,5575,13.0,1
4476,1179,2025-12-31,6578,18.0,1
4484,1180,2024-12-31,3913,13.0,0
4483,1180,2025-12-31,4422,13.0,1
4491,1182,2020-01-01,3911,16.0,0
4490,1182,2020-12-31,4459,14.0,0
4489,1182,2021-12-31,5217,17.0,0
4488,1182,2023-01-01,5947,14.0,0
4487,1182,2024-01-01,7256,22.0,0
4486,1182,2024-12-31,8707,20.0,0
4485,1182,2025-12-31,10274,18.0,1
4498,1184,2020-01-01,1778,14.0,0
4497,1184,2020-12-31,2080,17.0,0
4496,1184,2021-12-31,2579,24.0,0
4495,1184,2023-01-01,3121,21.0,0
4494,1184,2024-01-01,3620,16.0,0
4493,1184,2024-12-31,4452,23.0,0
4492,1184,2025-12-31,5343,20.0,0
4501,1185,2024-01-01,1947,13.0,0
4500,1185,2024-12-31,2103,8.0,0
4499,1185,2025-12-31,2376,13.0,1
4506,1188,2020-07-16,3311,11.0,0
4505,1188,2021-07-17,3609,9.0,0
4504,1188,2022-07-17,4187,16.0,0
4503,1188,2023-07-17,4731,13.0,0
4502,1188,2024-07-16,5346,13.0,0
4508,1190,2024-12-31,2524,11.0,2
4507,1190,2025-12-31,2827,12.0,3
4514,1191,2020-12-31,11022,14.0,0
4513,1191,2021-12-31,12565,14.0,0
4512,1191,2023-01-01,14198,13.0,0
4511,1191,2024-01-01,15618,10.0,0
4510,1191,2024-12-31,17649,13.0,0
4509,1191,2025-12-31,19943,13.0,1
4521,1192,2020-01-01,1479,14.0,0
4520,1192,2020-12-31,1657,12.0,0
4519,1192,2021-12-31,1822,10.0,0
4518,1192,2023-01-01,2132,17.0,0
4517,1192,2024-01-01,2452,15.0,0
4516,1192,2024-12-31,2771,13.0,0
4515,1192,2025-12-31,3131,13.0,1
4523,1193,2024-12-31,2042,22.0,0
4522,1193,2025-12-31,2552,25.0,0
4527,1195,2023-01-01,2796,17.0,1
4526,1195,2024-01-01,3243,16.0,1
4525,1195,2024-12-31,3762,16.0,1
4524,1195,2025-12-31,4477,19.0,1
4534,1196,2020-01-01,3320,12.0,0
4533,1196,2020-12-31,3885,17.0,0
4532,1196,2021-12-31,4506,16.0,0
4531,1196,2023-01-01,4912,9.0,0
4530,1196,2024-01-01,5305,8.0,0
4529,1196,2024-12-31,5729,8.0,1
4528,1196,2025-12-31,6474,13.0,1
4537,1198,2024-01-01,2396,12.0,0
4536,1198,2024-12-31,2708,13.0,0
4535,1198,2025-12-31,3033,12.0,0
4544,1200,2019-10-21,1645,14.0,0
4543,1200,2020-10-20,1793,9.0,0
4542,1200,2021-10-20,2008,12.0,0
4541,1200,2022-10-21,2229,11.0,0
4540,1200,2023-10-21,2341,5.0,0
4539,1200,2024-10-20,2645,13.0,0
4538,1200,2025-10-20,2936,11.0,0
4551,1201,2020-01-01,7208,20.0,0
4550,1201,2020-12-31,8505,18.0,0
4549,1201,2021-12-31,9696,14.0,0
4548,1201,2023-01-01,10859,12.0,0
4547,1201,2024-01-01,13140,21.0,0
4546,1201,2024-12-31,15768,20.0,1
4545,1201,2025-12-31,18606,18.0,1
4557,1202,2020-12-31,1042,16.0,0
4556,1202,2021-12-31,1178,13.0,0
4555,1202,2023-01-01,1354,15.0,0
4554,1202,2024-01-01,1612,19.0,0
4553,1202,2024-12-31,1837,14.0,0
4552,1202,2025-12-31,2168,18.0,1
4558,1203,2025-10-28,2853,11.0,1
4565,1204,2020-01-01,5013,18.0,0
4564,1204,2020-12-31,6316,26.0,0
4563,1204,2021-12-31,8021,27.0,0
4562,1204,2023-01-01,9546,19.0,0
4561,1204,2024-01-01,11550,21.0,0
4560,1204,2024-12-31,13860,20.0,0
4559,1204,2025-12-31,17048,23.0,0
4566,1206,2025-12-31,2290,13.0,0
4572,1207,2020-12-31,1903,8.0,0
4571,1207,2021-12-31,2132,12.0,0
4570,1207,2023-01-01,2430,14.0,0
4569,1207,2024-01-01,2770,14.0,0
4568,1207,2024-12-31,3186,15.0,0
4567,1207,2025-12-31,3600,13.0,1
4574,1210,2024-11-17,1801,11.0,1
4573,1210,2025-11-17,2107,17.0,1
4579,1211,2021-12-31,1968,19.0,0
4578,1211,2023-01-01,2401,22.0,1
4577,1211,2024-01-01,2882,20.0,2
4576,1211,2024-12-31,3458,20.0,2
4575,1211,2025-12-31,4115,19.0,3
4580,1212,2025-12-31,4327,12.0,3
4583,1215,2024-01-01,11997,20.0,1
4582,1215,2024-12-31,14636,22.0,1
4581,1215,2025-12-31,17856,22.0,1
4590,1216,2020-01-01,1664,14.0,1
4589,1216,2020-12-31,1848,11.0,2
4588,1216,2021-12-31,2032,10.0,3
4587,1216,2023-01-01,2215,9.0,3
4586,1216,2024-01-01,2525,14.0,3
4585,1216,2024-12-31,2854,13.0,3
4584,1216,2025-12-31,3196,12.0,3
4595,1217,2021-12-31,13040,7.0,0
4594,1217,2023-01-01,13953,7.0,0
4593,1217,2024-01-01,15348,10.0,0
4592,1217,2024-12-31,17190,12.0,0
4591,1217,2025-12-31,19081,11.0,1
4602,1218,2020-01-01,4163,18.0,0
4601,1218,2020-12-31,4912,18.0,0
4600,1218,2021-12-31,5600,14.0,0
4599,1218,2023-01-01,6216,11.0,1
4598,1218,2024-01-01,6900,11.0,1
4597,1218,2024-12-31,7797,13.0,2
4596,1218,2025-12-31,8966,15.0,3
4604,1219,2024-10-26,1956,12.0,0
4603,1219,2025-10-26,2210,13.0,1
4611,1220,2020-01-01,2518,10.0,0
4610,1220,2020-12-31,2770,10.0,0
4609,1220,2021-12-31,2991,8.0,0
4608,1220,2023-01-01,3231,8.0,0
4607,1220,2024-01-01,3618,12.0,0
4606,1220,2024-12-31,4053,12.0,1
4605,1220,2025-12-31,4539,12.0,1
4618,1221,2020-01-01,1283,15.0,0
4617,1221,2020-12-31,1424,11.0,0
4616,1221,2021-12-31,1581,11.0,0
4615,1221,2023-01-01,1802,14.0,0
4614,1221,2024-01-01,2091,16.0,1
4613,1221,2024-12-31,2404,15.0,1
4612,1221,2025-12-31,2741,14.0,1
4625,1224,2020-01-01,1664,11.0,0
4624,1224,2020-12-31,1930,16.0,0
4623,1224,2021-12-31,2161,12.0,1
4622,1224,2023-01-01,2442,13.0,1
4621,1224,2024-01-01,2686,10.0,1
4620,1224,2024-12-31,3089,15.0,2
4619,1224,2025-12-31,3491,13.0,3
4632,1225,2020-01-01,1201,23.0,0
4631,1225,2020-12-31,1550,29.0,0
4630,1225,2021-12-31,1968,27.0,0
4629,1225,2023-01-01,2401,22.0,0
4628,1225,2024-01-01,2953,23.0,0
4627,1225,2024-12-31,3633,23.0,0
4626,1225,2025-12-31,4541,25.0,0
4635,1226,2024-01-01,1956,18.0,0
4634,1226,2024-12-31,2289,17.0,0
4633,1226,2025-12-31,2678,17.0,0
4642,1228,2020-01-01,3813,8.0,0
4641,1228,2020-12-31,4080,7.0,0
4640,1228,2021-12-31,4488,10.0,0
4639,1228,2023-01-01,5161,15.0,0
4638,1228,2024-01-01,5935,15.0,0
4637,1228,2024-12-31,6648,12.0,0
4636,1228,2025-12-31,7379,11.0,1
4647,1231,2021-12-31,3529,20.0,0
4646,1231,2023-01-01,4199,19.0,0
4645,1231,2024-01-01,4661,11.0,0
4644,1231,2024-12-31,5407,16.0,0
4643,1231,2025-12-31,6272,16.0,1
4654,1233,2020-01-01,2021,19.0,0
4653,1233,2020-12-31,2425,20.0,0
4652,1233,2021-12-31,2910,20.0,0
4651,1233,2023-01-01,3404,17.0,0
4650,1233,2024-01-01,3915,15.0,1
4649,1233,2024-12-31,4424,13.0,1
4648,1233,2025-12-31,5220,18.0,1
4657,1234,2024-01-01,1954,18.0,0
4656,1234,2024-12-31,2286,17.0,1
4655,1234,2025-12-31,2743,20.0,1
4664,1235,2020-01-01,2583,8.0,0
4663,1235,2020-12-31,2790,8.0,0
4662,1235,2021-12-31,3125,12.0,0
4661,1235,2023-01-01,3500,12.0,0
4660,1235,2024-01-01,4059,16.0,0
4659,1235,2024-12-31,4384,8.0,0
4658,1235,2025-12-31,4998,14.0,0
4671,1237,2020-01-01,3137,17.0,0
4670,1237,2020-12-31,3859,23.0,0
4669,1237,2021-12-31,4747,23.0,0
4668,1237,2023-01-01,5933,25.0,0
4667,1237,2024-01-01,7120,20.0,1
4666,1237,2024-12-31,8473,19.0,1
4665,1237,2025-12-31,10252,21.0,1
4678,1238,2020-01-01,1399,16.0,0
4677,1238,2020-12-31,1567,12.0,0
4676,1238,2021-12-31,1755,12.0,0
4675,1238,2023-01-01,2053,17.0,0
4674,1238,2024-01-01,2279,11.0,0
4673,1238,2024-12-31,2461,8.0,1
4672,1238,2025-12-31,2781,13.0,1
4684,1239,2020-12-31,3927,16.0,0
4683,1239,2021-12-31,4516,15.0,0
4682,1239,2023-01-01,5013,11.0,0
4681,1239,2024-01-01,5414,8.0,1
4680,1239,2024-12-31,6118,13.0,1
4679,1239,2025-12-31,6852,12.0,1
4689,1240,2021-12-31,2759,17.0,0
4688,1240,2023-01-01,3255,18.0,0
4687,1240,2024-01-01,3809,17.0,0
4686,1240,2024-12-31,4342,14.0,0
4685,1240,2025-12-31,4950,14.0,0
4696,1241,2020-01-01,1152,20.0,0
4695,1241,2020-12-31,1429,24.0,0
4694,1241,2021-12-31,1743,22.0,0
4693,1241,2023-01-01,2074,19.0,0
4692,1241,2024-01-01,2385,15.0,0
4691,1241,2024-12-31,2958,24.0,1
4690,1241,2025-12-31,3579,21.0,1
4698,1242,2024-12-31,11274,15.0,0
4697,1242,2025-12-31,13191,17.0,0
4705,1243,2020-01-01,5606,14.0,0
4704,1243,2020-12-31,5999,7.0,0
4703,1243,2021-12-31,6718,12.0,0
4702,1243,2023-01-01,7726,15.0,0
4701,1243,2024-01-01,8499,10.0,0
4700,1243,2024-12-31,9349,10.0,1
4699,1243,2025-12-31,10377,11.0,1
4712,1244,2020-01-01,1104,10.0,0
4711,1244,2020-12-31,1214,10.0,0
4710,1244,2021-12-31,1348,11.0,0
4709,1244,2023-01-01,1550,15.0,0
4708,1244,2024-01-01,1705,10.0,1
4707,1244,2024-12-31,1961,15.0,1
4706,1244,2025-12-31,2235,14.0,2
4718,1245,2020-12-31,4877,13.0,0
4717,1245,2021-12-31,5559,14.0,0
4716,1245,2023-01-01,6504,17.0,0
4715,1245,2024-01-01,7805,20.0,0
4714,1245,2024-12-31,8976,15.0,1
4713,1245,2025-12-31,10502,17.0,1
4725,1246,2020-01-01,1057,12.0,0
4724,1246,2020-12-31,1184,12.0,0
4723,1246,2021-12-31,1362,15.0,0
4722,1246,2023-01-01,1498,10.0,0
4721,1246,2024-01-01,1618,8.0,0
4720,1246,2024-12-31,1780,10.0,1
4719,1246,2025-12-31,2011,13.0,1
4727,1248,2024-08-23,1487,25.0,0
4726,1248,2025-08-23,1859,25.0,0
4731,1249,2023-01-01,2630,11.0,1
4730,1249,2024-01-01,2919,11.0,2
4729,1249,2024-12-31,3270,12.0,2
4728,1249,2025-12-31,3760,15.0,3
4738,1250,2020-01-01,8253,18.0,0
4737,1250,2020-12-31,9243,12.0,0
4736,1250,2021-12-31,10815,17.0,0
4735,1250,2023-01-01,12329,14.0,0
4734,1250,2024-01-01,13561,10.0,0
4733,1250,2024-12-31,15596,15.0,0
4732,1250,2025-12-31,17779,14.0,0
4745,1251,2020-01-01,3760,15.0,0
4744,1251,2020-12-31,4211,12.0,0
4743,1251,2021-12-31,4548,8.0,0
4742,1251,2023-01-01,5231,15.0,0
4741,1251,2024-01-01,5649,8.0,0
4740,1251,2024-12-31,6101,8.0,0
4739,1251,2025-12-31,6833,12.0,0
4752,1252,2020-01-01,2619,20.0,0
4751,1252,2020-12-31,3222,23.0,0
4750,1252,2021-12-31,3705,15.0,0
4749,1252,2023-01-01,4187,13.0,0
4748,1252,2024-01-01,4731,13.0,0
4747,1252,2024-12-31,5724,21.0,0
4746,1252,2025-12-31,6812,19.0,0
4759,1254,2020-01-01,2055,12.0,0
4758,1254,2020-12-31,2384,16.0,0
4757,1254,2021-12-31,2765,16.0,0
4756,1254,2023-01-01,3318,20.0,0
4755,1254,2024-01-01,3982,20.0,0
4754,1254,2024-12-31,4420,11.0,0
4753,1254,2025-12-31,5171,17.0,0
4766,1255,2020-01-01,8687,13.0,0
4765,1255,2020-12-31,10164,17.0,0
4764,1255,2021-12-31,11689,15.0,0
4763,1255,2023-01-01,13208,13.0,1
4762,1255,2024-01-01,15057,14.0,1
4761,1255,2024-12-31,17316,15.0,1
4760,1255,2025-12-31,19740,14.0,1
4768,1256,2024-12-31,16558,11.0,1
4767,1256,2025-12-31,18711,13.0,1
4775,1257,2020-01-01,2052,6.0,0
4774,1257,2020-12-31,2380,16.0,0
4773,1257,2021-12-31,2570,8.0,0
4772,1257,2023-01-01,2802,9.0,0
4771,1257,2024-01-01,2970,6.0,0
4770,1257,2024-12-31,3296,11.0,0
4769,1257,2025-12-31,3692,12.0,0
4777,1258,2024-12-31,2305,14.0,0
4776,1258,2025-12-31,2559,11.0,0
4783,1259,2020-12-31,1593,6.0,2
4782,1259,2021-12-31,1689,6.0,3
4781,1259,2023-01-01,1857,10.0,3
4780,1259,2024-01-01,2025,9.0,3
4779,1259,2024-12-31,2268,12.0,3
4778,1259,2025-12-31,2517,11.0,3
4790,1260,2020-01-01,3996,14.0,1
4789,1260,2020-12-31,4236,6.0,1
4788,1260,2021-12-31,4490,6.0,1
4787,1260,2023-01-01,5163,15.0,1
4786,1260,2024-01-01,5576,8.0,1
4785,1260,2024-12-31,5967,7.0,1
4784,1260,2025-12-31,6623,11.0,2
4792,1263,2024-12-31,16308,14.0,0
4791,1263,2025-12-31,18265,12.0,0
4799,1264,2020-01-01,8036,16.0,1
4798,1264,2020-12-31,8840,10.0,2
4797,1264,2021-12-31,9724,10.0,2
4796,1264,2023-01-01,10891,12.0,2
4795,1264,2024-01-01,12742,17.0,2
4794,1264,2024-12-31,14144,11.0,2
4793,1264,2025-12-31,16124,14.0,2
4801,1265,2024-12-31,2209,14.0,0
4800,1265,2025-12-31,2585,17.0,0
4808,1267,2020-01-01,11712,5.0,0
4807,1267,2020-12-31,12297,5.0,0
4806,1267,2021-12-31,13035,6.0,0
4805,1267,2023-01-01,14469,11.0,0
4804,1267,2024-01-01,15193,5.0,0
4803,1267,2024-12-31,16408,8.0,0
4802,1267,2025-12-31,18213,11.0,1
4815,1268,2020-01-01,3562,10.0,0
4814,1268,2020-12-31,4061,14.0,0
4813,1268,2021-12-31,4630,14.0,0
4812,1268,2023-01-01,5370,16.0,0
4811,1268,2024-01-01,6337,18.0,0
4810,1268,2024-12-31,7351,16.0,1
4809,1268,2025-12-31,8380,14.0,2
4817,1269,2024-12-31,2673,14.0,0
4816,1269,2025-12-31,2994,12.0,0
4819,1270,2024-12-31,1002,17.0,1
4818,1270,2025-12-31,1223,22.0,1
4821,1273,2023-08-23,981,8.0,0
4820,1273,2024-08-22,1118,14.0,0
4828,1275,2020-01-01,949,24.0,0
4827,1275,2020-12-31,1138,20.0,0
4826,1275,2021-12-31,1366,20.0,0
4825,1275,2023-01-01,1694,24.0,0
4824,1275,2024-01-01,1948,15.0,0
4823,1275,2024-12-31,2396,23.0,0
4822,1275,2025-12-31,2875,20.0,0
4835,1277,2018-07-27,8982,12.0,0
4834,1277,2019-07-27,10598,18.0,0
4833,1277,2020-07-26,11658,10.0,0
4832,1277,2021-07-27,12824,10.0,0
4831,1277,2022-07-27,14619,14.0,0
4830,1277,2023-07-27,16228,11.0,0
4829,1277,2024-07-26,18824,16.0,0
4842,1278,2020-01-01,5577,14.0,0
4841,1278,2020-12-31,6581,18.0,0
4840,1278,2021-12-31,7699,17.0,0
4839,1278,2023-01-01,8854,15.0,0
4838,1278,2024-01-01,10448,18.0,1
4837,1278,2024-12-31,11806,13.0,1
4836,1278,2025-12-31,13577,15.0,1
4845,1279,2023-10-20,1870,23.0,0
4844,1279,2024-10-19,2188,17.0,0
4843,1279,2025-10-19,2625,20.0,0
4852,1280,2020-01-01,8573,15.0,0
4851,1280,2020-12-31,10030,17.0,0
4850,1280,2021-12-31,11735,17.0,0
4849,1280,2023-01-01,13143,12.0,0
4848,1280,2024-01-01,14983,14.0,0
4847,1280,2024-12-31,16482,10.0,1
4846,1280,2025-12-31,18789,14.0,1
4856,1281,2023-01-01,3572,14.0,0
4855,1281,2024-01-01,3787,6.0,0
4854,1281,2024-12-31,4052,7.0,0
4853,1281,2025-12-31,4538,12.0,0
4863,1282,2020-01-01,5332,20.0,0
4862,1282,2020-12-31,6666,25.0,0
4861,1282,2021-12-31,8399,26.0,0
4860,1282,2023-01-01,10498,25.0,0
4859,1282,2024-01-01,13228,26.0,1
4858,1282,2024-12-31,16006,21.0,1
4857,1282,2025-12-31,19847,24.0,1
4870,1283,2020-01-01,5686,11.0,0
4869,1283,2020-12-31,6595,16.0,0
4868,1283,2021-12-31,7453,13.0,0
4867,1283,2023-01-01,7974,7.0,0
4866,1283,2024-01-01,8532,7.0,0
4865,1283,2024-12-31,9386,10.0,0
4864,1283,2025-12-31,10512,12.0,0
4877,1285,2020-01-01,2277,15.0,0
4876,1285,2020-12-31,2436,7.0,0
4875,1285,2021-12-31,2655,9.0,0
4874,1285,2023-01-01,2974,12.0,1
4873,1285,2024-01-01,3450,16.0,2
4872,1285,2024-12-31,3933,14.0,2
4871,1285,2025-12-31,4444,13.0,2
4882,1286,2021-12-31,1645,11.0,0
4881,1286,2023-01-01,1727,5.0,0
4880,1286,2024-01-01,1831,6.0,0
4879,1286,2024-12-31,1941,6.0,0
4878,1286,2025-12-31,2154,11.0,0
4889,1288,2020-01-01,9663,12.0,1
4888,1288,2020-12-31,10436,8.0,1
4887,1288,2021-12-31,11271,8.0,1
4886,1288,2023-01-01,12962,15.0,1
4885,1288,2024-01-01,15165,17.0,1
4884,1288,2024-12-31,16833,11.0,2
4883,1288,2025-12-31,19190,14.0,2
4896,1289,2020-01-01,2635,11.0,0
4895,1289,2020-12-31,3003,14.0,0
4894,1289,2021-12-31,3244,8.0,0
4893,1289,2023-01-01,3600,11.0,1
4892,1289,2024-01-01,3852,7.0,1
4891,1289,2024-12-31,4045,5.0,1
4890,1289,2025-12-31,4490,11.0,2
4900,1291,2023-01-01,2348,16.0,0
4899,1291,2024-01-01,2606,11.0,0
4898,1291,2024-12-31,3075,18.0,0
4897,1291,2025-12-31,3506,14.0,0
4902,1292,2024-12-31,2045,12.0,0
4901,1292,2025-12-31,2372,16.0,0
4909,1293,2020-01-01,4166,13.0,0
4908,1293,2020-12-31,4832,16.0,0
4907,1293,2021-12-31,5509,14.0,0
4906,1293,2023-01-01,6445,17.0,0
4905,1293,2024-01-01,7606,18.0,0
4904,1293,2024-12-31,8975,18.0,0
4903,1293,2025-12-31,10231,14.0,0
4916,1294,2020-01-01,3060,14.0,0
4915,1294,2020-12-31,3427,12.0,0
4914,1294,2021-12-31,3770,10.0,0
4913,1294,2023-01-01,4072,8.0,0
4912,1294,2024-01-01,4642,14.0,0
4911,1294,2024-12-31,4874,5.0,0
4910,1294,2025-12-31,5410,11.0,0
4923,1295,2019-03-20,4429,11.0,0
4922,1295,2020-03-19,4651,5.0,0
4921,1295,2021-03-19,5209,12.0,0
4920,1295,2022-03-20,5730,10.0,0
4919,1295,2023-03-20,6417,12.0,0
4918,1295,2024-03-19,7187,12.0,1
4917,1295,2025-03-19,7978,11.0,1
4926,1296,2024-01-01,3257,11.0,0
4925,1296,2024-12-31,3453,6.0,1
4924,1296,2025-12-31,3867,12.0,1
4933,1297,2020-01-01,1452,13.0,0
4932,1297,2020-12-31,1568,8.0,0
4931,1297,2021-12-31,1772,13.0,0
4930,1297,2023-01-01,2002,13.0,0
4929,1297,2024-01-01,2223,11.0,0
4928,1297,2024-12-31,2489,12.0,0
4927,1297,2025-12-31,2838,14.0,0
4940,1298,2020-01-01,1981,17.0,0
4939,1298,2020-12-31,2297,16.0,0
4938,1298,2021-12-31,2573,12.0,0
4937,1298,2023-01-01,2882,12.0,0
4936,1298,2024-01-01,3372,17.0,0
4935,1298,2024-12-31,3979,18.0,0
4934,1298,2025-12-31,4695,18.0,0
4947,1299,2018-05-06,1509,11.0,0
4946,1299,2019-05-06,1750,16.0,0
4945,1299,2020-05-05,1960,12.0,0
4944,1299,2021-05-06,2274,16.0,0
4943,1299,2022-05-06,2615,15.0,1
4942,1299,2023-05-06,2955,13.0,2
4941,1299,2024-05-05,3339,13.0,2
4951,1301,2023-01-01,1549,9.0,0
4950,1301,2024-01-01,1735,12.0,0
4949,1301,2024-12-31,1874,8.0,0
4948,1301,2025-12-31,2080,11.0,0
4954,1303,2024-01-01,1480,22.0,0
4953,1303,2024-12-31,1776,20.0,0
4952,1303,2025-12-31,2096,18.0,0
4961,1304,2020-01-01,2909,12.0,0
4960,1304,2020-12-31,3433,18.0,0
4959,1304,2021-12-31,3913,14.0,0
4958,1304,2023-01-01,4344,11.0,1
4957,1304,2024-01-01,4908,13.0,1
4956,1304,2024-12-31,5399,10.0,2
4955,1304,2025-12-31,6209,15.0,2
4962,1306,2025-12-31,18061,22.0,0
4969,1307,2020-01-01,8312,16.0,1
4968,1307,2020-12-31,9143,10.0,1
4967,1307,2021-12-31,10606,16.0,1
4966,1307,2023-01-01,12303,16.0,1
4965,1307,2024-01-01,13410,9.0,2
4964,1307,2024-12-31,15153,13.0,2
4963,1307,2025-12-31,17123,13.0,2
4972,1308,2024-01-01,1858,16.0,2
4971,1308,2024-12-31,2118,14.0,2
4970,1308,2025-12-31,2372,12.0,2
4979,1309,2019-02-01,1765,20.0,0
4978,1309,2020-02-01,2118,20.0,0
4977,1309,2021-01-31,2563,21.0,0
4976,1309,2022-02-01,3076,20.0,0
4975,1309,2023-02-01,3598,17.0,0
4974,1309,2024-02-01,4138,15.0,1
4973,1309,2025-01-31,4883,18.0,1
4985,1310,2020-06-17,2319,15.0,0
4984,1310,2021-06-17,2551,10.0,0
4983,1310,2022-06-18,2806,10.0,0
4982,1310,2023-06-18,3031,8.0,0
4981,1310,2024-06-17,3455,14.0,0
4980,1310,2025-06-17,3904,13.0,0
4992,1311,2020-01-01,2408,12.0,0
4991,1311,2020-12-31,2697,12.0,0
4990,1311,2021-12-31,3021,12.0,0
4989,1311,2023-01-01,3383,12.0,0
4988,1311,2024-01-01,3756,11.0,0
4987,1311,2024-12-31,4131,10.0,1
4986,1311,2025-12-31,4627,12.0,1
4999,1312,2020-01-01,3502,11.0,0
4998,1312,2020-12-31,3852,10.0,0
4997,1312,2021-12-31,4353,13.0,0
4996,1312,2023-01-01,4919,13.0,0
4995,1312,2024-01-01,5706,16.0,0
4994,1312,2024-12-31,6334,11.0,0
4993,1312,2025-12-31,7094,12.0,0
5006,1314,2020-01-01,1852,7.0,0
5005,1314,2020-12-31,2112,14.0,0
5004,1314,2021-12-31,2386,13.0,0
5003,1314,2023-01-01,2720,14.0,0
5002,1314,2024-01-01,2883,6.0,0
5001,1314,2024-12-31,3056,6.0,0
5000,1314,2025-12-31,3423,12.0,0
5013,1315,2020-01-01,3476,12.0,0
5012,1315,2020-12-31,3893,12.0,1
5011,1315,2021-12-31,4321,11.0,1
5010,1315,2023-01-01,4970,15.0,1
5009,1315,2024-01-01,5417,9.0,2
5008,1315,2024-12-31,6013,11.0,3
5007,1315,2025-12-31,6674,11.0,3
5017,1317,2023-01-01,12461,6.0,0
5016,1317,2024-01-01,13458,8.0,0
5015,1317,2024-12-31,15207,13.0,0
5014,1317,2025-12-31,16880,11.0,0
5023,1318,2019-09-08,5502,9.0,0
5022,1318,2020-09-07,5997,9.0,0
5021,1318,2021-09-08,6657,11.0,0
5020,1318,2022-09-08,7122,7.0,0
5019,1318,2023-09-08,8120,14.0,0
5018,1318,2024-09-07,9094,12.0,0
5030,1319,2018-07-29,3241,23.0,0
5029,1319,2019-07-29,3889,20.0,0
5028,1319,2020-07-28,4473,15.0,0
5027,1319,2021-07-29,5367,20.0,0
5026,1319,2022-07-29,6226,16.0,0
5025,1319,2023-07-29,7097,14.0,0
5024,1319,2024-07-28,8446,19.0,0
5037,1321,2020-01-01,3863,23.0,0
5036,1321,2020-12-31,4597,19.0,0
5035,1321,2021-12-31,5470,19.0,0
5034,1321,2023-01-01,6619,21.0,0
5033,1321,2024-01-01,8141,23.0,1
5032,1321,2024-12-31,9688,19.0,2
5031,1321,2025-12-31,11916,23.0,2
5044,1322,2020-01-01,2707,12.0,0
5043,1322,2020-12-31,3031,12.0,0
5042,1322,2021-12-31,3335,10.0,0
5041,1322,2023-01-01,3568,7.0,0
5040,1322,2024-01-01,3782,6.0,0
5039,1322,2024-12-31,4085,8.0,0
5038,1322,2025-12-31,4534,11.0,0
5051,1324,2020-01-01,3331,16.0,0
5050,1324,2020-12-31,3831,15.0,0
5049,1324,2021-12-31,4673,22.0,0
5048,1324,2023-01-01,5655,21.0,0
5047,1324,2024-01-01,6842,21.0,0
5046,1324,2024-12-31,8279,21.0,1
5045,1324,2025-12-31,9852,19.0,1
5058,1329,2020-01-01,3416,15.0,0
5057,1329,2020-12-31,3723,9.0,0
5056,1329,2021-12-31,4281,15.0,0
5055,1329,2023-01-01,4624,8.0,0
5054,1329,2024-01-01,5040,9.0,0
5053,1329,2024-12-31,5443,8.0,0
5052,1329,2025-12-31,6151,13.0,0
5062,1331,2021-03-04,1684,12.0,0
5061,1331,2022-03-04,1819,8.0,0
5060,1331,2023-03-04,2074,14.0,0
5059,1331,2024-03-03,2302,11.0,0
5066,1333,2022-07-21,1791,9.0,0
5065,1333,2023-07-21,1935,8.0,0
5064,1333,2024-07-20,2109,9.0,0
5063,1333,2025-07-20,2362,12.0,0
5073,1334,2020-01-01,8981,15.0,0
5072,1334,2020-12-31,9969,11.0,0
5071,1334,2021-12-31,11564,16.0,0
5070,1334,2023-01-01,12489,8.0,0
5069,1334,2024-01-01,13988,12.0,0
5068,1334,2024-12-31,15806,13.0,0
5067,1334,2025-12-31,17861,13.0,0
5080,1336,2020-01-01,8912,11.0,0
5079,1336,2020-12-31,10516,18.0,0
5078,1336,2021-12-31,11463,9.0,0
5077,1336,2023-01-01,12838,12.0,0
5076,1336,2024-01-01,14764,15.0,1
5075,1336,2024-12-31,16831,14.0,1
5074,1336,2025-12-31,19187,14.0,1
5087,1338,2020-01-01,9489,11.0,0
5086,1338,2020-12-31,10533,11.0,0
5085,1338,2021-12-31,12113,15.0,0
5084,1338,2023-01-01,14172,17.0,0
5083,1338,2024-01-01,15306,8.0,0
5082,1338,2024-12-31,17296,13.0,0
5081,1338,2025-12-31,19717,14.0,0
5092,1340,2021-12-31,1992,13.0,1
5091,1340,2023-01-01,2310,16.0,1
5090,1340,2024-01-01,2634,14.0,1
5089,1340,2024-12-31,3055,16.0,1
5088,1340,2025-12-31,3544,16.0,1
5099,1344,2020-01-01,4848,6.0,0
5098,1344,2020-12-31,5381,11.0,0
5097,1344,2021-12-31,6080,13.0,0
5096,1344,2023-01-01,6506,7.0,0
5095,1344,2024-01-01,7157,10.0,0
5094,1344,2024-12-31,7658,7.0,1
5093,1344,2025-12-31,8500,11.0,1
5106,1346,2020-01-01,2224,10.0,0
5105,1346,2020-12-31,2513,13.0,0
5104,1346,2021-12-31,2689,7.0,0
5103,1346,2023-01-01,3119,16.0,0
5102,1346,2024-01-01,3556,14.0,0
5101,1346,2024-12-31,4125,16.0,0
5100,1346,2025-12-31,4661,13.0,0
5113,1349,2020-01-01,1729,18.0,0
5112,1349,2020-12-31,1988,15.0,0
5111,1349,2021-12-31,2287,15.0,0
5110,1349,2023-01-01,2652,16.0,0
5109,1349,2024-01-01,3103,17.0,0
5108,1349,2024-12-31,3507,13.0,0
5107,1349,2025-12-31,4103,17.0,1
5120,1350,2020-01-01,2518,14.0,0
5119,1350,2020-12-31,2644,5.0,0
5118,1350,2021-12-31,2777,5.0,0
5117,1350,2023-01-01,3193,15.0,0
5116,1350,2024-01-01,3449,8.0,0
5115,1350,2024-12-31,3828,11.0,0
5114,1350,2025-12-31,4249,11.0,0
5127,1352,2020-01-01,8219,14.0,0
5126,1352,2020-12-31,8958,9.0,0
5125,1352,2021-12-31,9944,11.0,0
5124,1352,2023-01-01,10739,8.0,0
5123,1352,2024-01-01,11384,6.0,0
5122,1352,2024-12-31,12636,11.0,1
5121,1352,2025-12-31,14026,11.0,1
5134,1355,2020-01-01,2760,9.0,0
5133,1355,2020-12-31,3284,19.0,0
5132,1355,2021-12-31,3810,16.0,0
5131,1355,2023-01-01,4534,19.0,0
5130,1355,2024-01-01,5304,17.0,0
5129,1355,2024-12-31,5994,13.0,1
5128,1355,2025-12-31,6893,15.0,1
5141,1356,2020-01-01,3051,9.0,0
5140,1356,2020-12-31,3509,15.0,0
5139,1356,2021-12-31,3930,12.0,0
5138,1356,2023-01-01,4323,10.0,0
5137,1356,2024-01-01,4972,15.0,0
5136,1356,2024-12-31,5469,10.0,0
5135,1356,2025-12-31,6125,12.0,0
5145,1358,2023-01-01,2733,9.0,1
5144,1358,2024-01-01,3061,12.0,2
5143,1358,2024-12-31,3305,8.0,2
5142,1358,2025-12-31,3669,11.0,3
5152,1360,2018-12-27,4815,14.0,0
5151,1360,2019-12-27,5296,10.0,0
5150,1360,2020-12-26,6091,15.0,0
5149,1360,2021-12-27,6639,9.0,0
5148,1360,2022-12-27,7701,16.0,0
5147,1360,2023-12-27,8779,14.0,0
5146,1360,2024-12-26,10008,14.0,0
5157,1361,2021-12-31,1133,21.0,0
5156,1361,2023-01-01,1348,19.0,0
5155,1361,2024-01-01,1604,19.0,1
5154,1361,2024-12-31,1957,22.0,1
5153,1361,2025-12-31,2387,22.0,1
5164,1362,2020-01-01,1810,17.0,0
5163,1362,2020-12-31,2154,19.0,0
5162,1362,2021-12-31,2435,13.0,0
5161,1362,2023-01-01,2848,17.0,0
5160,1362,2024-01-01,3418,20.0,0
5159,1362,2024-12-31,3999,17.0,0
5158,1362,2025-12-31,4639,16.0,1
5171,1363,2020-01-01,4009,8.0,0
5170,1363,2020-12-31,4610,15.0,0
5169,1363,2021-12-31,5209,13.0,0
5168,1363,2023-01-01,5574,7.0,0
5167,1363,2024-01-01,6187,11.0,0
5166,1363,2024-12-31,7115,15.0,0
5165,1363,2025-12-31,7898,11.0,0
5173,1364,2024-12-31,2223,14.0,1
5172,1364,2025-12-31,2534,14.0,1
5179,1367,2020-12-31,6216,15.0,0
5178,1367,2021-12-31,7335,18.0,0
5177,1367,2023-01-01,8655,18.0,0
5176,1367,2024-01-01,9520,10.0,0
5175,1367,2024-12-31,11329,19.0,0
5174,1367,2025-12-31,13142,16.0,0
5180,1368,2025-12-31,1611,15.0,0
5187,1369,2020-01-01,3088,12.0,0
5186,1369,2020-12-31,3458,12.0,0
5185,1369,2021-12-31,3700,7.0,0
5184,1369,2023-01-01,4144,12.0,0
5183,1369,2024-01-01,4393,6.0,1
5182,1369,2024-12-31,4788,9.0,1
5181,1369,2025-12-31,5363,12.0,1
5194,1371,2020-01-01,1787,24.0,0
5193,1371,2020-12-31,2181,22.0,0
5192,1371,2021-12-31,2551,17.0,0
5191,1371,2023-01-01,3087,21.0,0
5190,1371,2024-01-01,3643,18.0,0
5189,1371,2024-12-31,4226,16.0,0
5188,1371,2025-12-31,5071,20.0,0
5201,1372,2019-12-23,5532,21.0,0
5200,1372,2020-12-22,6307,14.0,0
5199,1372,2021-12-22,7379,17.0,0
5198,1372,2022-12-23,8412,14.0,0
5197,1372,2023-12-23,10178,21.0,0
5196,1372,2024-12-22,11705,15.0,0
5195,1372,2025-12-22,13695,17.0,0
5208,1373,2020-01-01,7452,12.0,0
5207,1373,2020-12-31,8346,12.0,0
5206,1373,2021-12-31,8847,6.0,0
5205,1373,2023-01-01,9378,6.0,0
5204,1373,2024-01-01,10316,10.0,0
5203,1373,2024-12-31,11966,16.0,0
5202,1373,2025-12-31,13402,12.0,1
5214,1374,2020-12-31,927,17.0,1
5213,1374,2021-12-31,1084,17.0,2
5212,1374,2023-01-01,1236,14.0,2
5211,1374,2024-01-01,1483,20.0,2
5210,1374,2024-12-31,1691,14.0,2
5209,1374,2025-12-31,2029,20.0,3
5221,1375,2020-01-01,2251,17.0,0
5220,1375,2020-12-31,2656,18.0,0
5219,1375,2021-12-31,3081,16.0,1
5218,1375,2023-01-01,3513,14.0,2
5217,1375,2024-01-01,4286,22.0,3
5216,1375,2024-12-31,5314,24.0,3
5215,1375,2025-12-31,6377,20.0,3
5228,1377,2020-01-01,2835,13.0,0
5227,1377,2020-12-31,3090,9.0,0
5226,1377,2021-12-31,3553,15.0,0
5225,1377,2023-01-01,4158,17.0,0
5224,1377,2024-01-01,4449,7.0,0
5223,1377,2024-12-31,4804,8.0,1
5222,1377,2025-12-31,5429,13.0,2
5230,1379,2024-11-14,2443,18.0,0
5229,1379,2025-11-14,2785,14.0,0
5235,1380,2021-04-14,2263,14.0,0
5234,1380,2022-04-15,2761,22.0,0
5233,1380,2023-04-15,3258,18.0,0
5232,1380,2024-04-14,3910,20.0,1
5231,1380,2025-04-14,4614,18.0,1
5240,1382,2021-12-31,1631,14.0,1
5239,1382,2023-01-01,1875,15.0,1
5238,1382,2024-01-01,2138,14.0,2
5237,1382,2024-12-31,2351,10.0,2
5236,1382,2025-12-31,2610,11.0,3
5247,1383,2020-01-01,3645,8.0,0
5246,1383,2020-12-31,3936,8.0,0
5245,1383,2021-12-31,4251,8.0,0
5244,1383,2023-01-01,4677,10.0,0
5243,1383,2024-01-01,5284,13.0,0
5242,1383,2024-12-31,6024,14.0,0
5241,1383,2025-12-31,6687,11.0,0
5253,1387,2020-12-31,2886,10.0,0
5252,1387,2021-12-31,3203,11.0,0
5251,1387,2023-01-01,3555,11.0,1
5250,1387,2024-01-01,3733,5.0,1
5249,1387,2024-12-31,4256,14.0,1
5248,1387,2025-12-31,4724,11.0,1
5260,1389,2019-09-04,3192,16.0,0
5259,1389,2020-09-03,3543,11.0,0
5258,1389,2021-09-03,4074,15.0,0
5257,1389,2022-09-04,4441,9.0,0
5256,1389,2023-09-04,4841,9.0,0
5255,1389,2024-09-03,5373,11.0,1
5254,1389,2025-09-03,6179,15.0,2
5266,1390,2020-12-31,3671,16.0,0
5265,1390,2021-12-31,4185,14.0,0
5264,1390,2023-01-01,4519,8.0,0
5263,1390,2024-01-01,4836,7.0,1
5262,1390,2024-12-31,5464,13.0,1
5261,1390,2025-12-31,6120,12.0,2
5271,1391,2021-12-31,7441,15.0,0
5270,1391,2023-01-01,8185,10.0,0
5269,1391,2024-01-01,8921,9.0,0
5268,1391,2024-12-31,9546,7.0,0
5267,1391,2025-12-31,10596,11.0,0
5278,1392,2020-01-01,2902,18.0,0
5277,1392,2020-12-31,3134,8.0,1
5276,1392,2021-12-31,3604,15.0,1
5275,1392,2023-01-01,3965,10.0,1
5274,1392,2024-01-01,4282,8.0,1
5273,1392,2024-12-31,4796,12.0,1
5272,1392,2025-12-31,5467,14.0,2
5285,1394,2020-01-01,1343,15.0,0
5284,1394,2020-12-31,1557,16.0,0
5283,1394,2021-12-31,1713,10.0,0
5282,1394,2023-01-01,1953,14.0,0
5281,1394,2024-01-01,2265,16.0,0
5280,1394,2024-12-31,2605,15.0,0
5279,1394,2025-12-31,2996,15.0,0
5291,1395,2020-12-31,5675,9.0,0
5290,1395,2021-12-31,6299,11.0,0
5289,1395,2023-01-01,7118,13.0,0
5288,1395,2024-01-01,8043,13.0,0
5287,1395,2024-12-31,8848,10.0,0
5286,1395,2025-12-31,9998,13.0,0
5295,1396,2023-01-01,2705,14.0,2
5294,1396,2024-01-01,3138,16.0,2
5293,1396,2024-12-31,3609,15.0,2
5292,1396,2025-12-31,4078,13.0,3
5302,1397,2020-01-01,3693,22.0,0
5301,1397,2020-12-31,4469,21.0,0
5300,1397,2021-12-31,5139,15.0,0
5299,1397,2023-01-01,6064,18.0,0
5298,1397,2024-01-01,7337,21.0,0
5297,1397,2024-12-31,9025,23.0,0
5296,1397,2025-12-31,10920,21.0,1
5306,1399,2023-01-01,4951,10.0,0
5305,1399,2024-01-01,5199,5.0,0
5304,1399,2024-12-31,5614,8.0,0
5303,1399,2025-12-31,6232,11.0,0
5312,1401,2020-12-31,7454,9.0,0
5311,1401,2021-12-31,8200,10.0,0
5310,1401,2023-01-01,9430,15.0,0
5309,1401,2024-01-01,10561,12.0,0
5308,1401,2024-12-31,11934,13.0,0
5307,1401,2025-12-31,13247,11.0,1
5319,1402,2020-01-01,2019,9.0,0
5318,1402,2020-12-31,2322,15.0,0
5317,1402,2021-12-31,2554,10.0,0
5316,1402,2023-01-01,2758,8.0,0
5315,1402,2024-01-01,3254,18.0,0
5314,1402,2024-12-31,3580,10.0,0
5313,1402,2025-12-31,4081,14.0,0
5326,1403,2020-01-01,2931,6.0,0
5325,1403,2020-12-31,3107,6.0,0
5324,1403,2021-12-31,3573,15.0,0
5323,1403,2023-01-01,4109,15.0,0
5322,1403,2024-01-01,4519,10.0,0
5321,1403,2024-12-31,5197,15.0,0
5320,1403,2025-12-31,5769,11.0,0
5333,1405,2019-04-12,1194,10.0,0
5332,1405,2020-04-11,1361,14.0,0
5331,1405,2021-04-11,1457,7.0,0
5330,1405,2022-04-12,1602,10.0,0
5329,1405,2023-04-12,1811,13.0,0
5328,1405,2024-04-11,2119,17.0,0
5327,1405,2025-04-11,2394,13.0,0
5338,1407,2021-12-31,2696,15.0,0
5337,1407,2023-01-01,3073,14.0,0
5336,1407,2024-01-01,3288,7.0,0
5335,1407,2024-12-31,3486,6.0,0
5334,1407,2025-12-31,3904,12.0,0
5345,1408,2020-01-01,8690,17.0,0
5344,1408,2020-12-31,10167,17.0,0
5343,1408,2021-12-31,10981,8.0,0
5342,1408,2023-01-01,12518,14.0,0
5341,1408,2024-01-01,13519,8.0,0
5340,1408,2024-12-31,14736,9.0,1
5339,1408,2025-12-31,16799,14.0,1
5351,1409,2020-12-31,1737,15.0,0
5350,1409,2021-12-31,1893,9.0,0
5349,1409,2023-01-01,2120,12.0,0
5348,1409,2024-01-01,2290,8.0,0
5347,1409,2024-12-31,2611,14.0,0
5346,1409,2025-12-31,2950,13.0,0
5355,1411,2023-01-01,2367,17.0,0
5354,1411,2024-01-01,2674,13.0,0
5353,1411,2024-12-31,3075,15.0,0
5352,1411,2025-12-31,3629,18.0,0
5358,1412,2024-01-01,7667,15.0,0
5357,1412,2024-12-31,8434,10.0,0
5356,1412,2025-12-31,9362,11.0,0
5362,1415,2023-01-01,2364,6.0,0
5361,1415,2024-01-01,2530,7.0,0
5360,1415,2024-12-31,2909,15.0,0
5359,1415,2025-12-31,3229,11.0,1
5369,1417,2020-01-01,1817,13.0,0
5368,1417,2020-12-31,2090,15.0,0
5367,1417,2021-12-31,2382,14.0,0
5366,1417,2023-01-01,2740,15.0,0
5365,1417,2024-01-01,2904,6.0,0
5364,1417,2024-12-31,3195,10.0,0
5363,1417,2025-12-31,3578,12.0,0
5376,1419,2020-01-01,4167,13.0,0
5375,1419,2020-12-31,4459,7.0,0
5374,1419,2021-12-31,4860,9.0,0
5373,1419,2023-01-01,5686,17.0,0
5372,1419,2024-01-01,6368,12.0,0
5371,1419,2024-12-31,7069,11.0,0
5370,1419,2025-12-31,7988,13.0,0
5381,1420,2020-10-23,2212,18.0,0
5380,1420,2021-10-24,2610,18.0,0
5379,1420,2022-10-24,2975,14.0,0
5378,1420,2023-10-24,3570,20.0,0
5377,1420,2024-10-23,4284,20.0,0
5388,1421,2019-07-26,3972,7.0,0
5387,1421,2020-07-25,4408,11.0,0
5386,1421,2021-07-25,4937,12.0,0
5385,1421,2022-07-26,5283,7.0,0
5384,1421,2023-07-26,5864,11.0,0
5383,1421,2024-07-25,6744,15.0,0
5382,1421,2025-07-25,7553,12.0,0
5395,1422,2020-01-01,6213,23.0,0
5394,1422,2020-12-31,7456,20.0,0
5393,1422,2021-12-31,8798,18.0,0
5392,1422,2023-01-01,10821,23.0,0
5391,1422,2024-01-01,12553,16.0,0
5390,1422,2024-12-31,14561,16.0,0
5389,1422,2025-12-31,17328,19.0,0
5402,1423,2020-01-01,6657,20.0,0
5401,1423,2020-12-31,8122,22.0,0
5400,1423,2021-12-31,9665,19.0,0
5399,1423,2023-01-01,11501,19.0,0
5398,1423,2024-01-01,13456,17.0,1
5397,1423,2024-12-31,16282,21.0,1
5396,1423,2025-12-31,19701,21.0,1
5409,1424,2020-01-01,7093,8.0,1
5408,1424,2020-12-31,7661,8.0,1
5407,1424,2021-12-31,8963,17.0,1
5406,1424,2023-01-01,9949,11.0,1
5405,1424,2024-01-01,11640,17.0,1
5404,1424,2024-12-31,13037,12.0,1
5403,1424,2025-12-31,14732,13.0,2
5415,1425,2020-12-31,4663,15.0,0
5414,1425,2021-12-31,5549,19.0,0
5413,1425,2023-01-01,6104,10.0,0
5412,1425,2024-01-01,7141,17.0,0
5411,1425,2024-12-31,7998,12.0,0
5410,1425,2025-12-31,9278,16.0,0
5417,1427,2024-04-08,1213,15.0,0
5416,1427,2025-04-08,1359,12.0,0
5421,1428,2023-01-01,3036,9.0,0
5420,1428,2024-01-01,3553,17.0,1
5419,1428,2024-12-31,4192,18.0,2
5418,1428,2025-12-31,4779,14.0,2
5425,1430,2023-01-01,12341,15.0,0
5424,1430,2024-01-01,13699,11.0,0
5423,1430,2024-12-31,14795,8.0,0
5422,1430,2025-12-31,16422,11.0,0
5430,1431,2021-12-31,1775,15.0,0
5429,1431,2023-01-01,2059,16.0,0
5428,1431,2024-01-01,2285,11.0,1
5427,1431,2024-12-31,2628,15.0,2
5426,1431,2025-12-31,2996,14.0,2
5432,1433,2024-11-25,1126,9.0,0
5431,1433,2025-11-25,1261,12.0,0
5438,1434,2020-12-31,1121,15.0,0
5437,1434,2021-12-31,1290,15.0,0
5436,1434,2023-01-01,1522,18.0,0
5435,1434,2024-01-01,1674,10.0,0
5434,1434,2024-12-31,1841,10.0,0
5433,1434,2025-12-31,2099,14.0,0
5445,1435,2020-01-01,2676,17.0,0
5444,1435,2020-12-31,2971,11.0,0
5443,1435,2021-12-31,3416,15.0,0
5442,1435,2023-01-01,4065,19.0,0
5441,1435,2024-01-01,4472,10.0,0
5440,1435,2024-12-31,5009,12.0,0
5439,1435,2025-12-31,5810,16.0,0
5449,1436,2023-01-01,4093,17.0,0
5448,1436,2024-01-01,4502,10.0,0
5447,1436,2024-12-31,4997,11.0,1
5446,1436,2025-12-31,5647,13.0,2
5456,1438,2020-01-01,1545,10.0,0
5455,1438,2020-12-31,1793,16.0,0
5454,1438,2021-12-31,2062,15.0,0
5453,1438,2023-01-01,2330,13.0,0
5452,1438,2024-01-01,2702,16.0,0
5451,1438,2024-12-31,3054,13.0,0
5450,1438,2025-12-31,3420,12.0,1
5460,1439,2022-01-23,3308,13.0,0
5459,1439,2023-01-23,3539,7.0,0
5458,1439,2024-01-23,3929,11.0,0
5457,1439,2025-01-22,4400,12.0,0
5467,1440,2020-01-01,1584,15.0,0
5466,1440,2020-12-31,1790,13.0,0
5465,1440,2021-12-31,1934,8.0,0
5464,1440,2023-01-01,2243,16.0,0
5463,1440,2024-01-01,2647,18.0,0
5462,1440,2024-12-31,3070,16.0,0
5461,1440,2025-12-31,3500,14.0,0
5471,1441,2023-01-01,1248,16.0,0
5470,1441,2024-01-01,1460,17.0,0
5469,1441,2024-12-31,1693,16.0,1
5468,1441,2025-12-31,2066,22.0,1
5478,1443,2020-01-01,5618,16.0,2
5477,1443,2020-12-31,6797,21.0,2
5476,1443,2021-12-31,8293,22.0,2
5475,1443,2023-01-01,10200,23.0,2
5474,1443,2024-01-01,12546,23.0,2
5473,1443,2024-12-31,14428,15.0,2
5472,1443,2025-12-31,17169,19.0,2
5484,1445,2020-12-31,2585,10.0,0
5483,1445,2021-12-31,2870,11.0,0
5482,1445,2023-01-01,3128,9.0,1
5481,1445,2024-01-01,3378,8.0,2
5480,1445,2024-12-31,3716,10.0,2
5479,1445,2025-12-31,4162,12.0,2
5489,1446,2021-12-31,5800,8.0,1
5488,1446,2023-01-01,6496,12.0,1
5487,1446,2024-01-01,7471,15.0,1
5486,1446,2024-12-31,8218,10.0,1
5485,1446,2025-12-31,9204,12.0,1
5495,1447,2020-12-31,1653,11.0,0
5494,1447,2021-12-31,1835,11.0,0
5493,1447,2023-01-01,2129,16.0,0
5492,1447,2024-01-01,2448,15.0,0
5491,1447,2024-12-31,2815,15.0,1
5490,1447,2025-12-31,3294,17.0,1
5500,1448,2021-12-31,1442,12.0,0
5499,1448,2023-01-01,1643,14.0,0
5498,1448,2024-01-01,1775,8.0,0
5497,1448,2024-12-31,1899,7.0,0
5496,1448,2025-12-31,2127,12.0,0
5507,1449,2020-01-01,2226,9.0,0
5506,1449,2020-12-31,2515,13.0,1
5505,1449,2021-12-31,2792,11.0,2
5504,1449,2023-01-01,3015,8.0,2
5503,1449,2024-01-01,3347,11.0,2
5502,1449,2024-12-31,3581,7.0,2
5501,1449,2025-12-31,3975,11.0,2
5514,1453,2020-01-01,4078,19.0,0
5513,1453,2020-12-31,4567,12.0,0
5512,1453,2021-12-31,5572,22.0,0
5511,1453,2023-01-01,6408,15.0,0
5510,1453,2024-01-01,7497,17.0,1
5509,1453,2024-12-31,9147,22.0,1
5508,1453,2025-12-31,10793,18.0,1
5521,1457,2018-11-07,5403,7.0,0
5520,1457,2019-11-07,5890,9.0,0
5519,1457,2020-11-06,6596,12.0,0
5518,1457,2021-11-07,7256,10.0,0
5517,1457,2022-11-07,8344,15.0,0
5516,1457,2023-11-07,9095,9.0,0
5515,1457,2024-11-06,10096,11.0,1
5523,1458,2024-05-07,2964,18.0,0
5522,1458,2025-05-07,3646,23.0,0
5530,1459,2018-07-23,3808,6.0,0
5529,1459,2019-07-23,4303,13.0,0
5528,1459,2020-07-22,4691,9.0,0
5527,1459,2021-07-23,5253,12.0,0
5526,1459,2022-07-23,5936,13.0,0
5525,1459,2023-07-23,6708,13.0,0
5524,1459,2024-07-22,7446,11.0,0
5537,1460,2020-01-01,4167,20.0,0
5536,1460,2020-12-31,5084,22.0,0
5535,1460,2021-12-31,5948,17.0,0
5534,1460,2023-01-01,6900,16.0,0
5533,1460,2024-01-01,8211,19.0,1
5532,1460,2024-12-31,9196,12.0,1
5531,1460,2025-12-31,10851,18.0,1
5541,1461,2023-01-01,1242,15.0,0
5540,1461,2024-01-01,1465,18.0,0
5539,1461,2024-12-31,1787,22.0,0
5538,1461,2025-12-31,2109,18.0,0
5544,1464,2023-03-24,3078,13.0,0
5543,1464,2024-03-23,3294,7.0,0
5542,1464,2025-03-23,3722,13.0,1
5548,1465,2023-01-01,5711,14.0,2
5547,1465,2024-01-01,6624,16.0,2
5546,1465,2024-12-31,7949,20.0,2
5545,1465,2025-12-31,9380,18.0,2
5551,1466,2024-01-01,4663,6.0,2
5550,1466,2024-12-31,4942,6.0,2
5549,1466,2025-12-31,5486,11.0,3
5554,1467,2023-01-22,2148,17.0,0
5553,1467,2024-01-22,2384,11.0,0
5552,1467,2025-01-21,2742,15.0,0
5561,1468,2020-01-01,8220,15.0,0
5560,1468,2020-12-31,8877,8.0,0
5559,1468,2021-12-31,9942,12.0,0
5558,1468,2023-01-01,10439,5.0,0
5557,1468,2024-01-01,11066,6.0,0
5556,1468,2024-12-31,12394,12.0,0
5555,1468,2025-12-31,13757,11.0,1
5567,1469,2020-12-31,3867,21.0,0
5566,1469,2021-12-31,4369,13.0,0
5565,1469,2023-01-01,5112,17.0,0
5564,1469,2024-01-01,5879,15.0,0
5563,1469,2024-12-31,7172,22.0,0
5562,1469,2025-12-31,8463,18.0,0
5573,1471,2020-12-31,1586,13.0,0
5572,1471,2021-12-31,1856,17.0,0
5571,1471,2023-01-01,2153,16.0,0
5570,1471,2024-01-01,2433,13.0,0
5569,1471,2024-12-31,2774,14.0,0
5568,1471,2025-12-31,3162,14.0,0
5580,1472,2020-01-01,7569,16.0,0
5579,1472,2020-12-31,8402,11.0,0
5578,1472,2021-12-31,9746,16.0,0
5577,1472,2023-01-01,11013,13.0,0
5576,1472,2024-01-01,12776,16.0,0
5575,1472,2024-12-31,14820,16.0,0
5574,1472,2025-12-31,16598,12.0,0
5584,1473,2023-01-01,4569,11.0,0
5583,1473,2024-01-01,5118,12.0,0
5582,1473,2024-12-31,5834,14.0,0
5581,1473,2025-12-31,6651,14.0,1
5588,1474,2023-01-01,1641,13.0,1
5587,1474,2024-01-01,1789,9.0,1
5586,1474,2024-12-31,2057,15.0,1
5585,1474,2025-12-31,2345,14.0,1
5594,1475,2020-12-31,1994,11.0,0
5593,1475,2021-12-31,2233,12.0,0
5592,1475,2023-01-01,2501,12.0,0
5591,1475,2024-01-01,2777,11.0,0
5590,1475,2024-12-31,3027,9.0,0
5589,1475,2025-12-31,3420,13.0,0
5599,1477,2021-12-31,2592,18.0,0
5598,1477,2023-01-01,2851,10.0,1
5597,1477,2024-01-01,3336,17.0,1
5596,1477,2024-12-31,3836,15.0,2
5595,1477,2025-12-31,4373,14.0,2
5606,1478,2020-01-01,1734,17.0,0
5605,1478,2020-12-31,2012,16.0,0
5604,1478,2021-12-31,2414,20.0,0
5603,1478,2023-01-01,2921,21.0,0
5602,1478,2024-01-01,3447,18.0,0
5601,1478,2024-12-31,4033,17.0,0
5600,1478,2025-12-31,4759,18.0,0
5609,1479,2024-01-01,4153,19.0,2
5608,1479,2024-12-31,4610,11.0,2
5607,1479,2025-12-31,5301,15.0,2
5616,1480,2020-01-01,1899,7.0,0
5615,1480,2020-12-31,2108,11.0,0
5614,1480,2021-12-31,2298,9.0,0
5613,1480,2023-01-01,2688,17.0,0
5612,1480,2024-01-01,2876,7.0,0
5611,1480,2024-12-31,3250,13.0,0
5610,1480,2025-12-31,3673,13.0,0
5618,1481,2024-12-31,4257,12.0,0
5617,1481,2025-12-31,4768,12.0,1
5620,1482,2024-12-31,1127,11.0,1
5619,1482,2025-12-31,1274,13.0,2
5627,1483,2020-01-01,1361,27.0,0
5626,1483,2020-12-31,1633,20.0,0
5625,1483,2021-12-31,1976,21.0,0
5624,1483,2023-01-01,2509,27.0,0
5623,1483,2024-01-01,3112,24.0,0
5622,1483,2024-12-31,3952,27.0,0
5621,1483,2025-12-31,4900,24.0,1
5634,1484,2020-01-01,4990,12.0,0
5633,1484,2020-12-31,5489,10.0,1
5632,1484,2021-12-31,6257,14.0,1
5631,1484,2023-01-01,7321,17.0,1
5630,1484,2024-01-01,8053,10.0,1
5629,1484,2024-12-31,9181,14.0,1
5628,1484,2025-12-31,10466,14.0,2
5641,1485,2020-01-01,7774,10.0,0
5640,1485,2020-12-31,9096,17.0,0
5639,1485,2021-12-31,10005,10.0,0
5638,1485,2023-01-01,11806,18.0,0
5637,1485,2024-01-01,13813,17.0,0
5636,1485,2024-12-31,14918,8.0,1
5635,1485,2025-12-31,17007,14.0,2
5645,1486,2022-09-18,1786,19.0,0
5644,1486,2023-09-18,2126,19.0,1
5643,1486,2024-09-17,2530,19.0,1
5642,1486,2025-09-17,2909,15.0,1
5651,1487,2020-09-20,3454,5.0,0
5650,1487,2021-09-20,3800,10.0,0
5649,1487,2022-09-21,4142,9.0,0
5648,1487,2023-09-21,4722,14.0,0
5647,1487,2024-09-20,5194,10.0,0
5646,1487,2025-09-20,5765,11.0,0
5658,1489,2018-09-28,1432,25.0,0
5657,1489,2019-09-28,1676,17.0,0
5656,1489,2020-09-27,2128,27.0,0
5655,1489,2021-09-28,2554,20.0,0
5654,1489,2022-09-28,3065,20.0,0
5653,1489,2023-09-28,3739,22.0,0
5652,1489,2024-09-27,4599,23.0,0
5660,1492,2024-12-31,2127,15.0,0
5659,1492,2025-12-31,2404,13.0,1
5661,1494,2024-11-05,3172,11.0,0
5663,1495,2024-12-31,1799,16.0,1
5662,1495,2025-12-31,2033,13.0,1
5666,1496,2024-01-01,7270,12.0,0
5665,1496,2024-12-31,8652,19.0,0
5664,1496,2025-12-31,10209,18.0,0
5673,1497,2020-01-01,3902,16.0,0
5672,1497,2020-12-31,4604,18.0,0
5671,1497,2021-12-31,5157,12.0,0
5670,1497,2023-01-01,5879,14.0,1
5669,1497,2024-01-01,6408,9.0,1
5668,1497,2024-12-31,7561,18.0,1
5667,1497,2025-12-31,8620,14.0,2
5679,1499,2020-12-31,882,21.0,0
5678,1499,2021-12-31,1014,15.0,0
5677,1499,2023-01-01,1268,25.0,0
5676,1499,2024-01-01,1458,15.0,0
5675,1499,2024-12-31,1706,17.0,1
5674,1499,2025-12-31,2064,21.0,1
5683,1501,2023-01-01,2564,20.0,0
5682,1501,2024-01-01,3051,19.0,0
5681,1501,2024-12-31,3478,14.0,0
5680,1501,2025-12-31,4035,16.0,0
5689,1502,2020-12-31,2590,15.0,0
5688,1502,2021-12-31,2849,10.0,0
5687,1502,2023-01-01,3020,6.0,0
5686,1502,2024-01-01,3202,6.0,0
5685,1502,2024-12-31,3458,8.0,0
5684,1502,2025-12-31,3838,11.0,0
5695,1503,2020-12-31,2169,20.0,0
5694,1503,2021-12-31,2560,18.0,0
5693,1503,2023-01-01,3020,18.0,0
5692,1503,2024-01-01,3383,12.0,0
5691,1503,2024-12-31,3924,16.0,0
5690,1503,2025-12-31,4591,17.0,1
5696,1504,2024-01-15,2561,11.0,0
5698,1506,2024-12-31,1371,18.0,1
5697,1506,2025-12-31,1563,14.0,1
5703,1507,2021-12-31,2900,8.0,0
5702,1507,2023-01-01,3306,14.0,0
5701,1507,2024-01-01,3802,15.0,0
5700,1507,2024-12-31,4296,13.0,0
5699,1507,2025-12-31,4898,14.0,0
5707,1509,2023-01-01,2473,25.0,0
5706,1509,2024-01-01,3017,22.0,0
5705,1509,2024-12-31,3831,27.0,0
5704,1509,2025-12-31,4789,25.0,1
5711,1513,2023-01-01,2287,14.0,2
5710,1513,2024-01-01,2630,15.0,2
5709,1513,2024-12-31,2814,7.0,3
5708,1513,2025-12-31,3180,13.0,3
5718,1514,2020-01-01,3124,12.0,0
5717,1514,2020-12-31,3531,13.0,0
5716,1514,2021-12-31,3954,12.0,0
5715,1514,2023-01-01,4508,14.0,0
5714,1514,2024-01-01,5319,18.0,1
5713,1514,2024-12-31,5745,8.0,1
5712,1514,2025-12-31,6549,14.0,2
5719,1515,2025-12-31,6388,17.0,0
5725,1516,2020-12-31,3936,25.0,0
5724,1516,2021-12-31,4999,27.0,0
5723,1516,2023-01-01,5949,19.0,0
5722,1516,2024-01-01,7496,26.0,0
5721,1516,2024-12-31,8995,20.0,0
5720,1516,2025-12-31,11244,25.0,0
5732,1520,2020-01-01,5470,18.0,0
5731,1520,2020-12-31,6346,16.0,0
5730,1520,2021-12-31,7805,23.0,0
5729,1520,2023-01-01,9522,22.0,0
5728,1520,2024-01-01,10951,15.0,0
5727,1520,2024-12-31,13360,22.0,1
5726,1520,2025-12-31,16032,20.0,1
5739,1522,2019-12-07,1125,13.0,0
5738,1522,2020-12-06,1283,14.0,0
5737,1522,2021-12-06,1449,13.0,0
5736,1522,2022-12-07,1594,10.0,0
5735,1522,2023-12-07,1834,15.0,0
5734,1522,2024-12-06,2090,14.0,0
5733,1522,2025-12-06,2362,13.0,0
5746,1523,2020-01-01,8901,11.0,0
5745,1523,2020-12-31,9969,12.0,0
5744,1523,2021-12-31,10667,7.0,0
5743,1523,2023-01-01,11520,8.0,0
5742,1523,2024-01-01,12787,11.0,1
5741,1523,2024-12-31,14450,13.0,1
5740,1523,2025-12-31,16328,13.0,1
5749,1525,2024-01-01,6016,14.0,0
5748,1525,2024-12-31,7098,18.0,0
5747,1525,2025-12-31,8376,18.0,0
5756,1527,2020-01-01,8818,8.0,0
5755,1527,2020-12-31,10228,16.0,0
5754,1527,2021-12-31,11251,10.0,0
5753,1527,2023-01-01,11926,6.0,0
5752,1527,2024-01-01,13238,11.0,0
5751,1527,2024-12-31,14827,12.0,0
5750,1527,2025-12-31,16606,12.0,1
5763,1529,2020-01-01,3389,21.0,0
5762,1529,2020-12-31,4033,19.0,0
5761,1529,2021-12-31,4558,13.0,0
5760,1529,2023-01-01,5378,18.0,0
5759,1529,2024-01-01,6400,19.0,0
5758,1529,2024-12-31,7232,13.0,0
5757,1529,2025-12-31,8606,19.0,0
5768,1533,2021-12-31,1422,10.0,0
5767,1533,2023-01-01,1535,8.0,0
5766,1533,2024-01-01,1812,18.0,0
5765,1533,2024-12-31,1993,10.0,0
5764,1533,2025-12-31,2272,14.0,0
5774,1534,2020-05-10,1069,16.0,0
5773,1534,2021-05-10,1197,12.0,0
5772,1534,2022-05-11,1389,16.0,0
5771,1534,2023-05-11,1639,18.0,0
5770,1534,2024-05-10,1770,8.0,0
5769,1534,2025-05-10,2018,14.0,0
5781,1535,2020-01-01,3350,15.0,0
5780,1535,2020-12-31,3919,17.0,0
5779,1535,2021-12-31,4232,8.0,0
5778,1535,2023-01-01,4867,15.0,0
5777,1535,2024-01-01,5403,11.0,0
5776,1535,2024-12-31,6213,15.0,0
5775,1535,2025-12-31,7083,14.0,0
5788,1537,2019-08-11,2309,8.0,0
5787,1537,2020-08-10,2471,7.0,0
5786,1537,2021-08-10,2644,7.0,0
5785,1537,2022-08-11,2882,9.0,0
5784,1537,2023-08-11,3285,14.0,0
5783,1537,2024-08-10,3646,11.0,0
5782,1537,2025-08-10,4084,12.0,0
5795,1539,2020-01-01,7307,16.0,0
5794,1539,2020-12-31,8330,14.0,0
5793,1539,2021-12-31,9080,9.0,0
5792,1539,2023-01-01,10260,13.0,0
5791,1539,2024-01-01,11286,10.0,0
5790,1539,2024-12-31,12753,13.0,0
5789,1539,2025-12-31,14411,13.0,0
5802,1541,2020-01-01,652,22.0,0
5801,1541,2020-12-31,821,26.0,0
5800,1541,2021-12-31,977,19.0,0
5799,1541,2023-01-01,1222,25.0,0
5798,1541,2024-01-01,1454,19.0,0
5797,1541,2024-12-31,1846,27.0,0
5796,1541,2025-12-31,2308,25.0,1
5804,1542,2024-12-31,4246,18.0,0
5803,1542,2025-12-31,4841,14.0,1
5811,1543,2020-01-01,1747,11.0,0
5810,1543,2020-12-31,2079,19.0,0
5809,1543,2021-12-31,2390,15.0,0
5808,1543,2023-01-01,2677,12.0,0
5807,1543,2024-01-01,3213,20.0,0
5806,1543,2024-12-31,3662,14.0,0
5805,1543,2025-12-31,4285,17.0,0
5818,1544,2020-01-01,4929,7.0,0
5817,1544,2020-12-31,5471,11.0,0
5816,1544,2021-12-31,6127,12.0,0
5815,1544,2023-01-01,7108,16.0,0
5814,1544,2024-01-01,7676,8.0,0
5813,1544,2024-12-31,8597,12.0,1
5812,1544,2025-12-31,9715,13.0,1
5824,1545,2020-12-31,2570,9.0,0
5823,1545,2021-12-31,2776,8.0,0
5822,1545,2023-01-01,2998,8.0,0
5821,1545,2024-01-01,3268,9.0,0
5820,1545,2024-12-31,3823,17.0,0
5819,1545,2025-12-31,4320,13.0,0
5830,1546,2020-12-31,865,21.0,0
5829,1546,2021-12-31,1038,20.0,0
5828,1546,2023-01-01,1204,16.0,0
5827,1546,2024-01-01,1456,21.0,1
5826,1546,2024-12-31,1777,22.0,1
5825,1546,2025-12-31,2132,20.0,1
5837,1547,2020-01-01,4547,14.0,0
5836,1547,2020-12-31,5366,18.0,0
5835,1547,2021-12-31,6332,18.0,0
5834,1547,2023-01-01,7408,17.0,0
5833,1547,2024-01-01,8001,8.0,0
5832,1547,2024-12-31,8881,11.0,0
5831,1547,2025-12-31,10124,14.0,1
5844,1548,2020-01-01,3453,9.0,0
5843,1548,2020-12-31,3694,7.0,0
5842,1548,2021-12-31,3916,6.0,0
5841,1548,2023-01-01,4269,9.0,0
5840,1548,2024-01-01,4610,8.0,0
5839,1548,2024-12-31,4887,6.0,0
5838,1548,2025-12-31,5473,12.0,0
5851,1549,2020-01-01,2790,12.0,0
5850,1549,2020-12-31,2985,7.0,0
5849,1549,2021-12-31,3224,8.0,0
5848,1549,2023-01-01,3740,16.0,0
5847,1549,2024-01-01,4151,11.0,0
5846,1549,2024-12-31,4649,12.0,0
5845,1549,2025-12-31,5207,12.0,1
5858,1550,2020-01-01,5167,25.0,0
5857,1550,2020-12-31,6458,25.0,0
5856,1550,2021-12-31,8073,25.0,0
5855,1550,2023-01-01,9284,15.0,0
5854,1550,2024-01-01,11512,24.0,0
5853,1550,2024-12-31,13584,18.0,0
5852,1550,2025-12-31,16437,21.0,0
5860,1551,2024-12-31,2014,9.0,2
5859,1551,2025-12-31,2296,14.0,3
5863,1552,2024-01-01,3025,20.0,0
5862,1552,2024-12-31,3448,14.0,0
5861,1552,2025-12-31,4069,18.0,0
5870,1553,2020-01-01,3913,16.0,1
5869,1553,2020-12-31,4461,14.0,2
5868,1553,2021-12-31,5085,14.0,2
5867,1553,2023-01-01,5594,10.0,2
5866,1553,2024-01-01,5985,7.0,2
5865,1553,2024-12-31,6644,11.0,2
5864,1553,2025-12-31,7441,12.0,3
5876,1554,2020-12-31,877,27.0,0
5875,1554,2021-12-31,1070,22.0,1
5874,1554,2023-01-01,1306,22.0,1
5873,1554,2024-01-01,1606,23.0,1
5872,1554,2024-12-31,1976,23.0,2
5871,1554,2025-12-31,2430,23.0,2
5883,1555,2020-01-01,3322,7.0,0
5882,1555,2020-12-31,3655,10.0,0
5881,1555,2021-12-31,4093,12.0,0
5880,1555,2023-01-01,4421,8.0,0
5879,1555,2024-01-01,4686,6.0,0
5878,1555,2024-12-31,5248,12.0,1
5877,1555,2025-12-31,5878,12.0,1
5887,1556,2023-01-01,1557,15.0,0
5886,1556,2024-01-01,1806,16.0,0
5885,1556,2024-12-31,2185,21.0,0
5884,1556,2025-12-31,2644,21.0,0
5894,1557,2020-01-01,3127,18.0,0
5893,1557,2020-12-31,3440,10.0,0
5892,1557,2021-12-31,3715,8.0,0
5891,1557,2023-01-01,4309,16.0,0
5890,1557,2024-01-01,4869,13.0,0
5889,1557,2024-12-31,5648,16.0,0
5888,1557,2025-12-31,6439,14.0,1
5896,1558,2024-12-31,2077,21.0,2
5895,1558,2025-12-31,2451,18.0,2
5899,1560,2024-01-01,5096,10.0,0
5898,1560,2024-12-31,5657,11.0,0
5897,1560,2025-12-31,6392,13.0,1
5906,1562,2019-11-20,5389,15.0,0
5905,1562,2020-11-19,5874,9.0,0
5904,1562,2021-11-19,6696,14.0,0
5903,1562,2022-11-20,7299,9.0,0
5902,1562,2023-11-20,8029,10.0,1
5901,1562,2024-11-19,8751,9.0,1
5900,1562,2025-11-19,9714,11.0,1
5913,1563,2020-01-01,3562,8.0,0
5912,1563,2020-12-31,3883,9.0,0
5911,1563,2021-12-31,4271,10.0,0
5910,1563,2023-01-01,4655,9.0,0
5909,1563,2024-01-01,4888,5.0,0
5908,1563,2024-12-31,5475,12.0,0
5907,1563,2025-12-31,6077,11.0,0
5917,1564,2023-01-01,1418,13.0,0
5916,1564,2024-01-01,1730,22.0,0
5915,1564,2024-12-31,2059,19.0,0
5914,1564,2025-12-31,2450,19.0,0
5922,1568,2021-12-31,6154,15.0,0
5921,1568,2023-01-01,7016,14.0,1
5920,1568,2024-01-01,7647,9.0,1
5919,1568,2024-12-31,8259,8.0,1
5918,1568,2025-12-31,9250,12.0,1
5924,1569,2023-04-10,1852,11.0,1
5923,1569,2024-04-09,2074,12.0,1
5931,1572,2018-09-21,4530,11.0,0
5930,1572,2019-09-21,5391,19.0,0
5929,1572,2020-09-20,5930,10.0,0
5928,1572,2021-09-21,7116,20.0,0
5927,1572,2022-09-21,7969,12.0,0
5926,1572,2023-09-21,8766,10.0,0
5925,1572,2024-09-20,10169,16.0,1
5937,1573,2019-07-17,3159,7.0,0
5936,1573,2020-07-16,3475,10.0,0
5935,1573,2021-07-17,3857,11.0,0
5934,1573,2022-07-17,4050,5.0,0
5933,1573,2023-07-17,4374,8.0,1
5932,1573,2024-07-16,4855,11.0,2
5944,1574,2020-01-01,1964,15.0,0
5943,1574,2020-12-31,2239,14.0,0
5942,1574,2021-12-31,2552,14.0,0
5941,1574,2023-01-01,2833,11.0,0
5940,1574,2024-01-01,3230,14.0,1
5939,1574,2024-12-31,3585,11.0,1
5938,1574,2025-12-31,4087,14.0,1
5951,1576,2020-01-01,1159,14.0,0
5950,1576,2020-12-31,1275,10.0,1
5949,1576,2021-12-31,1402,10.0,1
5948,1576,2023-01-01,1627,16.0,1
5947,1576,2024-01-01,1822,12.0,1
5946,1576,2024-12-31,2113,16.0,1
5945,1576,2025-12-31,2367,12.0,1
5953,1577,2024-12-31,2630,14.0,0
5952,1577,2025-12-31,2972,13.0,0
5960,1578,2020-01-01,5712,21.0,0
5959,1578,2020-12-31,7141,25.0,0
5958,1578,2021-12-31,8854,24.0,0
5957,1578,2023-01-01,11068,25.0,0
5956,1578,2024-01-01,12949,17.0,1
5955,1578,2024-12-31,16187,25.0,1
5954,1578,2025-12-31,19586,21.0,1
5963,1580,2024-01-01,4006,13.0,0
5962,1580,2024-12-31,4687,17.0,1
5961,1580,2025-12-31,5484,17.0,1
5965,1581,2024-12-31,1703,22.0,0
5964,1581,2025-12-31,2061,21.0,0
5972,1582,2020-01-01,5658,5.0,0
5971,1582,2020-12-31,6054,7.0,0
5970,1582,2021-12-31,6599,9.0,0
5969,1582,2023-01-01,7193,9.0,0
5968,1582,2024-01-01,8128,13.0,0
5967,1582,2024-12-31,8941,10.0,0
5966,1582,2025-12-31,9924,11.0,1
5976,1583,2023-01-01,2988,16.0,0
5975,1583,2024-01-01,3347,12.0,0
5974,1583,2024-12-31,3748,12.0,0
5973,1583,2025-12-31,4198,12.0,0
5978,1585,2024-12-31,6031,16.0,0
5977,1585,2025-12-31,6815,13.0,0
5985,1586,2020-01-01,1874,20.0,0
5984,1586,2020-12-31,2174,16.0,0
5983,1586,2021-12-31,2609,20.0,0
5982,1586,2023-01-01,3000,15.0,0
5981,1586,2024-01-01,3450,15.0,0
5980,1586,2024-12-31,4003,16.0,0
5979,1586,2025-12-31,4723,18.0,0
5991,1587,2020-12-31,2827,13.0,0
5990,1587,2021-12-31,3336,18.0,0
5989,1587,2023-01-01,3803,14.0,0
5988,1587,2024-01-01,4525,19.0,0
5987,1587,2024-12-31,5295,17.0,0
5986,1587,2025-12-31,6142,16.0,0
5998,1588,2020-01-01,4578,9.0,0
5997,1588,2020-12-31,5265,15.0,0
5996,1588,2021-12-31,6002,14.0,0
5995,1588,2023-01-01,6482,8.0,0
5994,1588,2024-01-01,7001,8.0,1
5993,1588,2024-12-31,7421,6.0,1
5992,1588,2025-12-31,8237,11.0,1
6005,1590,2020-01-01,3488,19.0,0
6004,1590,2020-12-31,4081,17.0,0
6003,1590,2021-12-31,4611,13.0,0
6002,1590,2023-01-01,5257,14.0,0
6001,1590,2024-01-01,6098,16.0,0
6000,1590,2024-12-31,7439,22.0,0
5999,1590,2025-12-31,8853,19.0,1
6007,1591,2024-12-31,16665,16.0,1
6006,1591,2025-12-31,19331,16.0,1
6010,1592,2024-01-01,1596,15.0,0
6009,1592,2024-12-31,1787,12.0,0
6008,1592,2025-12-31,2073,16.0,1
6014,1594,2023-01-01,3755,11.0,0
6013,1594,2024-01-01,4243,13.0,0
6012,1594,2024-12-31,4922,16.0,0
6011,1594,2025-12-31,5562,13.0,1
6016,1595,2024-12-31,16076,23.0,0
6015,1595,2025-12-31,19613,22.0,0
6023,1596,2020-01-01,1297,19.0,0
6022,1596,2020-12-31,1569,21.0,0
6021,1596,2021-12-31,1899,21.0,0
6020,1596,2023-01-01,2146,13.0,0
6019,1596,2024-01-01,2489,16.0,1
6018,1596,2024-12-31,2912,17.0,2
6017,1596,2025-12-31,3407,17.0,2
6030,1597,2020-01-01,2479,14.0,0
6029,1597,2020-12-31,2801,13.0,0
6028,1597,2021-12-31,3025,8.0,0
6027,1597,2023-01-01,3509,16.0,0
6026,1597,2024-01-01,3930,12.0,0
6025,1597,2024-12-31,4441,13.0,0
6024,1597,2025-12-31,5063,14.0,1
6036,1598,2020-12-31,2330,9.0,0
6035,1598,2021-12-31,2679,15.0,0
6034,1598,2023-01-01,3108,16.0,0
6033,1598,2024-01-01,3419,10.0,0
6032,1598,2024-12-31,4034,18.0,0
6031,1598,2025-12-31,4639,15.0,1
6043,1599,2020-01-01,2683,7.0,0
6042,1599,2020-12-31,2871,7.0,0
6041,1599,2021-12-31,3215,12.0,0
6040,1599,2023-01-01,3569,11.0,1
6039,1599,2024-01-01,3819,7.0,1
6038,1599,2024-12-31,4354,14.0,1
6037,1599,2025-12-31,4876,12.0,1
6045,1601,2024-12-31,2280,15.0,0
6044,1601,2025-12-31,2690,18.0,1
6052,1602,2020-01-01,8762,12.0,0
6051,1602,2020-12-31,10339,18.0,0
6050,1602,2021-12-31,11373,10.0,0
6049,1602,2023-01-01,12625,11.0,0
6048,1602,2024-01-01,13887,10.0,0
6047,1602,2024-12-31,15276,10.0,0
6046,1602,2025-12-31,17567,15.0,0
6054,1604,2023-10-07,2058,14.0,3
6053,1604,2024-10-06,2408,17.0,3
6059,1605,2021-12-31,1683,9.0,0
6058,1605,2023-01-01,1969,17.0,0
6057,1605,2024-01-01,2265,15.0,0
6056,1605,2024-12-31,2468,9.0,0
6055,1605,2025-12-31,2814,14.0,0
6066,1606,2020-01-01,5174,15.0,0
6065,1606,2020-12-31,5898,14.0,0
6064,1606,2021-12-31,6783,15.0,0
6063,1606,2023-01-01,7529,11.0,0
6062,1606,2024-01-01,8357,11.0,0
6061,1606,2024-12-31,9778,17.0,0
6060,1606,2025-12-31,11245,15.0,1
6070,1607,2023-01-01,2161,14.0,1
6069,1607,2024-01-01,2550,18.0,1
6068,1607,2024-12-31,2831,11.0,2
6067,1607,2025-12-31,3312,17.0,2
6077,1608,2020-01-01,8835,17.0,0
6076,1608,2020-12-31,9983,13.0,0
6075,1608,2021-12-31,11481,15.0,0
6074,1608,2023-01-01,12859,12.0,0
6073,1608,2024-01-01,14787,15.0,0
6072,1608,2024-12-31,16710,13.0,0
6071,1608,2025-12-31,19049,14.0,1
6084,1609,2020-01-01,1030,8.0,0
6083,1609,2020-12-31,1184,15.0,0
6082,1609,2021-12-31,1362,15.0,0
6081,1609,2023-01-01,1485,9.0,0
6080,1609,2024-01-01,1722,16.0,0
6079,1609,2024-12-31,1912,11.0,0
6078,1609,2025-12-31,2141,12.0,1
6091,1611,2020-01-01,2929,15.0,0
6090,1611,2020-12-31,3281,12.0,0
6089,1611,2021-12-31,3838,17.0,0
6088,1611,2023-01-01,4145,8.0,0
6087,1611,2024-01-01,4643,12.0,0
6086,1611,2024-12-31,5061,9.0,0
6085,1611,2025-12-31,5769,14.0,0
6098,1612,2020-01-01,2001,14.0,0
6097,1612,2020-12-31,2281,14.0,0
6096,1612,2021-12-31,2692,18.0,0
6095,1612,2023-01-01,2961,10.0,0
6094,1612,2024-01-01,3435,16.0,1
6093,1612,2024-12-31,3813,11.0,1
6092,1612,2025-12-31,4385,15.0,1
6104,1613,2020-12-31,2874,10.0,0
6103,1613,2021-12-31,3362,17.0,0
6102,1613,2023-01-01,3665,9.0,0
6101,1613,2024-01-01,4251,16.0,0
6100,1613,2024-12-31,4719,11.0,0
6099,1613,2025-12-31,5332,13.0,0
6108,1614,2023-01-01,3441,13.0,1
6107,1614,2024-01-01,3820,11.0,1
6106,1614,2024-12-31,4163,9.0,2
6105,1614,2025-12-31,4663,12.0,2
6115,1615,2020-01-01,2298,11.0,0
6114,1615,2020-12-31,2482,8.0,0
6113,1615,2021-12-31,2656,7.0,0
6112,1615,2023-01-01,3107,17.0,0
6111,1615,2024-01-01,3635,17.0,0
6110,1615,2024-12-31,4181,15.0,1
6109,1615,2025-12-31,4724,13.0,1
6122,1617,2020-01-01,1505,12.0,0
6121,1617,2020-12-31,1746,16.0,0
6120,1617,2021-12-31,2060,18.0,0
6119,1617,2023-01-01,2287,11.0,0
6118,1617,2024-01-01,2584,13.0,0
6117,1617,2024-12-31,2817,9.0,0
6116,1617,2025-12-31,3211,14.0,1
6129,1618,2020-01-01,2564,7.0,3
6128,1618,2020-12-31,2974,16.0,3
6127,1618,2021-12-31,3241,9.0,3
6126,1618,2023-01-01,3728,15.0,3
6125,1618,2024-01-01,4138,11.0,3
6124,1618,2024-12-31,4758,15.0,3
6123,1618,2025-12-31,5377,13.0,3
6136,1619,2020-01-01,2304,11.0,0
6135,1619,2020-12-31,2419,5.0,0
6134,1619,2021-12-31,2758,14.0,0
6133,1619,2023-01-01,3171,15.0,1
6132,1619,2024-01-01,3489,10.0,1
6131,1619,2024-12-31,3663,5.0,2
6130,1619,2025-12-31,4066,11.0,2
6143,1621,2020-01-01,2766,15.0,0
6142,1621,2020-12-31,3181,15.0,0
6141,1621,2021-12-31,3435,8.0,0
6140,1621,2023-01-01,3676,7.0,0
6139,1621,2024-01-01,4227,15.0,0
6138,1621,2024-12-31,4692,11.0,0
6137,1621,2025-12-31,5208,11.0,0
6149,1622,2020-12-31,2011,24.0,0
6148,1622,2021-12-31,2474,23.0,0
6147,1622,2023-01-01,2895,17.0,0
6146,1622,2024-01-01,3416,18.0,0
6145,1622,2024-12-31,4031,18.0,0
6144,1622,2025-12-31,4877,21.0,1
6152,1623,2024-01-01,2220,16.0,0
6151,1623,2024-12-31,2642,19.0,0
6150,1623,2025-12-31,3117,18.0,0
6153,1624,2025-07-09,1569,12.0,0
6159,1625,2020-12-31,12328,11.0,0
6158,1625,2021-12-31,13191,7.0,0
6157,1625,2023-01-01,14378,9.0,0
6156,1625,2024-01-01,15672,9.0,1
6155,1625,2024-12-31,17710,13.0,1
6154,1625,2025-12-31,19658,11.0,1
6166,1627,2020-01-01,1363,15.0,0
6165,1627,2020-12-31,1568,15.0,0
6164,1627,2021-12-31,1740,11.0,0
6163,1627,2023-01-01,2054,18.0,0
6162,1627,2024-01-01,2362,15.0,0
6161,1627,2024-12-31,2669,13.0,0
6160,1627,2025-12-31,3069,15.0,1
6173,1628,2020-01-01,5447,7.0,0
6172,1628,2020-12-31,6209,14.0,0
6171,1628,2021-12-31,7265,17.0,0
6170,1628,2023-01-01,7846,8.0,0
6169,1628,2024-01-01,8630,10.0,1
6168,1628,2024-12-31,9235,7.0,1
6167,1628,2025-12-31,10435,13.0,2
6180,1630,2020-01-01,1978,16.0,0
6179,1630,2020-12-31,2294,16.0,0
6178,1630,2021-12-31,2615,14.0,0
6177,1630,2023-01-01,2851,9.0,0
6176,1630,2024-01-01,3307,16.0,1
6175,1630,2024-12-31,3704,12.0,1
6174,1630,2025-12-31,4148,12.0,1
6185,1631,2021-12-31,3002,19.0,3
6184,1631,2023-01-01,3602,20.0,3
6183,1631,2024-01-01,4143,15.0,3
6182,1631,2024-12-31,4930,19.0,3
6181,1631,2025-12-31,5768,17.0,3
6192,1633,2020-01-01,2382,11.0,0
6191,1633,2020-12-31,2692,13.0,0
6190,1633,2021-12-31,3069,14.0,0
6189,1633,2023-01-01,3560,16.0,0
6188,1633,2024-01-01,4094,15.0,0
6187,1633,2024-12-31,4462,9.0,0
6186,1633,2025-12-31,5042,13.0,0
6199,1635,2020-01-01,2034,22.0,0
6198,1635,2020-12-31,2359,16.0,0
6197,1635,2021-12-31,2902,23.0,0
6196,1635,2023-01-01,3453,19.0,0
6195,1635,2024-01-01,4075,18.0,0
6194,1635,2024-12-31,4849,19.0,1
6193,1635,2025-12-31,5770,19.0,2
6205,1638,2020-12-31,3451,13.0,0
6204,1638,2021-12-31,4107,19.0,0
6203,1638,2023-01-01,4723,15.0,0
6202,1638,2024-01-01,5431,15.0,0
6201,1638,2024-12-31,6518,20.0,0
6200,1638,2025-12-31,7756,19.0,1
6212,1639,2019-01-03,3857,14.0,0
6211,1639,2020-01-03,4358,13.0,0
6210,1639,2021-01-02,5274,21.0,0
6209,1639,2022-01-03,6117,16.0,0
6208,1639,2023-01-03,7402,21.0,0
6207,1639,2024-01-03,8809,19.0,0
6206,1639,2025-01-02,10306,17.0,0
6219,1640,2020-01-01,2483,9.0,0
6218,1640,2020-12-31,2656,7.0,0
6217,1640,2021-12-31,2869,8.0,0
6216,1640,2023-01-01,3041,6.0,0
6215,1640,2024-01-01,3224,6.0,0
6214,1640,2024-12-31,3546,10.0,0
6213,1640,2025-12-31,3936,11.0,1
6224,1641,2021-12-31,4351,10.0,0
6223,1641,2023-01-01,5004,15.0,0
6222,1641,2024-01-01,5855,17.0,0
6221,1641,2024-12-31,6909,18.0,0
6220,1641,2025-12-31,7945,15.0,0
6231,1642,2020-01-01,3103,8.0,0
6230,1642,2020-12-31,3507,13.0,0
6229,1642,2021-12-31,3752,7.0,0
6228,1642,2023-01-01,4052,8.0,0
6227,1642,2024-01-01,4538,12.0,0
6226,1642,2024-12-31,5174,14.0,0
6225,1642,2025-12-31,5743,11.0,0
6234,1644,2024-01-01,9428,29.0,1
6233,1644,2024-12-31,12162,29.0,1
6232,1644,2025-12-31,15202,25.0,1
6237,1645,2022-03-12,4223,10.0,2
6236,1645,2023-03-12,4772,13.0,2
6235,1645,2024-03-11,5440,14.0,2
6244,1646,2020-01-01,1943,9.0,0
6243,1646,2020-12-31,2195,13.0,0
6242,1646,2021-12-31,2481,13.0,0
6241,1646,2023-01-01,2655,7.0,0
6240,1646,2024-01-01,3053,15.0,0
6239,1646,2024-12-31,3327,9.0,0
6238,1646,2025-12-31,3760,13.0,0
6248,1647,2023-01-01,2418,19.0,0
6247,1647,2024-01-01,2684,11.0,0
6246,1647,2024-12-31,3006,12.0,0
6245,1647,2025-12-31,3517,17.0,0
6253,1648,2021-12-31,1501,12.0,0
6252,1648,2023-01-01,1727,15.0,0
6251,1648,2024-01-01,1968,14.0,0
6250,1648,2024-12-31,2283,16.0,0
6249,1648,2025-12-31,2580,13.0,0
6258,1649,2020-11-02,1197,11.0,0
6257,1649,2021-11-03,1412,18.0,0
6256,1649,2022-11-03,1624,15.0,0
6255,1649,2023-11-03,1900,17.0,0
6254,1649,2024-11-02,2166,14.0,0
6264,1650,2020-12-31,3336,5.0,0
6263,1650,2021-12-31,3736,12.0,0
6262,1650,2023-01-01,3998,7.0,0
6261,1650,2024-01-01,4598,15.0,0
6260,1650,2024-12-31,5287,15.0,0
6259,1650,2025-12-31,5869,11.0,0
6268,1651,2023-01-01,6023,8.0,0
6267,1651,2024-01-01,6384,6.0,0
6266,1651,2024-12-31,7150,12.0,1
6265,1651,2025-12-31,8008,12.0,2
6275,1653,2020-01-01,2122,14.0,2
6274,1653,2020-12-31,2546,20.0,2
6273,1653,2021-12-31,2877,13.0,2
6272,1653,2023-01-01,3309,15.0,2
6271,1653,2024-01-01,3938,19.0,2
6270,1653,2024-12-31,4450,13.0,2
6269,1653,2025-12-31,5206,17.0,2
6281,1654,2020-12-31,1944,20.0,0
6280,1654,2021-12-31,2411,24.0,0
6279,1654,2023-01-01,2917,21.0,0
6278,1654,2024-01-01,3501,20.0,0
6277,1654,2024-12-31,4376,25.0,0
6276,1654,2025-12-31,5295,21.0,0
6286,1655,2021-12-31,9811,13.0,1
6285,1655,2023-01-01,11381,16.0,1
6284,1655,2024-01-01,12747,12.0,1
6283,1655,2024-12-31,14149,11.0,2
6282,1655,2025-12-31,16413,16.0,2
6293,1656,2020-01-01,5906,18.0,0
6292,1656,2020-12-31,7028,19.0,0
6291,1656,2021-12-31,7660,9.0,0
6290,1656,2023-01-01,8503,11.0,1
6289,1656,2024-01-01,9778,15.0,2
6288,1656,2024-12-31,11538,18.0,2
6287,1656,2025-12-31,13269,15.0,3
6296,1657,2024-01-01,2034,20.0,0
6295,1657,2024-12-31,2339,15.0,0
6294,1657,2025-12-31,2783,19.0,0
6303,1658,2020-01-01,2754,6.0,0
6302,1658,2020-12-31,3029,10.0,0
6301,1658,2021-12-31,3423,13.0,0
6300,1658,2023-01-01,3799,11.0,0
6299,1658,2024-01-01,4331,14.0,0
6298,1658,2024-12-31,4851,12.0,0
6297,1658,2025-12-31,5433,12.0,1
6308,1659,2021-12-31,1326,8.0,0
6307,1659,2023-01-01,1446,9.0,0
6306,1659,2024-01-01,1605,11.0,0
6305,1659,2024-12-31,1814,13.0,0
6304,1659,2025-12-31,2013,11.0,0
6315,1661,2020-01-01,5137,19.0,0
6314,1661,2020-12-31,6010,17.0,0
6313,1661,2021-12-31,7032,17.0,0
6312,1661,2023-01-01,8438,20.0,0
6311,1661,2024-01-01,10295,22.0,0
6310,1661,2024-12-31,11736,14.0,0
6309,1661,2025-12-31,13966,19.0,1
6319,1662,2023-01-01,2732,11.0,0
6318,1662,2024-01-01,3251,19.0,0
6317,1662,2024-12-31,3803,17.0,0
6316,1662,2025-12-31,4374,15.0,0
6325,1664,2020-12-31,2800,24.0,0
6324,1664,2021-12-31,3416,22.0,0
6323,1664,2023-01-01,4168,22.0,0
6322,1664,2024-01-01,4751,14.0,0
6321,1664,2024-12-31,5702,20.0,0
6320,1664,2025-12-31,6842,20.0,1
6332,1665,2020-01-01,4802,23.0,0
6331,1665,2020-12-31,6003,25.0,0
6330,1665,2021-12-31,7143,19.0,0
6329,1665,2023-01-01,8786,23.0,0
6328,1665,2024-01-01,11334,29.0,0
6327,1665,2024-12-31,13941,23.0,0
6326,1665,2025-12-31,17426,25.0,1
6339,1666,2020-01-01,5392,27.0,0
6338,1666,2020-12-31,6363,18.0,0
6337,1666,2021-12-31,8081,27.0,0
6336,1666,2023-01-01,9859,22.0,0
6335,1666,2024-01-01,11929,21.0,0
6334,1666,2024-12-31,14196,19.0,1
6333,1666,2025-12-31,17603,24.0,1
6346,1667,2019-08-24,1380,26.0,0
6345,1667,2020-08-23,1698,23.0,0
6344,1667,2021-08-23,2003,18.0,0
6343,1667,2022-08-24,2524,26.0,0
6342,1667,2023-08-24,3004,19.0,0
6341,1667,2024-08-23,3694,23.0,0
6340,1667,2025-08-23,4581,24.0,0
6353,1668,2020-01-01,1895,19.0,2
6352,1668,2020-12-31,2180,15.0,2
6351,1668,2021-12-31,2594,19.0,2
6350,1668,2023-01-01,2957,14.0,2
6349,1668,2024-01-01,3489,18.0,2
6348,1668,2024-12-31,4117,18.0,2
6347,1668,2025-12-31,4735,15.0,2
6360,1669,2020-01-01,2072,14.0,0
6359,1669,2020-12-31,2403,16.0,0
6358,1669,2021-12-31,2715,13.0,0
6357,1669,2023-01-01,2905,7.0,0
6356,1669,2024-01-01,3399,17.0,0
6355,1669,2024-12-31,3705,9.0,1
6354,1669,2025-12-31,4187,13.0,1
6367,1670,2020-01-01,2361,15.0,1
6366,1670,2020-12-31,2786,18.0,1
6365,1670,2021-12-31,3121,12.0,1
6364,1670,2023-01-01,3651,17.0,1
6363,1670,2024-01-01,4199,15.0,1
6362,1670,2024-12-31,4829,15.0,2
6361,1670,2025-12-31,5505,14.0,2
6374,1671,2020-01-01,2958,11.0,0
6373,1671,2020-12-31,3224,9.0,0
6372,1671,2021-12-31,3740,16.0,0
6371,1671,2023-01-01,4189,12.0,0
6370,1671,2024-01-01,4524,8.0,0
6369,1671,2024-12-31,4841,7.0,1
6368,1671,2025-12-31,5470,13.0,2
6381,1673,2020-01-01,3152,11.0,0
6380,1673,2020-12-31,3435,9.0,0
6379,1673,2021-12-31,3813,11.0,0
6378,1673,2023-01-01,4004,5.0,0
6377,1673,2024-01-01,4444,11.0,0
6376,1673,2024-12-31,4933,11.0,1
6375,1673,2025-12-31,5476,11.0,2
6384,1674,2024-01-01,1923,17.0,0
6383,1674,2024-12-31,2230,16.0,1
6382,1674,2025-12-31,2587,16.0,1
6389,1675,2021-12-31,1130,26.0,0
6388,1675,2023-01-01,1379,22.0,0
6387,1675,2024-01-01,1709,24.0,0
6386,1675,2024-12-31,2000,17.0,0
6385,1675,2025-12-31,2440,22.0,0
6393,1676,2023-01-01,11281,11.0,2
6392,1676,2024-01-01,12183,8.0,2
6391,1676,2024-12-31,14011,15.0,2
6390,1676,2025-12-31,15972,14.0,3
6400,1677,2020-01-01,6610,16.0,0
6399,1677,2020-12-31,7734,17.0,0
6398,1677,2021-12-31,9126,18.0,0
6397,1677,2023-01-01,9856,8.0,0
6396,1677,2024-01-01,11630,18.0,0
6395,1677,2024-12-31,13490,16.0,0
6394,1677,2025-12-31,15379,14.0,0
6403,1678,2024-01-01,5263,12.0,0
6402,1678,2024-12-31,6105,16.0,0
6401,1678,2025-12-31,7082,16.0,0
6406,1680,2024-01-01,2137,7.0,0
6405,1680,2024-12-31,2458,15.0,0
6404,1680,2025-12-31,2728,11.0,0
6413,1681,2020-01-01,1364,29.0,0
6412,1681,2020-12-31,1705,25.0,0
6411,1681,2021-12-31,2200,29.0,0
6410,1681,2023-01-01,2684,22.0,0
6409,1681,2024-01-01,3408,27.0,0
6408,1681,2024-12-31,4294,26.0,1
6407,1681,2025-12-31,5368,25.0,1
6417,1682,2023-01-01,3843,18.0,0
6416,1682,2024-01-01,4151,8.0,0
6415,1682,2024-12-31,4690,13.0,1
6414,1682,2025-12-31,5347,14.0,2
6420,1683,2024-01-01,2375,21.0,2
6419,1683,2024-12-31,2708,14.0,2
6418,1683,2025-12-31,3195,18.0,3
6426,1684,2020-11-17,2479,11.0,0
6425,1684,2021-11-17,2702,9.0,0
6424,1684,2022-11-18,3026,12.0,0
6423,1684,2023-11-18,3359,11.0,0
6422,1684,2024-11-17,3594,7.0,0
6421,1684,2025-11-17,3989,11.0,0
6427,1687,2025-12-31,3306,19.0,1
6432,1689,2021-12-31,4006,17.0,0
6431,1689,2023-01-01,4647,16.0,0
6430,1689,2024-01-01,5391,16.0,0
6429,1689,2024-12-31,6091,13.0,0
6428,1689,2025-12-31,7005,15.0,0
6439,1691,2018-07-26,1409,7.0,0
6438,1691,2019-07-26,1606,14.0,0
6437,1691,2020-07-25,1735,8.0,0
6436,1691,2021-07-26,1995,15.0,0
6435,1691,2022-07-26,2155,8.0,1
6434,1691,2023-07-26,2392,11.0,2
6433,1691,2024-07-25,2655,11.0,2
6441,1692,2023-06-13,1244,15.0,0
6440,1692,2024-06-12,1393,12.0,0
6448,1693,2020-01-01,971,17.0,0
6447,1693,2020-12-31,1126,16.0,0
6446,1693,2021-12-31,1396,24.0,0
6445,1693,2023-01-01,1620,16.0,0
6444,1693,2024-01-01,1846,14.0,0
6443,1693,2024-12-31,2142,16.0,0
6442,1693,2025-12-31,2570,20.0,0
6453,1694,2021-12-31,2291,14.0,0
6452,1694,2023-01-01,2658,16.0,0
6451,1694,2024-01-01,2897,9.0,0
6450,1694,2024-12-31,3158,9.0,0
6449,1694,2025-12-31,3537,12.0,1
6460,1696,2020-01-01,1883,16.0,0
6459,1696,2020-12-31,2109,12.0,0
6458,1696,2021-12-31,2362,12.0,0
6457,1696,2023-01-01,2788,18.0,0
6456,1696,2024-01-01,3150,13.0,0
6455,1696,2024-12-31,3496,11.0,0
6454,1696,2025-12-31,3986,14.0,1
6462,1697,2024-12-31,9069,20.0,1
6461,1697,2025-12-31,10883,20.0,1
6469,1698,2020-01-01,739,17.0,1
6468,1698,2020-12-31,857,16.0,2
6467,1698,2021-12-31,1020,19.0,2
6466,1698,2023-01-01,1214,19.0,2
6465,1698,2024-01-01,1456,20.0,3
6464,1698,2024-12-31,1719,18.0,3
6463,1698,2025-12-31,2028,18.0,3
6476,1700,2020-01-01,4703,18.0,0
6475,1700,2020-12-31,5361,14.0,0
6474,1700,2021-12-31,5897,10.0,0
6473,1700,2023-01-01,6487,10.0,1
6472,1700,2024-01-01,7265,12.0,2
6471,1700,2024-12-31,8355,15.0,2
6470,1700,2025-12-31,9525,14.0,2
6483,1701,2020-01-01,1613,12.0,0
6482,1701,2020-12-31,1790,11.0,0
6481,1701,2021-12-31,2059,15.0,0
6480,1701,2023-01-01,2306,12.0,0
6479,1701,2024-01-01,2444,6.0,0
6478,1701,2024-12-31,2615,7.0,0
6477,1701,2025-12-31,2929,12.0,0
6487,1702,2022-06-19,1362,25.0,0
6486,1702,2023-06-19,1593,17.0,0
6485,1702,2024-06-18,1880,18.0,0
6484,1702,2025-06-18,2275,21.0,1
6494,1703,2020-01-01,3052,21.0,0
6493,1703,2020-12-31,3724,22.0,0
6492,1703,2021-12-31,4208,13.0,0
6491,1703,2023-01-01,4966,18.0,0
6490,1703,2024-01-01,5859,18.0,0
6489,1703,2024-12-31,6621,13.0,0
6488,1703,2025-12-31,7879,19.0,1
6500,1704,2020-12-31,2432,14.0,0
6499,1704,2021-12-31,2772,14.0,0
6498,1704,2023-01-01,3243,17.0,0
6497,1704,2024-01-01,3665,13.0,0
6496,1704,2024-12-31,4325,18.0,0
6495,1704,2025-12-31,4930,14.0,0
6507,1706,2020-01-01,3281,11.0,0
6506,1706,2020-12-31,3741,14.0,0
6505,1706,2021-12-31,4414,18.0,0
6504,1706,2023-01-01,4900,11.0,0
6503,1706,2024-01-01,5782,18.0,0
6502,1706,2024-12-31,6707,16.0,1
6501,1706,2025-12-31,7847,17.0,1
6513,1707,2020-12-31,2151,16.0,0
6512,1707,2021-12-31,2517,17.0,0
6511,1707,2023-01-01,2869,14.0,0
6510,1707,2024-01-01,3328,16.0,0
6509,1707,2024-12-31,3794,14.0,1
6508,1707,2025-12-31,4401,16.0,1
6520,1708,2020-01-01,4730,10.0,0
6519,1708,2020-12-31,5155,9.0,0
6518,1708,2021-12-31,5980,16.0,0
6517,1708,2023-01-01,6638,11.0,0
6516,1708,2024-01-01,7302,10.0,0
6515,1708,2024-12-31,8251,13.0,0
6514,1708,2025-12-31,9241,12.0,0
6526,1709,2020-12-31,1495,18.0,0
6525,1709,2021-12-31,1675,12.0,0
6524,1709,2023-01-01,1876,12.0,0
6523,1709,2024-01-01,2101,12.0,0
6522,1709,2024-12-31,2542,21.0,0
6521,1709,2025-12-31,2974,17.0,1
6533,1710,2020-01-01,2146,18.0,0
6532,1710,2020-12-31,2404,12.0,0
6531,1710,2021-12-31,2764,15.0,0
6530,1710,2023-01-01,3096,12.0,0
6529,1710,2024-01-01,3375,9.0,0
6528,1710,2024-12-31,3915,16.0,0
6527,1710,2025-12-31,4502,15.0,0
6540,1712,2020-01-01,2888,19.0,0
6539,1712,2020-12-31,3668,27.0,0
6538,1712,2021-12-31,4512,23.0,0
6537,1712,2023-01-01,5730,27.0,0
6536,1712,2024-01-01,6991,22.0,0
6535,1712,2024-12-31,8738,25.0,0
6534,1712,2025-12-31,10748,23.0,1
6542,1714,2024-07-29,1401,11.0,1
6541,1714,2025-07-29,1555,11.0,1
6549,1716,2019-08-14,6923,6.0,0
6548,1716,2020-08-13,7546,9.0,0
6547,1716,2021-08-13,8376,11.0,0
6546,1716,2022-08-14,9297,11.0,0
6545,1716,2023-08-14,10134,9.0,0
6544,1716,2024-08-13,11654,15.0,0
6543,1716,2025-08-13,12936,11.0,0
6553,1718,2023-01-01,1516,13.0,3
6552,1718,2024-01-01,1758,16.0,3
6551,1718,2024-12-31,2004,14.0,3
6550,1718,2025-12-31,2305,15.0,3
6560,1719,2020-01-01,8097,9.0,0
6559,1719,2020-12-31,9150,13.0,0
6558,1719,2021-12-31,10340,13.0,0
6557,1719,2023-01-01,11891,15.0,0
6556,1719,2024-01-01,13317,12.0,0
6555,1719,2024-12-31,15049,13.0,0
6554,1719,2025-12-31,16704,11.0,0
6566,1720,2020-12-31,2095,13.0,0
6565,1720,2021-12-31,2347,12.0,0
6564,1720,2023-01-01,2511,7.0,0
6563,1720,2024-01-01,2762,10.0,0
6562,1720,2024-12-31,3038,10.0,0
6561,1720,2025-12-31,3433,13.0,1
6572,1721,2020-12-31,1995,10.0,0
6571,1721,2021-12-31,2154,8.0,0
6570,1721,2023-01-01,2499,16.0,0
6569,1721,2024-01-01,2824,13.0,0
6568,1721,2024-12-31,3050,8.0,0
6567,1721,2025-12-31,3477,14.0,1
6576,1722,2023-01-01,3816,16.0,0
6575,1722,2024-01-01,4503,18.0,0
6574,1722,2024-12-31,5403,20.0,1
6573,1722,2025-12-31,6430,19.0,1
6578,1724,2024-12-31,5617,14.0,1
6577,1724,2025-12-31,6516,16.0,1
6585,1725,2020-01-01,1986,13.0,0
6584,1725,2020-12-31,2324,17.0,0
6583,1725,2021-12-31,2487,7.0,0
6582,1725,2023-01-01,2661,7.0,0
6581,1725,2024-01-01,3060,15.0,1
6580,1725,2024-12-31,3458,13.0,2
6579,1725,2025-12-31,3907,13.0,3
6592,1727,2020-01-01,2449,18.0,0
6591,1727,2020-12-31,2840,16.0,0
6590,1727,2021-12-31,3295,16.0,0
6589,1727,2023-01-01,3657,11.0,0
6588,1727,2024-01-01,4206,15.0,0
6587,1727,2024-12-31,4879,16.0,0
6586,1727,2025-12-31,5562,14.0,0
6599,1728,2020-01-01,2880,12.0,0
6598,1728,2020-12-31,3370,17.0,0
6597,1728,2021-12-31,3707,10.0,0
6596,1728,2023-01-01,4300,16.0,0
6595,1728,2024-01-01,4945,15.0,0
6594,1728,2024-12-31,5934,20.0,0
6593,1728,2025-12-31,6883,16.0,1
6606,1729,2020-01-01,1440,15.0,0
6605,1729,2020-12-31,1655,15.0,0
6604,1729,2021-12-31,1804,9.0,0
6603,1729,2023-01-01,1967,9.0,0
6602,1729,2024-01-01,2282,16.0,0
6601,1729,2024-12-31,2555,12.0,0
6600,1729,2025-12-31,2862,12.0,1
6608,1731,2024-12-31,4485,6.0,1
6607,1731,2025-12-31,4978,11.0,1
6615,1732,2020-01-01,5351,16.0,0
6614,1732,2020-12-31,5886,10.0,0
6613,1732,2021-12-31,6534,11.0,0
6612,1732,2023-01-01,7187,10.0,1
6611,1732,2024-01-01,8265,15.0,1
6610,1732,2024-12-31,9257,12.0,1
6609,1732,2025-12-31,10368,12.0,1
6618,1733,2023-07-08,4980,13.0,2
6617,1733,2024-07-07,5428,9.0,2
6616,1733,2025-07-07,6134,13.0,3
6619,1734,2024-08-06,6735,15.0,0
6623,1735,2023-01-01,2186,16.0,0
6622,1735,2024-01-01,2492,14.0,0
6621,1735,2024-12-31,2916,17.0,0
6620,1735,2025-12-31,3295,13.0,0
6629,1736,2020-12-31,2110,21.0,0
6628,1736,2021-12-31,2490,18.0,0
6627,1736,2023-01-01,2839,14.0,0
6626,1736,2024-01-01,3520,24.0,0
6625,1736,2024-12-31,4365,24.0,0
6624,1736,2025-12-31,5238,20.0,0
6636,1737,2020-01-01,3086,13.0,1
6635,1737,2020-12-31,3456,12.0,1
6634,1737,2021-12-31,3767,9.0,1
6633,1737,2023-01-01,4295,14.0,1
6632,1737,2024-01-01,5025,17.0,1
6631,1737,2024-12-31,5628,12.0,1
6630,1737,2025-12-31,6472,15.0,1
6641,1739,2021-12-31,6275,7.0,1
6640,1739,2023-01-01,6902,10.0,1
6639,1739,2024-01-01,7662,11.0,1
6638,1739,2024-12-31,8504,11.0,1
6637,1739,2025-12-31,9610,13.0,1
6648,1740,2020-01-01,9042,13.0,0
6647,1740,2020-12-31,10127,12.0,0
6646,1740,2021-12-31,11545,14.0,0
6645,1740,2023-01-01,12930,12.0,0
6644,1740,2024-01-01,15128,17.0,0
6643,1740,2024-12-31,17397,15.0,0
6642,1740,2025-12-31,19833,14.0,0
6654,1744,2020-12-31,3827,23.0,0
6653,1744,2021-12-31,4707,23.0,0
6652,1744,2023-01-01,5743,22.0,1
6651,1744,2024-01-01,6891,20.0,1
6650,1744,2024-12-31,8063,17.0,2
6649,1744,2025-12-31,9756,21.0,2
6661,1745,2020-01-01,2226,12.0,0
6660,1745,2020-12-31,2582,16.0,0
6659,1745,2021-12-31,2970,15.0,0
6658,1745,2023-01-01,3267,10.0,0
6657,1745,2024-01-01,3757,15.0,0
6656,1745,2024-12-31,4283,14.0,0
6655,1745,2025-12-31,4968,16.0,0
6664,1746,2024-01-01,1651,10.0,0
6663,1746,2024-12-31,1882,14.0,1
6662,1746,2025-12-31,2145,14.0,1
6669,1747,2020-05-04,1386,14.0,0
6668,1747,2021-05-05,1581,14.0,0
6667,1747,2022-05-05,1802,14.0,0
6666,1747,2023-05-05,1964,9.0,1
6665,1747,2024-05-04,2180,11.0,1
6675,1749,2020-12-31,3781,16.0,0
6674,1749,2021-12-31,4310,14.0,0
6673,1749,2023-01-01,4913,14.0,0
6672,1749,2024-01-01,5749,17.0,0
6671,1749,2024-12-31,7013,22.0,0
6670,1749,2025-12-31,8346,19.0,1
6682,1751,2020-01-01,1967,9.0,0
6681,1751,2020-12-31,2066,5.0,0
6680,1751,2021-12-31,2334,13.0,0
6679,1751,2023-01-01,2591,11.0,0
6678,1751,2024-01-01,2928,13.0,0
6677,1751,2024-12-31,3104,6.0,0
6676,1751,2025-12-31,3445,11.0,0
6685,1752,2023-07-15,2262,16.0,0
6684,1752,2024-07-14,2442,8.0,0
6683,1752,2025-07-14,2760,13.0,0
6689,1753,2023-01-01,4775,9.0,0
6688,1753,2024-01-01,5109,7.0,0
6687,1753,2024-12-31,5620,10.0,0
6686,1753,2025-12-31,6294,12.0,0
6696,1754,2020-01-01,3856,15.0,0
6695,1754,2020-12-31,4319,12.0,0
6694,1754,2021-12-31,4794,11.0,0
6693,1754,2023-01-01,5273,10.0,0
6692,1754,2024-01-01,6012,14.0,0
6691,1754,2024-12-31,6432,7.0,0
6690,1754,2025-12-31,7140,11.0,1
6702,1755,2020-12-31,1610,16.0,1
6701,1755,2021-12-31,1900,18.0,1
6700,1755,2023-01-01,2052,8.0,1
6699,1755,2024-01-01,2360,15.0,2
6698,1755,2024-12-31,2572,9.0,3
6697,1755,2025-12-31,2932,14.0,3
6709,1756,2020-01-01,2266,9.0,0
6708,1756,2020-12-31,2674,18.0,0
6707,1756,2021-12-31,3075,15.0,0
6706,1756,2023-01-01,3444,12.0,0
6705,1756,2024-01-01,3892,13.0,0
6704,1756,2024-12-31,4476,15.0,0
6703,1756,2025-12-31,5147,15.0,0
6715,1757,2020-12-31,2679,13.0,0
6714,1757,2021-12-31,2920,9.0,0
6713,1757,2023-01-01,3124,7.0,0
6712,1757,2024-01-01,3593,15.0,0
6711,1757,2024-12-31,4024,12.0,0
6710,1757,2025-12-31,4507,12.0,0
6716,1758,2024-12-18,8564,20.0,0
6723,1760,2020-01-01,1222,18.0,0
6722,1760,2020-12-31,1320,8.0,0
6721,1760,2021-12-31,1452,10.0,1
6720,1760,2023-01-01,1713,18.0,1
6719,1760,2024-01-01,1850,8.0,1
6718,1760,2024-12-31,2165,17.0,1
6717,1760,2025-12-31,2468,14.0,1
6725,1761,2023-06-24,7222,7.0,3
6724,1761,2024-06-23,8161,13.0,3
6727,1762,2024-12-31,1866,7.0,1
6726,1762,2025-12-31,2109,13.0,1
6734,1763,2020-01-01,2273,18.0,0
6733,1763,2020-12-31,2682,18.0,0
6732,1763,2021-12-31,3057,14.0,0
6731,1763,2023-01-01,3638,19.0,0
6730,1763,2024-01-01,4075,12.0,1
6729,1763,2024-12-31,4564,12.0,1
6728,1763,2025-12-31,5294,16.0,1
6741,1764,2020-01-01,1285,14.0,0
6740,1764,2020-12-31,1490,16.0,0
6739,1764,2021-12-31,1654,11.0,0
6738,1764,2023-01-01,1803,9.0,0
6737,1764,2024-01-01,2038,13.0,0
6736,1764,2024-12-31,2384,17.0,0
6735,1764,2025-12-31,2718,14.0,0
6743,1766,2024-12-31,5009,10.0,1
6742,1766,2025-12-31,5811,16.0,1
6745,1767,2023-06-05,2101,16.0,1
6744,1767,2024-06-04,2437,16.0,1
6751,1768,2020-12-31,1124,23.0,1
6750,1768,2021-12-31,1416,26.0,2
6749,1768,2023-01-01,1685,19.0,2
6748,1768,2024-01-01,1954,16.0,2
6747,1768,2024-12-31,2267,16.0,3
6746,1768,2025-12-31,2766,22.0,3
6753,1770,2024-12-31,16998,16.0,3
6752,1770,2025-12-31,19038,12.0,3
6760,1771,2020-01-01,1420,16.0,0
6759,1771,2020-12-31,1576,11.0,0
6758,1771,2021-12-31,1718,9.0,0
6757,1771,2023-01-01,1958,14.0,0
6756,1771,2024-01-01,2232,14.0,1
6755,1771,2024-12-31,2657,19.0,2
6754,1771,2025-12-31,3055,15.0,2
6766,1772,2020-12-31,1010,18.0,0
6765,1772,2021-12-31,1202,19.0,0
6764,1772,2023-01-01,1406,17.0,0
6763,1772,2024-01-01,1673,19.0,0
6762,1772,2024-12-31,1908,14.0,1
6761,1772,2025-12-31,2289,20.0,2
6773,1774,2020-01-01,1907,18.0,0
6772,1774,2020-12-31,2174,14.0,0
6771,1774,2021-12-31,2522,16.0,0
6770,1774,2023-01-01,2901,15.0,0
6769,1774,2024-01-01,3162,9.0,0
6768,1774,2024-12-31,3510,11.0,0
6767,1774,2025-12-31,4001,14.0,1
6777,1775,2023-01-01,7201,22.0,2
6776,1775,2024-01-01,8713,21.0,2
6775,1775,2024-12-31,10804,24.0,3
6774,1775,2025-12-31,12965,20.0,3
6784,1778,2020-01-01,1642,9.0,0
6783,1778,2020-12-31,1839,12.0,0
6782,1778,2021-12-31,2078,13.0,0
6781,1778,2023-01-01,2348,13.0,0
6780,1778,2024-01-01,2723,16.0,0
6779,1778,2024-12-31,3132,15.0,0
6778,1778,2025-12-31,3539,13.0,0
6787,1779,2024-01-01,4806,8.0,0
6786,1779,2024-12-31,5383,12.0,0
6785,1779,2025-12-31,6029,12.0,0
6789,1780,2023-05-06,2371,11.0,0
6788,1780,2024-05-05,2679,13.0,0
6795,1782,2020-12-31,2218,11.0,0
6794,1782,2021-12-31,2440,10.0,0
6793,1782,2023-01-01,2660,9.0,0
6792,1782,2024-01-01,3032,14.0,0
6791,1782,2024-12-31,3335,10.0,1
6790,1782,2025-12-31,3702,11.0,1
6797,1783,2023-02-05,2050,14.0,0
6796,1783,2024-02-05,2398,17.0,0
6804,1784,2020-01-01,2632,17.0,0
6803,1784,2020-12-31,3027,15.0,0
6802,1784,2021-12-31,3360,11.0,1
6801,1784,2023-01-01,3964,18.0,1
6800,1784,2024-01-01,4321,9.0,1
6799,1784,2024-12-31,4796,11.0,2
6798,1784,2025-12-31,5468,14.0,2
6807,1786,2024-01-01,10365,6.0,0
6806,1786,2024-12-31,11816,14.0,0
6805,1786,2025-12-31,13116,11.0,0
6813,1787,2020-12-31,2048,16.0,2
6812,1787,2021-12-31,2355,15.0,2
6811,1787,2023-01-01,2778,18.0,2
6810,1787,2024-01-01,3195,15.0,2
6809,1787,2024-12-31,3675,15.0,2
6808,1787,2025-12-31,4189,14.0,2
6816,1789,2024-01-01,14241,14.0,1
6815,1789,2024-12-31,16520,16.0,1
6814,1789,2025-12-31,19328,17.0,1
6823,1790,2020-01-01,3965,15.0,0
6822,1790,2020-12-31,4480,13.0,0
6821,1790,2021-12-31,5063,13.0,0
6820,1790,2023-01-01,5923,17.0,0
6819,1790,2024-01-01,6634,12.0,0
6818,1790,2024-12-31,7364,11.0,0
6817,1790,2025-12-31,8321,13.0,1
6829,1792,2019-02-11,1469,13.0,1
6828,1792,2020-02-11,1630,11.0,2
6827,1792,2021-02-11,1728,6.0,2
6826,1792,2022-02-11,1901,10.0,2
6825,1792,2023-02-11,2091,10.0,2
6824,1792,2024-02-11,2342,12.0,3
6836,1794,2020-01-01,1907,11.0,0
6835,1794,2020-12-31,2155,13.0,0
6834,1794,2021-12-31,2499,16.0,0
6833,1794,2023-01-01,2724,9.0,0
6832,1794,2024-01-01,3106,14.0,0
6831,1794,2024-12-31,3603,16.0,0
6830,1794,2025-12-31,4071,13.0,0
6843,1797,2018-02-14,2368,19.0,0
6842,1797,2019-02-14,2723,15.0,0
6841,1797,2020-02-14,3131,15.0,0
6840,1797,2021-02-14,3538,13.0,0
6839,1797,2022-02-14,4210,19.0,0
6838,1797,2023-02-14,4926,17.0,0
6837,1797,2024-02-14,5813,18.0,0
6850,1798,2020-01-01,1054,19.0,0
6849,1798,2020-12-31,1223,16.0,0
6848,1798,2021-12-31,1467,20.0,0
6847,1798,2023-01-01,1804,23.0,0
6846,1798,2024-01-01,2147,19.0,0
6845,1798,2024-12-31,2641,23.0,0
6844,1798,2025-12-31,3143,19.0,1
6856,1799,2020-12-31,1306,9.0,1
6855,1799,2021-12-31,1384,6.0,1
6854,1799,2023-01-01,1495,8.0,1
6853,1799,2024-01-01,1659,11.0,1
6852,1799,2024-12-31,1841,11.0,1
6851,1799,2025-12-31,2044,11.0,1
6861,1800,2021-12-31,6779,25.0,0
6860,1800,2023-01-01,8270,22.0,0
6859,1800,2024-01-01,9676,17.0,0
6858,1800,2024-12-31,11127,15.0,0
6857,1800,2025-12-31,13464,21.0,0
6864,1801,2024-01-01,5939,19.0,0
6863,1801,2024-12-31,6949,17.0,0
6862,1801,2025-12-31,7991,15.0,0
6869,1802,2021-12-31,1916,13.0,0
6868,1802,2023-01-01,2204,15.0,0
6867,1802,2024-01-01,2446,11.0,0
6866,1802,2024-12-31,2886,18.0,0
6865,1802,2025-12-31,3377,17.0,1
6870,1803,2025-12-31,5538,18.0,2
6877,1804,2020-01-01,2825,13.0,0
6876,1804,2020-12-31,3107,10.0,0
6875,1804,2021-12-31,3449,11.0,0
6874,1804,2023-01-01,3725,8.0,0
6873,1804,2024-01-01,4395,18.0,0
6872,1804,2024-12-31,5054,15.0,0
6871,1804,2025-12-31,5762,14.0,1
6884,1805,2020-01-01,1315,16.0,1
6883,1805,2020-12-31,1447,10.0,1
6882,1805,2021-12-31,1693,17.0,2
6881,1805,2023-01-01,1879,11.0,2
6880,1805,2024-01-01,2048,9.0,2
6879,1805,2024-12-31,2294,12.0,3
6878,1805,2025-12-31,2592,13.0,3
6891,1807,2018-11-21,2215,20.0,0
6890,1807,2019-11-21,2636,19.0,0
6889,1807,2020-11-20,2979,13.0,0
6888,1807,2021-11-21,3426,15.0,0
6887,1807,2022-11-21,3905,14.0,0
6886,1807,2023-11-21,4569,17.0,0
6885,1807,2024-11-20,5346,17.0,1
6898,1809,2018-10-26,1790,10.0,0
6897,1809,2019-10-26,2059,15.0,0
6896,1809,2020-10-25,2388,16.0,0
6895,1809,2021-10-26,2794,17.0,0
6894,1809,2022-10-26,3214,15.0,0
6893,1809,2023-10-26,3663,14.0,0
6892,1809,2024-10-25,4213,15.0,0
6901,1812,2024-01-01,2964,13.0,0
6900,1812,2024-12-31,3497,18.0,0
6899,1812,2025-12-31,4127,18.0,1
6905,1813,2023-01-01,1720,15.0,0
6904,1813,2024-01-01,1944,13.0,0
6903,1813,2024-12-31,2158,11.0,0
6902,1813,2025-12-31,2438,13.0,0
6909,1814,2023-01-01,4679,16.0,0
6908,1814,2024-01-01,5381,15.0,0
6907,1814,2024-12-31,6134,14.0,0
6906,1814,2025-12-31,6870,12.0,0
6916,1815,2020-01-01,5850,15.0,0
6915,1815,2020-12-31,6552,12.0,0
6914,1815,2021-12-31,7207,10.0,0
6913,1815,2023-01-01,8000,11.0,0
6912,1815,2024-01-01,8640,8.0,1
6911,1815,2024-12-31,9245,7.0,1
6910,1815,2025-12-31,10447,13.0,1
6923,1816,2020-01-01,4371,11.0,0
6922,1816,2020-12-31,4808,10.0,0
6921,1816,2021-12-31,5529,15.0,0
6920,1816,2023-01-01,6414,16.0,0
6919,1816,2024-01-01,7248,13.0,0
6918,1816,2024-12-31,8480,17.0,0
6917,1816,2025-12-31,9667,14.0,0
6929,1818,2020-07-16,1278,13.0,0
6928,1818,2021-07-16,1444,13.0,0
6927,1818,2022-07-17,1516,5.0,0
6926,1818,2023-07-17,1683,11.0,0
6925,1818,2024-07-16,1935,15.0,0
6924,1818,2025-07-16,2148,11.0,0
6936,1821,2018-04-28,2560,24.0,0
6935,1821,2019-04-28,3226,26.0,0
6934,1821,2020-04-27,3807,18.0,0
6933,1821,2021-04-28,4720,24.0,0
6932,1821,2022-04-28,5900,25.0,0
6931,1821,2023-04-28,7316,24.0,1
6930,1821,2024-04-27,8926,22.0,1
6942,1822,2020-12-31,2998,18.0,0
6941,1822,2021-12-31,3598,20.0,0
6940,1822,2023-01-01,4102,14.0,0
6939,1822,2024-01-01,4799,17.0,0
6938,1822,2024-12-31,5567,16.0,1
6937,1822,2025-12-31,6513,17.0,1
6949,1823,2020-01-01,2190,25.0,0
6948,1823,2020-12-31,2540,16.0,0
6947,1823,2021-12-31,3175,25.0,0
6946,1823,2023-01-01,3842,21.0,0
6945,1823,2024-01-01,4495,17.0,0
6944,1823,2024-12-31,5619,25.0,1
6943,1823,2025-12-31,6799,21.0,2
6956,1824,2020-01-01,4907,18.0,0
6955,1824,2020-12-31,6134,25.0,0
6954,1824,2021-12-31,7422,21.0,0
6953,1824,2023-01-01,9352,26.0,0
6952,1824,2024-01-01,11036,18.0,0
6951,1824,2024-12-31,13353,21.0,1
6950,1824,2025-12-31,16291,22.0,1
6962,1826,2020-12-31,1446,11.0,0
6961,1826,2021-12-31,1591,10.0,0
6960,1826,2023-01-01,1781,12.0,0
6959,1826,2024-01-01,2120,19.0,1
6958,1826,2024-12-31,2332,10.0,1
6957,1826,2025-12-31,2705,16.0,1
6969,1827,2020-01-01,5338,11.0,0
6968,1827,2020-12-31,6032,13.0,1
6967,1827,2021-12-31,6937,15.0,1
6966,1827,2023-01-01,7422,7.0,1
6965,1827,2024-01-01,8387,13.0,1
6964,1827,2024-12-31,9226,10.0,1
6963,1827,2025-12-31,10333,12.0,1
6976,1829,2020-01-01,2322,15.0,0
6975,1829,2020-12-31,2600,12.0,0
6974,1829,2021-12-31,2782,7.0,0
6973,1829,2023-01-01,2977,7.0,0
6972,1829,2024-01-01,3453,16.0,0
6971,1829,2024-12-31,3971,15.0,1
6970,1829,2025-12-31,4448,12.0,1
6983,1830,2020-01-01,3421,19.0,0
6982,1830,2020-12-31,3900,14.0,0
6981,1830,2021-12-31,4251,9.0,0
6980,1830,2023-01-01,5016,18.0,0
6979,1830,2024-01-01,5468,9.0,1
6978,1830,2024-12-31,5960,9.0,1
6977,1830,2025-12-31,6854,15.0,1
6987,1833,2023-01-01,7115,15.0,0
6986,1833,2024-01-01,7756,9.0,1
6985,1833,2024-12-31,8454,9.0,2
6984,1833,2025-12-31,9637,14.0,2
6991,1834,2023-01-01,1824,20.0,0
6990,1834,2024-01-01,2280,25.0,1
6989,1834,2024-12-31,2873,26.0,1
6988,1834,2025-12-31,3591,25.0,1
6996,1835,2021-12-31,2766,19.0,2
6995,1835,2023-01-01,3209,16.0,2
6994,1835,2024-01-01,3883,21.0,2
6993,1835,2024-12-31,4504,16.0,2
6992,1835,2025-12-31,5405,20.0,2
7002,1836,2020-12-31,2711,12.0,0
7001,1836,2021-12-31,3036,12.0,0
7000,1836,2023-01-01,3522,16.0,0
6999,1836,2024-01-01,3768,7.0,0
6998,1836,2024-12-31,4145,10.0,0
6997,1836,2025-12-31,4684,13.0,0
7005,1837,2024-01-01,12148,10.0,0
7004,1837,2024-12-31,13848,14.0,0
7003,1837,2025-12-31,15787,14.0,0
7006,1839,2025-12-31,1514,16.0,0
7008,1842,2024-09-23,2526,17.0,0
7007,1842,2025-09-23,2956,17.0,0
7011,1844,2022-10-21,1829,12.0,2
7010,1844,2023-10-21,2030,11.0,2
7009,1844,2024-10-20,2335,15.0,3
7018,1845,2020-01-01,1687,19.0,0
7017,1845,2020-12-31,2075,23.0,0
7016,1845,2021-12-31,2427,17.0,0
7015,1845,2023-01-01,2864,18.0,0
7014,1845,2024-01-01,3380,18.0,0
7013,1845,2024-12-31,4225,25.0,1
7012,1845,2025-12-31,5154,22.0,2
7020,1847,2024-12-31,5707,19.0,0
7019,1847,2025-12-31,6962,22.0,1
7027,1849,2020-01-01,2035,17.0,0
7026,1849,2020-12-31,2361,16.0,0
7025,1849,2021-12-31,2738,16.0,0
7024,1849,2023-01-01,3368,23.0,0
7023,1849,2024-01-01,4042,20.0,0
7022,1849,2024-12-31,4729,17.0,0
7021,1849,2025-12-31,5675,20.0,1
7033,1850,2020-12-31,1271,18.0,0
7032,1850,2021-12-31,1449,14.0,0
7031,1850,2023-01-01,1565,8.0,0
7030,1850,2024-01-01,1831,17.0,0
7029,1850,2024-12-31,2087,14.0,0
7028,1850,2025-12-31,2379,14.0,0
7040,1852,2020-01-01,1884,13.0,0
7039,1852,2020-12-31,2016,7.0,0
7038,1852,2021-12-31,2319,15.0,0
7037,1852,2023-01-01,2620,13.0,0
7036,1852,2024-01-01,3039,16.0,0
7035,1852,2024-12-31,3373,11.0,0
7034,1852,2025-12-31,3812,13.0,0
7041,1853,2025-12-31,4648,13.0,0
7048,1854,2020-01-01,969,25.0,1
7047,1854,2020-12-31,1221,26.0,1
7046,1854,2021-12-31,1429,17.0,1
7045,1854,2023-01-01,1686,18.0,1
7044,1854,2024-01-01,1973,17.0,2
7043,1854,2024-12-31,2407,22.0,2
7042,1854,2025-12-31,2936,22.0,2
7051,1856,2024-01-01,1678,12.0,0
7050,1856,2024-12-31,1879,12.0,0
7049,1856,2025-12-31,2105,12.0,0
7058,1857,2020-01-01,3988,10.0,0
7057,1857,2020-12-31,4666,17.0,0
7056,1857,2021-12-31,5039,8.0,0
7055,1857,2023-01-01,5745,14.0,0
7054,1857,2024-01-01,6779,18.0,0
7053,1857,2024-12-31,7525,11.0,0
7052,1857,2025-12-31,8578,14.0,1
7062,1858,2023-01-01,1690,15.0,0
7061,1858,2024-01-01,1977,17.0,0
7060,1858,2024-12-31,2353,19.0,1
7059,1858,2025-12-31,2706,15.0,1
7069,1859,2020-01-01,2472,14.0,1
7068,1859,2020-12-31,2867,16.0,1
7067,1859,2021-12-31,3211,12.0,1
7066,1859,2023-01-01,3822,19.0,2
7065,1859,2024-01-01,4624,21.0,2
7064,1859,2024-12-31,5456,18.0,2
7063,1859,2025-12-31,6384,17.0,2
7070,1860,2025-12-31,3968,13.0,0
7073,1862,2022-02-06,7625,14.0,0
7072,1862,2023-02-06,8846,16.0,0
7071,1862,2024-02-06,9907,12.0,0
7080,1863,2020-01-01,7892,14.0,0
7079,1863,2020-12-31,8603,9.0,1
7078,1863,2021-12-31,9291,8.0,1
7077,1863,2023-01-01,10220,10.0,1
7076,1863,2024-01-01,10833,6.0,1
7075,1863,2024-12-31,11808,9.0,1
7074,1863,2025-12-31,13225,12.0,1
7087,1864,2020-01-01,1250,22.0,0
7086,1864,2020-12-31,1437,15.0,0
7085,1864,2021-12-31,1682,17.0,0
7084,1864,2023-01-01,2052,22.0,0
7083,1864,2024-01-01,2544,24.0,0
7082,1864,2024-12-31,2926,15.0,0
7081,1864,2025-12-31,3540,21.0,1
7089,1865,2024-12-31,2526,13.0,0
7088,1865,2025-12-31,2804,11.0,0
7096,1866,2020-01-01,9413,9.0,0
7095,1866,2020-12-31,10825,15.0,0
7094,1866,2021-12-31,12016,11.0,0
7093,1866,2023-01-01,12977,8.0,0
7092,1866,2024-01-01,15054,16.0,0
7091,1866,2024-12-31,17161,14.0,0
7090,1866,2025-12-31,19392,13.0,0
7103,1867,2020-01-01,10719,9.0,0
7102,1867,2020-12-31,11577,8.0,0
7101,1867,2021-12-31,13081,13.0,0
7100,1867,2023-01-01,14651,12.0,0
7099,1867,2024-01-01,15677,7.0,0
7098,1867,2024-12-31,17558,12.0,0
7097,1867,2025-12-31,19665,12.0,0
7105,1868,2023-01-13,1967,26.0,0
7104,1868,2024-01-13,2439,24.0,0
7112,1869,2018-04-10,2452,15.0,0
7111,1869,2019-04-10,2992,22.0,0
7110,1869,2020-04-09,3590,20.0,1
7109,1869,2021-04-10,4308,20.0,2
7108,1869,2022-04-10,5256,22.0,2
7107,1869,2023-04-10,6045,15.0,3
7106,1869,2024-04-09,7314,21.0,3
7119,1870,2020-01-01,1802,14.0,0
7118,1870,2020-12-31,2072,15.0,0
7117,1870,2021-12-31,2466,19.0,0
7116,1870,2023-01-01,2934,19.0,0
7115,1870,2024-01-01,3550,21.0,0
7114,1870,2024-12-31,4012,13.0,0
7113,1870,2025-12-31,4774,19.0,1
7122,1871,2024-01-01,3140,17.0,2
7121,1871,2024-12-31,3423,9.0,3
7120,1871,2025-12-31,3902,14.0,3
7128,1873,2020-12-31,1118,21.0,1
7127,1873,2021-12-31,1274,14.0,1
7126,1873,2023-01-01,1503,18.0,1
7125,1873,2024-01-01,1864,24.0,1
7124,1873,2024-12-31,2218,19.0,1
7123,1873,2025-12-31,2662,20.0,1
7130,1875,2024-12-31,2400,20.0,0
7129,1875,2025-12-31,2856,19.0,1
7132,1876,2024-05-02,957,15.0,0
7131,1876,2025-05-02,1081,13.0,0
7134,1878,2024-02-20,2010,19.0,0
7133,1878,2025-02-19,2472,23.0,0
7141,1880,2020-01-01,3011,12.0,0
7140,1880,2020-12-31,3252,8.0,0
7139,1880,2021-12-31,3643,12.0,0
7138,1880,2023-01-01,4226,16.0,0
7137,1880,2024-01-01,4606,9.0,0
7136,1880,2024-12-31,5020,9.0,0
7135,1880,2025-12-31,5673,13.0,1
7148,1881,2020-01-01,2557,9.0,0
7147,1881,2020-12-31,2685,5.0,0
7146,1881,2021-12-31,2926,9.0,0
7145,1881,2023-01-01,3102,6.0,0
7144,1881,2024-01-01,3567,15.0,0
7143,1881,2024-12-31,3781,6.0,0
7142,1881,2025-12-31,4197,11.0,1
7154,1882,2020-12-31,5937,10.0,0
7153,1882,2021-12-31,6887,16.0,1
7152,1882,2023-01-01,7438,8.0,2
7151,1882,2024-01-01,8033,8.0,2
7150,1882,2024-12-31,8596,7.0,3
7149,1882,2025-12-31,9713,13.0,3
7158,1883,2023-01-01,1444,13.0,0
7157,1883,2024-01-01,1559,8.0,0
7156,1883,2024-12-31,1809,16.0,0
7155,1883,2025-12-31,2062,14.0,0
7164,1885,2020-12-31,1588,23.0,0
7163,1885,2021-12-31,1985,25.0,0
7162,1885,2023-01-01,2342,18.0,0
7161,1885,2024-01-01,2951,26.0,0
7160,1885,2024-12-31,3511,19.0,0
7159,1885,2025-12-31,4284,22.0,1
7168,1886,2023-01-01,3803,9.0,0
7167,1886,2024-01-01,4069,7.0,0
7166,1886,2024-12-31,4314,6.0,0
7165,1886,2025-12-31,4788,11.0,0
7175,1888,2020-01-01,3163,15.0,2
7174,1888,2020-12-31,3416,8.0,2
7173,1888,2021-12-31,3724,9.0,2
7172,1888,2023-01-01,4134,11.0,2
7171,1888,2024-01-01,4506,9.0,2
7170,1888,2024-12-31,5227,16.0,2
7169,1888,2025-12-31,5906,13.0,2
7182,1890,2020-01-01,1418,22.0,0
7181,1890,2020-12-31,1645,16.0,0
7180,1890,2021-12-31,1990,21.0,0
7179,1890,2023-01-01,2428,22.0,0
7178,1890,2024-01-01,2793,15.0,0
7177,1890,2024-12-31,3212,15.0,0
7176,1890,2025-12-31,3886,21.0,0
7189,1892,2020-01-01,9432,10.0,0
7188,1892,2020-12-31,9903,5.0,0
7187,1892,2021-12-31,11290,14.0,0
7186,1892,2023-01-01,12419,10.0,0
7185,1892,2024-01-01,14033,13.0,0
7184,1892,2024-12-31,15156,8.0,1
7183,1892,2025-12-31,16823,11.0,1
7191,1893,2024-12-31,2596,15.0,1
7190,1893,2025-12-31,2933,13.0,1
7198,1898,2020-01-01,3237,17.0,0
7197,1898,2020-12-31,3561,10.0,0
7196,1898,2021-12-31,3953,11.0,0
7195,1898,2023-01-01,4388,11.0,0
7194,1898,2024-01-01,5046,15.0,0
7193,1898,2024-12-31,5702,13.0,0
7192,1898,2025-12-31,6500,14.0,0
7205,1900,2020-01-01,9528,8.0,0
7204,1900,2020-12-31,10386,9.0,0
7203,1900,2021-12-31,11217,8.0,0
7202,1900,2023-01-01,12338,10.0,0
7201,1900,2024-01-01,14066,14.0,0
7200,1900,2024-12-31,15472,10.0,0
7199,1900,2025-12-31,17174,11.0,1
7208,1903,2024-01-01,4015,19.0,1
7207,1903,2024-12-31,4377,9.0,1
7206,1903,2025-12-31,5033,15.0,1
7214,1905,2020-11-28,762,26.0,0
7213,1905,2021-11-28,968,27.0,1
7212,1905,2022-11-29,1230,27.0,1
7211,1905,2023-11-29,1513,23.0,1
7210,1905,2024-11-28,1876,24.0,1
7209,1905,2025-11-28,2307,23.0,1
7219,1907,2020-03-13,1346,16.0,0
7218,1907,2021-03-14,1616,20.0,0
7217,1907,2022-03-14,1923,19.0,0
7216,1907,2023-03-14,2230,16.0,0
7215,1907,2024-03-13,2587,16.0,0
7224,1908,2021-12-31,3350,19.0,0
7223,1908,2023-01-01,3752,12.0,1
7222,1908,2024-01-01,4277,14.0,1
7221,1908,2024-12-31,4747,11.0,2
7220,1908,2025-12-31,5507,16.0,2
7230,1909,2020-12-31,1723,20.0,0
7229,1909,2021-12-31,2137,24.0,0
7228,1909,2023-01-01,2564,20.0,0
7227,1909,2024-01-01,3077,20.0,0
7226,1909,2024-12-31,3631,18.0,0
7225,1909,2025-12-31,4393,21.0,1
7237,1911,2020-01-01,7090,7.0,0
7236,1911,2020-12-31,7657,8.0,0
7235,1911,2021-12-31,8576,12.0,0
7234,1911,2023-01-01,10034,17.0,0
7233,1911,2024-01-01,10837,8.0,0
7232,1911,2024-12-31,11812,9.0,0
7231,1911,2025-12-31,13348,13.0,1
7243,1912,2020-12-31,4090,15.0,0
7242,1912,2021-12-31,4458,9.0,0
7241,1912,2023-01-01,4949,11.0,0
7240,1912,2024-01-01,5295,7.0,0
7239,1912,2024-12-31,5931,12.0,0
7238,1912,2025-12-31,6583,11.0,1
7248,1915,2021-12-31,5347,6.0,0
7247,1915,2023-01-01,5935,11.0,0
7246,1915,2024-01-01,6291,6.0,0
7245,1915,2024-12-31,7235,15.0,0
7244,1915,2025-12-31,8103,12.0,0
7251,1916,2024-01-01,3089,13.0,0
7250,1916,2024-12-31,3552,15.0,0
7249,1916,2025-12-31,3978,12.0,1
7258,1918,2020-01-01,1102,16.0,0
7257,1918,2020-12-31,1245,13.0,0
7256,1918,2021-12-31,1469,18.0,0
7255,1918,2023-01-01,1719,17.0,0
7254,1918,2024-01-01,1925,12.0,0
7253,1918,2024-12-31,2156,12.0,0
7252,1918,2025-12-31,2544,18.0,1
7263,1922,2021-12-31,3793,14.0,0
7262,1922,2023-01-01,4210,11.0,0
7261,1922,2024-01-01,4505,7.0,0
7260,1922,2024-12-31,4821,7.0,0
7259,1922,2025-12-31,5399,12.0,0
7270,1924,2020-01-01,2759,13.0,0
7269,1924,2020-12-31,3007,9.0,0
7268,1924,2021-12-31,3428,14.0,0
7267,1924,2023-01-01,3736,9.0,0
7266,1924,2024-01-01,4259,14.0,0
7265,1924,2024-12-31,4813,13.0,0
7264,1924,2025-12-31,5487,14.0,0
7277,1927,2020-01-01,3346,8.0,0
7276,1927,2020-12-31,3714,11.0,0
7275,1927,2021-12-31,4048,9.0,0
7274,1927,2023-01-01,4695,16.0,0
7273,1927,2024-01-01,5306,13.0,0
7272,1927,2024-12-31,6102,15.0,0
7271,1927,2025-12-31,6834,12.0,1
7279,1928,2024-12-17,932,18.0,0
7278,1928,2025-12-17,1091,17.0,0
7283,1929,2023-01-01,3239,17.0,0
7282,1929,2024-01-01,3984,23.0,0
7281,1929,2024-12-31,4820,21.0,0
7280,1929,2025-12-31,5736,19.0,1
7289,1931,2020-12-31,1336,9.0,0
7288,1931,2021-12-31,1416,6.0,0
7287,1931,2023-01-01,1615,14.0,0
7286,1931,2024-01-01,1744,8.0,0
7285,1931,2024-12-31,2005,15.0,1
7284,1931,2025-12-31,2226,11.0,1
7296,1932,2020-01-01,2624,12.0,0
7295,1932,2020-12-31,2965,13.0,0
7294,1932,2021-12-31,3499,18.0,0
7293,1932,2023-01-01,3919,12.0,0
7292,1932,2024-01-01,4585,17.0,0
7291,1932,2024-12-31,4997,9.0,0
7290,1932,2025-12-31,5747,15.0,0
7299,1933,2023-04-03,7720,15.0,0
7298,1933,2024-04-02,8877,15.0,0
7297,1933,2025-04-02,9854,11.0,0
7306,1934,2020-01-01,2013,12.0,0
7305,1934,2020-12-31,2396,19.0,0
7304,1934,2021-12-31,2779,16.0,0
7303,1934,2023-01-01,3113,12.0,0
7302,1934,2024-01-01,3798,22.0,1
7301,1934,2024-12-31,4633,22.0,1
7300,1934,2025-12-31,5467,18.0,1
7307,1935,2025-12-31,5380,16.0,1
7314,1936,2020-01-01,1364,27.0,0
7313,1936,2020-12-31,1623,19.0,0
7312,1936,2021-12-31,2077,28.0,0
7311,1936,2023-01-01,2659,28.0,0
7310,1936,2024-01-01,3323,25.0,0
7309,1936,2024-12-31,4121,24.0,0
7308,1936,2025-12-31,5151,25.0,1
7321,1937,2020-01-01,933,16.0,0
7320,1937,2020-12-31,1120,20.0,0
7319,1937,2021-12-31,1276,14.0,1
7318,1937,2023-01-01,1506,18.0,1
7317,1937,2024-01-01,1672,11.0,1
7316,1937,2024-12-31,1839,10.0,1
7315,1937,2025-12-31,2133,16.0,1
7323,1938,2024-12-31,15819,10.0,1
7322,1938,2025-12-31,17875,13.0,1
7328,1939,2021-07-04,1468,13.0,0
7327,1939,2022-07-05,1733,18.0,0
7326,1939,2023-07-05,1975,14.0,0
7325,1939,2024-07-04,2133,8.0,0
7324,1939,2025-07-04,2432,14.0,0
7334,1940,2020-12-31,2159,14.0,1
7333,1940,2021-12-31,2526,17.0,1
7332,1940,2023-01-01,2905,15.0,2
7331,1940,2024-01-01,3341,15.0,2
7330,1940,2024-12-31,4009,20.0,2
7329,1940,2025-12-31,4771,19.0,2
7340,1941,2020-12-31,9970,11.0,0
7339,1941,2021-12-31,11167,12.0,0
7338,1941,2023-01-01,13065,17.0,0
7337,1941,2024-01-01,14241,9.0,0
7336,1941,2024-12-31,16662,17.0,0
7335,1941,2025-12-31,19161,15.0,0
7341,1943,2025-12-31,5087,12.0,2
7343,1944,2024-12-01,2556,11.0,0
7342,1944,2025-12-01,2863,12.0,0
7349,1945,2020-12-31,2867,18.0,0
7348,1945,2021-12-31,3383,18.0,0
7347,1945,2023-01-01,3856,14.0,0
7346,1945,2024-01-01,4319,12.0,0
7345,1945,2024-12-31,4794,11.0,0
7344,1945,2025-12-31,5561,16.0,1
7355,1947,2020-12-31,1217,8.0,0
7354,1947,2021-12-31,1351,11.0,0
7353,1947,2023-01-01,1486,10.0,0
7352,1947,2024-01-01,1694,14.0,0
7351,1947,2024-12-31,1881,11.0,0
7350,1947,2025-12-31,2144,14.0,0
7360,1948,2021-12-31,1933,13.0,0
7359,1948,2023-01-01,2223,15.0,0
7358,1948,2024-01-01,2511,13.0,0
7357,1948,2024-12-31,2712,8.0,0
7356,1948,2025-12-31,3065,13.0,1
7366,1949,2020-12-31,1008,25.0,0
7365,1949,2021-12-31,1270,26.0,0
7364,1949,2023-01-01,1562,23.0,0
7363,1949,2024-01-01,1828,17.0,0
7362,1949,2024-12-31,2303,26.0,0
7361,1949,2025-12-31,2810,22.0,0
7373,1950,2020-01-01,3026,18.0,0
7372,1950,2020-12-31,3661,21.0,0
7371,1950,2021-12-31,4357,19.0,0
7370,1950,2023-01-01,5359,23.0,0
7369,1950,2024-01-01,6538,22.0,0
7368,1950,2024-12-31,8172,25.0,0
7367,1950,2025-12-31,9888,21.0,0
7380,1951,2020-01-01,3069,12.0,0
7379,1951,2020-12-31,3744,22.0,0
7378,1951,2021-12-31,4343,16.0,0
7377,1951,2023-01-01,4994,15.0,0
7376,1951,2024-01-01,5993,20.0,0
7375,1951,2024-12-31,7312,22.0,1
7374,1951,2025-12-31,8628,18.0,1
7387,1952,2020-01-01,1391,12.0,0
7386,1952,2020-12-31,1600,15.0,0
7385,1952,2021-12-31,1824,14.0,0
7384,1952,2023-01-01,1988,9.0,0
7383,1952,2024-01-01,2307,16.0,0
7382,1952,2024-12-31,2537,10.0,0
7381,1952,2025-12-31,2867,13.0,0
7393,1954,2020-12-31,3432,12.0,0
7392,1954,2021-12-31,3844,12.0,0
7391,1954,2023-01-01,4151,8.0,0
7390,1954,2024-01-01,4483,8.0,0
7389,1954,2024-12-31,4797,7.0,0
7388,1954,2025-12-31,5373,12.0,1
7399,1955,2020-12-31,2870,16.0,0
7398,1955,2021-12-31,3473,21.0,0
7397,1955,2023-01-01,3925,13.0,0
7396,1955,2024-01-01,4788,22.0,0
7395,1955,2024-12-31,5650,18.0,0
7394,1955,2025-12-31,6667,18.0,1
7406,1956,2020-01-01,1679,18.0,0
7405,1956,2020-12-31,2098,25.0,0
7404,1956,2021-12-31,2560,22.0,0
7403,1956,2023-01-01,3021,18.0,0
7402,1956,2024-01-01,3504,16.0,0
7401,1956,2024-12-31,4135,18.0,0
7400,1956,2025-12-31,5003,21.0,0
7411,1960,2021-05-20,1546,16.0,0
7410,1960,2022-05-21,1685,9.0,0
7409,1960,2023-05-21,1870,11.0,1
7408,1960,2024-05-20,2113,13.0,1
7407,1960,2025-05-20,2367,12.0,1
7413,1961,2024-12-31,2507,15.0,0
7412,1961,2025-12-31,2858,14.0,0
7420,1962,2020-01-01,2863,5.0,0
7419,1962,2020-12-31,3120,9.0,0
7418,1962,2021-12-31,3589,15.0,0
7417,1962,2023-01-01,3840,7.0,0
7416,1962,2024-01-01,4224,10.0,0
7415,1962,2024-12-31,4688,11.0,0
7414,1962,2025-12-31,5204,11.0,0
7427,1965,2020-01-01,2029,12.0,0
7426,1965,2020-12-31,2313,14.0,0
7425,1965,2021-12-31,2660,15.0,0
7424,1965,2023-01-01,2899,9.0,0
7423,1965,2024-01-01,3131,8.0,0
7422,1965,2024-12-31,3601,15.0,0
7421,1965,2025-12-31,4105,14.0,0
7429,1966,2024-12-31,7806,22.0,0
7428,1966,2025-12-31,9679,24.0,0
7436,1967,2018-04-25,2850,14.0,0
7435,1967,2019-04-25,3192,12.0,0
7434,1967,2020-04-24,3671,15.0,0
7433,1967,2021-04-25,4074,11.0,0
7432,1967,2022-04-25,4400,8.0,0
7431,1967,2023-04-25,5060,15.0,0
7430,1967,2024-04-24,5617,11.0,0
7439,1968,2022-11-02,8483,10.0,0
7438,1968,2023-11-02,9246,9.0,0
7437,1968,2024-11-01,10448,13.0,0
7444,1969,2021-12-31,1874,13.0,0
7443,1969,2023-01-01,2099,12.0,0
7442,1969,2024-01-01,2351,12.0,0
7441,1969,2024-12-31,2610,11.0,1
7440,1969,2025-12-31,2897,11.0,2
7451,1970,2020-01-01,2071,16.0,0
7450,1970,2020-12-31,2505,21.0,0
7449,1970,2021-12-31,2881,15.0,0
7448,1970,2023-01-01,3342,16.0,0
7447,1970,2024-01-01,4144,24.0,1
7446,1970,2024-12-31,4973,20.0,2
7445,1970,2025-12-31,5968,20.0,3
7458,1971,2020-01-01,2982,19.0,0
7457,1971,2020-12-31,3609,21.0,0
7456,1971,2021-12-31,4150,15.0,0
7455,1971,2023-01-01,4897,18.0,0
7454,1971,2024-01-01,5533,13.0,0
7453,1971,2024-12-31,6419,16.0,1
7452,1971,2025-12-31,7510,17.0,1
7465,1972,2020-01-01,1561,6.0,0
7464,1972,2020-12-31,1780,14.0,0
7463,1972,2021-12-31,1869,5.0,0
7462,1972,2023-01-01,2130,14.0,0
7461,1972,2024-01-01,2450,15.0,0
7460,1972,2024-12-31,2695,10.0,1
7459,1972,2025-12-31,2991,11.0,1
7472,1973,2020-01-01,7796,15.0,1
7471,1973,2020-12-31,8965,15.0,1
7470,1973,2021-12-31,10220,14.0,1
7469,1973,2023-01-01,11856,16.0,1
7468,1973,2024-01-01,13753,16.0,1
7467,1973,2024-12-31,16641,21.0,1
7466,1973,2025-12-31,19636,18.0,1
7474,1974,2024-12-31,1017,12.0,3
7473,1974,2025-12-31,1129,11.0,3
7481,1975,2020-01-01,7082,10.0,0
7480,1975,2020-12-31,8073,14.0,0
7479,1975,2021-12-31,8719,8.0,0
7478,1975,2023-01-01,9591,10.0,0
7477,1975,2024-01-01,11029,15.0,0
7476,1975,2024-12-31,11912,8.0,0
7475,1975,2025-12-31,13341,12.0,0
7488,1976,2020-01-01,2278,9.0,0
7487,1976,2020-12-31,2574,13.0,0
7486,1976,2021-12-31,2960,15.0,0
7485,1976,2023-01-01,3197,8.0,0
7484,1976,2024-01-01,3548,11.0,0
7483,1976,2024-12-31,3868,9.0,0
7482,1976,2025-12-31,4332,12.0,0
7495,1979,2020-01-01,3731,19.0,0
7494,1979,2020-12-31,4626,24.0,0
7493,1979,2021-12-31,5644,22.0,0
7492,1979,2023-01-01,6773,20.0,1
7491,1979,2024-01-01,7925,17.0,1
7490,1979,2024-12-31,9192,16.0,1
7489,1979,2025-12-31,11031,20.0,1
7501,1980,2020-12-31,2011,20.0,0
7500,1980,2021-12-31,2273,13.0,0
7499,1980,2023-01-01,2773,22.0,0
7498,1980,2024-01-01,3244,17.0,0
7497,1980,2024-12-31,3731,15.0,0
7496,1980,2025-12-31,4440,19.0,0
7506,1981,2021-12-31,2939,13.0,0
7505,1981,2023-01-01,3350,14.0,0
7504,1981,2024-01-01,3585,7.0,0
7503,1981,2024-12-31,4122,15.0,0
7502,1981,2025-12-31,4617,12.0,0
7512,1982,2020-12-31,1388,7.0,0
7511,1982,2021-12-31,1527,10.0,0
7510,1982,2023-01-01,1787,17.0,0
7509,1982,2024-01-01,2055,15.0,0
7508,1982,2024-12-31,2342,14.0,0
7507,1982,2025-12-31,2647,13.0,0
7519,1985,2020-01-01,3642,12.0,0
7518,1985,2020-12-31,3897,7.0,0
7517,1985,2021-12-31,4131,6.0,0
7516,1985,2023-01-01,4709,14.0,1
7515,1985,2024-01-01,5274,12.0,1
7514,1985,2024-12-31,5696,8.0,1
7513,1985,2025-12-31,6323,11.0,1
7526,1986,2020-01-01,2804,16.0,0
7525,1986,2020-12-31,3196,14.0,0
7524,1986,2021-12-31,3516,10.0,0
7523,1986,2023-01-01,4043,15.0,0
7522,1986,2024-01-01,4407,9.0,1
7521,1986,2024-12-31,4980,13.0,1
7520,1986,2025-12-31,5677,14.0,1
7529,1987,2024-01-01,1668,14.0,0
7528,1987,2024-12-31,1918,15.0,0
7527,1987,2025-12-31,2187,14.0,0
7536,1989,2020-01-01,1608,11.0,0
7535,1989,2020-12-31,1865,16.0,0
7534,1989,2021-12-31,2163,16.0,0
7533,1989,2023-01-01,2423,12.0,0
7532,1989,2024-01-01,2835,17.0,0
7531,1989,2024-12-31,3317,17.0,0
7530,1989,2025-12-31,3748,13.0,0
7539,1992,2024-01-01,2856,18.0,0
7538,1992,2024-12-31,3342,17.0,0
7537,1992,2025-12-31,3977,19.0,1
7546,1993,2020-01-01,2578,17.0,0
7545,1993,2020-12-31,3171,23.0,0
7544,1993,2021-12-31,3964,25.0,0
7543,1993,2023-01-01,4757,20.0,0
7542,1993,2024-01-01,5898,24.0,0
7541,1993,2024-12-31,7019,19.0,0
7540,1993,2025-12-31,8633,23.0,0
7548,1994,2024-12-31,1793,10.0,2
7547,1994,2025-12-31,2008,12.0,3
7555,1995,2020-01-01,1906,14.0,0
7554,1995,2020-12-31,2249,18.0,0
7553,1995,2021-12-31,2542,13.0,0
7552,1995,2023-01-01,3025,19.0,1
7551,1995,2024-01-01,3357,11.0,2
7550,1995,2024-12-31,3861,15.0,2
7549,1995,2025-12-31,4440,15.0,2
7558,1996,2024-01-01,2281,21.0,1
7557,1996,2024-12-31,2577,13.0,1
7556,1996,2025-12-31,3067,19.0,1
7565,1997,2020-01-01,3236,14.0,0
7564,1997,2020-12-31,3462,7.0,0
7563,1997,2021-12-31,3635,5.0,1
7562,1997,2023-01-01,4035,11.0,1
7561,1997,2024-01-01,4358,8.0,1
7560,1997,2024-12-31,4794,10.0,1
7559,1997,2025-12-31,5321,11.0,1
7570,1998,2021-12-31,2915,19.0,0
7569,1998,2023-01-01,3469,19.0,0
7568,1998,2024-01-01,3886,12.0,0
7567,1998,2024-12-31,4624,19.0,0
7566,1998,2025-12-31,5410,17.0,1
7576,1999,2020-12-31,957,20.0,0
7575,1999,2021-12-31,1206,26.0,0
7574,1999,2023-01-01,1495,24.0,0
7573,1999,2024-01-01,1839,23.0,0
7572,1999,2024-12-31,2280,24.0,0
7571,1999,2025-12-31,2782,22.0,1
7583,2000,2020-01-01,4359,13.0,0
7582,2000,2020-12-31,5187,19.0,0
7581,2000,2021-12-31,6173,19.0,0
7580,2000,2023-01-01,7099,15.0,0
7579,2000,2024-01-01,8306,17.0,0
7578,2000,2024-12-31,10133,22.0,1
7577,2000,2025-12-31,11957,18.0,2
7586,2003,2024-01-01,2199,9.0,1
7585,2003,2024-12-31,2396,9.0,1
7584,2003,2025-12-31,2660,11.0,1
7590,2007,2023-01-01,2448,16.0,0
7589,2007,2024-01-01,2790,14.0,0
7588,2007,2024-12-31,3013,8.0,0
7587,2007,2025-12-31,3375,12.0,0
7597,2008,2020-01-01,2094,22.0,0
7596,2008,2020-12-31,2471,18.0,0
7595,2008,2021-12-31,2793,13.0,0
7594,2008,2023-01-01,3184,14.0,0
7593,2008,2024-01-01,3693,16.0,0
7592,2008,2024-12-31,4284,16.0,0
7591,2008,2025-12-31,5098,19.0,0
7604,2009,2020-01-01,2456,12.0,0
7603,2009,2020-12-31,2677,9.0,0
7602,2009,2021-12-31,3132,17.0,0
7601,2009,2023-01-01,3570,14.0,0
7600,2009,2024-01-01,4034,13.0,1
7599,2009,2024-12-31,4317,7.0,1
7598,2009,2025-12-31,4878,13.0,1
7611,2010,2020-01-01,1367,16.0,0
7610,2010,2020-12-31,1599,17.0,0
7609,2010,2021-12-31,1823,14.0,0
7608,2010,2023-01-01,2133,17.0,0
7607,2010,2024-01-01,2346,10.0,0
7606,2010,2024-12-31,2511,7.0,0
7605,2010,2025-12-31,2837,13.0,0
7613,2012,2024-12-31,2022,20.0,2
7612,2012,2025-12-31,2406,19.0,2
7616,2013,2024-01-01,1826,17.0,0
7615,2013,2024-12-31,1990,9.0,0
7614,2013,2025-12-31,2269,14.0,1
7623,2014,2020-01-01,2032,9.0,0
7622,2014,2020-12-31,2276,12.0,0
7621,2014,2021-12-31,2503,10.0,0
7620,2014,2023-01-01,2929,17.0,0
7619,2014,2024-01-01,3134,7.0,0
7618,2014,2024-12-31,3635,16.0,0
7617,2014,2025-12-31,4108,13.0,0
7630,2015,2020-01-01,7008,13.0,0
7629,2015,2020-12-31,8129,16.0,0
7628,2015,2021-12-31,9024,11.0,0
7627,2015,2023-01-01,9745,8.0,0
7626,2015,2024-01-01,10623,9.0,1
7625,2015,2024-12-31,11791,11.0,1
7624,2015,2025-12-31,13206,12.0,1
7637,2016,2020-01-01,4107,22.0,0
7636,2016,2020-12-31,4805,17.0,0
7635,2016,2021-12-31,5430,13.0,0
7634,2016,2023-01-01,6353,17.0,0
7633,2016,2024-01-01,7750,22.0,1
7632,2016,2024-12-31,8758,13.0,1
7631,2016,2025-12-31,10422,19.0,2
7644,2017,2020-01-01,3666,20.0,0
7643,2017,2020-12-31,4509,23.0,0
7642,2017,2021-12-31,5771,28.0,1
7641,2017,2023-01-01,7041,22.0,1
7640,2017,2024-01-01,8590,22.0,1
7639,2017,2024-12-31,10995,28.0,1
7638,2017,2025-12-31,13744,25.0,1
7650,2018,2020-12-31,1819,23.0,0
7649,2018,2021-12-31,2274,25.0,0
7648,2018,2023-01-01,2660,17.0,0
7647,2018,2024-01-01,3352,26.0,0
7646,2018,2024-12-31,4022,20.0,0
7645,2018,2025-12-31,4907,22.0,1
7657,2019,2020-01-01,1405,17.0,0
7656,2019,2020-12-31,1644,17.0,0
7655,2019,2021-12-31,1874,14.0,0
7654,2019,2023-01-01,2212,18.0,0
7653,2019,2024-01-01,2588,17.0,0
7652,2019,2024-12-31,3028,17.0,1
7651,2019,2025-12-31,3482,15.0,2
7662,2020,2021-12-31,1563,16.0,0
7661,2020,2023-01-01,1798,15.0,0
7660,2020,2024-01-01,1995,11.0,0
7659,2020,2024-12-31,2175,9.0,0
7658,2020,2025-12-31,2436,12.0,0
7665,2021,2024-01-01,1914,14.0,0
7664,2021,2024-12-31,2144,12.0,0
7663,2021,2025-12-31,2380,11.0,0
7672,2022,2020-01-01,10132,16.0,0
7671,2022,2020-12-31,11247,11.0,0
7670,2022,2021-12-31,12147,8.0,0
7669,2022,2023-01-01,13118,8.0,0
7668,2022,2024-01-01,15217,16.0,0
7667,2022,2024-12-31,17196,13.0,0
7666,2022,2025-12-31,19431,13.0,0
7674,2023,2023-05-17,1504,22.0,1
7673,2023,2024-05-16,1790,19.0,1
7681,2024,2020-01-01,2520,20.0,0
7680,2024,2020-12-31,2973,18.0,0
7679,2024,2021-12-31,3657,23.0,0
7678,2024,2023-01-01,4462,22.0,0
7677,2024,2024-01-01,5265,18.0,1
7676,2024,2024-12-31,6424,22.0,1
7675,2024,2025-12-31,7644,19.0,2
7686,2025,2021-12-31,3095,15.0,0
7685,2025,2023-01-01,3528,14.0,0
7684,2025,2024-01-01,4128,17.0,1
7683,2025,2024-12-31,4541,10.0,2
7682,2025,2025-12-31,5131,13.0,3
7693,2026,2020-01-01,2097,24.0,0
7692,2026,2020-12-31,2433,16.0,0
7691,2026,2021-12-31,2944,21.0,0
7690,2026,2023-01-01,3473,18.0,0
7689,2026,2024-01-01,4203,21.0,0
7688,2026,2024-12-31,5212,24.0,1
7687,2026,2025-12-31,6306,21.0,1
7696,2027,2022-05-13,3783,11.0,1
7695,2027,2023-05-13,4199,11.0,2
7694,2027,2024-05-12,4787,14.0,3
7703,2031,2020-01-01,10018,10.0,0
7702,2031,2020-12-31,11220,12.0,0
7701,2031,2021-12-31,12903,15.0,0
7700,2031,2023-01-01,13806,7.0,0
7699,2031,2024-01-01,15187,10.0,0
7698,2031,2024-12-31,17009,12.0,0
7697,2031,2025-12-31,18880,11.0,0
7710,2032,2019-08-20,1264,12.0,0
7709,2032,2020-08-19,1454,15.0,0
7708,2032,2021-08-19,1599,10.0,0
7707,2032,2022-08-20,1791,12.0,0
7706,2032,2023-08-20,1898,6.0,1
7705,2032,2024-08-19,2107,11.0,1
7704,2032,2025-08-19,2339,11.0,1
7717,2034,2020-01-01,4290,18.0,0
7716,2034,2020-12-31,5149,20.0,0
7715,2034,2021-12-31,6333,23.0,0
7714,2034,2023-01-01,7536,19.0,0
7713,2034,2024-01-01,9194,22.0,0
7712,2034,2024-12-31,11033,20.0,0
7711,2034,2025-12-31,13570,23.0,1
7724,2035,2020-01-01,2307,25.0,0
7723,2035,2020-12-31,2676,16.0,0
7722,2035,2021-12-31,3265,22.0,0
7721,2035,2023-01-01,3885,19.0,1
7720,2035,2024-01-01,4584,18.0,2
7719,2035,2024-12-31,5547,21.0,2
7718,2035,2025-12-31,6712,21.0,2
7731,2036,2020-01-01,1362,22.0,0
7730,2036,2020-12-31,1689,24.0,0
7729,2036,2021-12-31,2128,26.0,0
7728,2036,2023-01-01,2682,26.0,0
7727,2036,2024-01-01,3433,28.0,0
7726,2036,2024-12-31,4360,27.0,1
7725,2036,2025-12-31,5406,24.0,1
7737,2037,2020-12-31,5558,7.0,0
7736,2037,2021-12-31,6169,11.0,0
7735,2037,2023-01-01,7033,14.0,0
7734,2037,2024-01-01,7525,7.0,1
7733,2037,2024-12-31,8052,7.0,1
7732,2037,2025-12-31,8938,11.0,1
7742,2038,2021-12-31,1432,8.0,0
7741,2038,2023-01-01,1646,15.0,0
7740,2038,2024-01-01,1877,14.0,0
7739,2038,2024-12-31,2139,14.0,0
7738,2038,2025-12-31,2439,14.0,0
7749,2040,2020-01-01,3861,20.0,0
7748,2040,2020-12-31,4440,15.0,0
7747,2040,2021-12-31,5061,14.0,0
7746,2040,2023-01-01,5719,13.0,0
7745,2040,2024-01-01,6863,20.0,0
7744,2040,2024-12-31,7618,11.0,0
7743,2040,2025-12-31,8837,16.0,0
7756,2041,2020-01-01,3281,5.0,0
7755,2041,2020-12-31,3511,7.0,0
7754,2041,2021-12-31,3686,5.0,0
7753,2041,2023-01-01,3981,8.0,0
7752,2041,2024-01-01,4260,7.0,0
7751,2041,2024-12-31,4814,13.0,0
7750,2041,2025-12-31,5343,11.0,1
7763,2044,2019-06-09,3539,16.0,1
7762,2044,2020-06-08,4035,14.0,1
7761,2044,2021-06-08,4277,6.0,1
7760,2044,2022-06-09,4705,10.0,2
7759,2044,2023-06-09,5269,12.0,2
7758,2044,2024-06-08,6007,14.0,2
7757,2044,2025-06-08,6728,12.0,2
7770,2045,2020-01-01,2956,16.0,0
7769,2045,2020-12-31,3429,16.0,0
7768,2045,2021-12-31,3943,15.0,0
7767,2045,2023-01-01,4337,10.0,0
7766,2045,2024-01-01,5031,16.0,1
7765,2045,2024-12-31,5887,17.0,1
7764,2045,2025-12-31,6652,13.0,1
7776,2046,2020-12-31,2661,19.0,0
7775,2046,2021-12-31,2954,11.0,0
7774,2046,2023-01-01,3220,9.0,0
7773,2046,2024-01-01,3799,18.0,0
7772,2046,2024-12-31,4217,11.0,0
7771,2046,2025-12-31,4850,15.0,0
7779,2048,2024-01-01,2088,15.0,0
7778,2048,2024-12-31,2464,18.0,0
7777,2048,2025-12-31,2809,14.0,0
7786,2049,2020-01-01,3130,15.0,0
7785,2049,2020-12-31,3412,9.0,0
7784,2049,2021-12-31,3684,8.0,0
7783,2049,2023-01-01,4016,9.0,0
7782,2049,2024-01-01,4578,14.0,1
7781,2049,2024-12-31,4990,9.0,2
7780,2049,2025-12-31,5689,14.0,2
7792,2051,2020-12-31,1060,12.0,0
7791,2051,2021-12-31,1176,11.0,0
7790,2051,2023-01-01,1388,18.0,0
7789,2051,2024-01-01,1513,9.0,1
7788,2051,2024-12-31,1755,16.0,2
7787,2051,2025-12-31,2001,14.0,3
7797,2052,2021-12-31,1945,16.0,0
7796,2052,2023-01-01,2120,9.0,0
7795,2052,2024-01-01,2439,15.0,0
7794,2052,2024-12-31,2658,9.0,0
7793,2052,2025-12-31,2977,12.0,1
7802,2053,2021-12-31,2678,13.0,0
7801,2053,2023-01-01,2946,10.0,0
7800,2053,2024-01-01,3152,7.0,0
7799,2053,2024-12-31,3562,13.0,0
7798,2053,2025-12-31,4025,13.0,1
7808,2054,2020-12-31,2290,16.0,0
7807,2054,2021-12-31,2473,8.0,0
7806,2054,2023-01-01,2696,9.0,0
7805,2054,2024-01-01,2938,9.0,0
7804,2054,2024-12-31,3320,13.0,0
7803,2054,2025-12-31,3785,14.0,0
7812,2055,2021-12-09,7396,16.0,0
7811,2055,2022-12-09,8653,17.0,0
7810,2055,2023-12-09,9605,11.0,1
7809,2055,2024-12-08,10854,13.0,1
7819,2056,2020-01-01,6690,10.0,0
7818,2056,2020-12-31,7158,7.0,0
7817,2056,2021-12-31,8232,15.0,0
7816,2056,2023-01-01,9384,14.0,0
7815,2056,2024-01-01,10323,10.0,0
7814,2056,2024-12-31,10839,5.0,0
7813,2056,2025-12-31,12031,11.0,1
7826,2057,2020-01-01,3631,13.0,0
7825,2057,2020-12-31,4103,13.0,0
7824,2057,2021-12-31,4841,18.0,0
7823,2057,2023-01-01,5955,23.0,0
7822,2057,2024-01-01,7324,23.0,0
7821,2057,2024-12-31,8350,14.0,0
7820,2057,2025-12-31,9936,19.0,0
7831,2060,2021-12-31,1518,19.0,0
7830,2060,2023-01-01,1836,21.0,0
7829,2060,2024-01-01,2167,18.0,0
7828,2060,2024-12-31,2514,16.0,0
7827,2060,2025-12-31,2966,18.0,0
7837,2061,2020-12-31,1163,17.0,0
7836,2061,2021-12-31,1361,17.0,0
7835,2061,2023-01-01,1592,17.0,0
7834,2061,2024-01-01,1831,15.0,0
7833,2061,2024-12-31,2197,20.0,0
7832,2061,2025-12-31,2571,17.0,1
7844,2062,2020-01-01,4641,19.0,0
7843,2062,2020-12-31,5338,15.0,1
7842,2062,2021-12-31,5871,10.0,1
7841,2062,2023-01-01,6928,18.0,1
7840,2062,2024-01-01,7621,10.0,1
7839,2062,2024-12-31,8688,14.0,1
7838,2062,2025-12-31,9991,15.0,1
7851,2064,2020-01-01,2318,15.0,0
7850,2064,2020-12-31,2643,14.0,0
7849,2064,2021-12-31,3013,14.0,0
7848,2064,2023-01-01,3555,18.0,0
7847,2064,2024-01-01,4338,22.0,0
7846,2064,2024-12-31,5118,18.0,0
7845,2064,2025-12-31,6142,20.0,1
7858,2065,2020-01-01,2666,18.0,0
7857,2065,2020-12-31,3012,13.0,0
7856,2065,2021-12-31,3404,13.0,0
7855,2065,2023-01-01,3676,8.0,0
7854,2065,2024-01-01,4338,18.0,0
7853,2065,2024-12-31,4728,9.0,0
7852,2065,2025-12-31,5390,14.0,0
7863,2068,2021-12-31,2828,9.0,0
7862,2068,2023-01-01,3139,11.0,0
7861,2068,2024-01-01,3641,16.0,0
7860,2068,2024-12-31,3932,8.0,0
7859,2068,2025-12-31,4404,12.0,0
