employee_id,scored_date,risk_score,risk_tier,model_name
2,2025-12-31,0.17327,Low,logistic_regression
5,2025-12-31,0.58607,Medium,logistic_regression
7,2025-12-31,0.64306,Medium,logistic_regression
8,2025-12-31,0.43039,Low,logistic_regression
10,2025-12-31,0.76172,High,logistic_regression
11,2025-12-31,0.43686,Low,logistic_regression
12,2025-12-31,0.23491,Low,logistic_regression
13,2025-12-31,0.17178,Low,logistic_regression
14,2025-12-31,0.61746,Medium,logistic_regression
15,2025-12-31,0.68425,High,logistic_regression
16,2025-12-31,0.42847,Low,logistic_regression
18,2025-12-31,0.38009,Low,logistic_regression
20,2025-12-31,0.21156,Low,logistic_regression
21,2025-12-31,0.68819,High,logistic_regression
22,2025-12-31,0.5819,Medium,logistic_regression
23,2025-12-31,0.09013,Low,logistic_regression
24,2025-12-31,0.54276,Medium,logistic_regression
26,2025-12-31,0.09885,Low,logistic_regression
28,2025-12-31,0.22087,Low,logistic_regression
30,2025-12-31,0.69954,High,logistic_regression
32,2025-12-31,0.02789,Low,logistic_regression
35,2025-12-31,0.25666,Low,logistic_regression
36,2025-12-31,0.13402,Low,logistic_regression
38,2025-12-31,0.2054,Low,logistic_regression
39,2025-12-31,0.63757,Medium,logistic_regression
40,2025-12-31,0.24993,Low,logistic_regression
41,2025-12-31,0.40316,Low,logistic_regression
46,2025-12-31,0.05074,Low,logistic_regression
49,2025-12-31,0.29677,Low,logistic_regression
51,2025-12-31,0.72009,High,logistic_regression
52,2025-12-31,0.32035,Low,logistic_regression
53,2025-12-31,0.24399,Low,logistic_regression
54,2025-12-31,0.33853,Low,logistic_regression
56,2025-12-31,0.48908,Medium,logistic_regression
57,2025-12-31,0.29583,Low,logistic_regression
60,2025-12-31,0.38532,Low,logistic_regression
61,2025-12-31,0.5127,Medium,logistic_regression
62,2025-12-31,0.82213,High,logistic_regression
63,2025-12-31,0.28007,Low,logistic_regression
68,2025-12-31,0.58534,Medium,logistic_regression
70,2025-12-31,0.30696,Low,logistic_regression
72,2025-12-31,0.72596,High,logistic_regression
73,2025-12-31,0.527,Medium,logistic_regression
74,2025-12-31,0.61424,Medium,logistic_regression
75,2025-12-31,0.87319,High,logistic_regression
76,2025-12-31,0.10271,Low,logistic_regression
77,2025-12-31,0.07634,Low,logistic_regression
78,2025-12-31,0.43471,Low,logistic_regression
79,2025-12-31,0.49233,Medium,logistic_regression
80,2025-12-31,0.39663,Low,logistic_regression
81,2025-12-31,0.88258,High,logistic_regression
83,2025-12-31,0.0365,Low,logistic_regression
84,2025-12-31,0.05201,Low,logistic_regression
85,2025-12-31,0.5508,Medium,logistic_regression
86,2025-12-31,0.16156,Low,logistic_regression
88,2025-12-31,0.61301,Medium,logistic_regression
91,2025-12-31,0.68685,High,logistic_regression
94,2025-12-31,0.15977,Low,logistic_regression
95,2025-12-31,0.48324,Medium,logistic_regression
96,2025-12-31,0.16312,Low,logistic_regression
97,2025-12-31,0.45809,Medium,logistic_regression
98,2025-12-31,0.10872,Low,logistic_regression
100,2025-12-31,0.57248,Medium,logistic_regression
101,2025-12-31,0.54275,Medium,logistic_regression
102,2025-12-31,0.14755,Low,logistic_regression
103,2025-12-31,0.60449,Medium,logistic_regression
104,2025-12-31,0.42352,Low,logistic_regression
105,2025-12-31,0.31245,Low,logistic_regression
106,2025-12-31,0.30604,Low,logistic_regression
107,2025-12-31,0.17591,Low,logistic_regression
110,2025-12-31,0.24236,Low,logistic_regression
112,2025-12-31,0.14723,Low,logistic_regression
113,2025-12-31,0.76543,High,logistic_regression
116,2025-12-31,0.07276,Low,logistic_regression
117,2025-12-31,0.04437,Low,logistic_regression
119,2025-12-31,0.24763,Low,logistic_regression
120,2025-12-31,0.7844,High,logistic_regression
121,2025-12-31,0.50582,Medium,logistic_regression
124,2025-12-31,0.59601,Medium,logistic_regression
125,2025-12-31,0.41749,Low,logistic_regression
126,2025-12-31,0.12383,Low,logistic_regression
128,2025-12-31,0.43101,Low,logistic_regression
129,2025-12-31,0.17539,Low,logistic_regression
132,2025-12-31,0.33163,Low,logistic_regression
134,2025-12-31,0.57507,Medium,logistic_regression
138,2025-12-31,0.37053,Low,logistic_regression
139,2025-12-31,0.03695,Low,logistic_regression
140,2025-12-31,0.00827,Low,logistic_regression
141,2025-12-31,0.42313,Low,logistic_regression
143,2025-12-31,0.14386,Low,logistic_regression
144,2025-12-31,0.73723,High,logistic_regression
145,2025-12-31,0.462,Medium,logistic_regression
148,2025-12-31,0.13787,Low,logistic_regression
150,2025-12-31,0.47752,Medium,logistic_regression
151,2025-12-31,0.15673,Low,logistic_regression
152,2025-12-31,0.23427,Low,logistic_regression
153,2025-12-31,0.19516,Low,logistic_regression
154,2025-12-31,0.19586,Low,logistic_regression
155,2025-12-31,0.30207,Low,logistic_regression
158,2025-12-31,0.45648,Medium,logistic_regression
159,2025-12-31,0.45352,Medium,logistic_regression
160,2025-12-31,0.18266,Low,logistic_regression
162,2025-12-31,0.25048,Low,logistic_regression
164,2025-12-31,0.23386,Low,logistic_regression
169,2025-12-31,0.25049,Low,logistic_regression
170,2025-12-31,0.31969,Low,logistic_regression
171,2025-12-31,0.60211,Medium,logistic_regression
174,2025-12-31,0.50458,Medium,logistic_regression
176,2025-12-31,0.39421,Low,logistic_regression
177,2025-12-31,0.33847,Low,logistic_regression
178,2025-12-31,0.12423,Low,logistic_regression
182,2025-12-31,0.0902,Low,logistic_regression
183,2025-12-31,0.74255,High,logistic_regression
184,2025-12-31,0.69192,High,logistic_regression
192,2025-12-31,0.39905,Low,logistic_regression
193,2025-12-31,0.45201,Medium,logistic_regression
194,2025-12-31,0.64474,Medium,logistic_regression
195,2025-12-31,0.06818,Low,logistic_regression
197,2025-12-31,0.14227,Low,logistic_regression
198,2025-12-31,0.42276,Low,logistic_regression
199,2025-12-31,0.13077,Low,logistic_regression
200,2025-12-31,0.31205,Low,logistic_regression
201,2025-12-31,0.67941,High,logistic_regression
202,2025-12-31,0.48139,Medium,logistic_regression
204,2025-12-31,0.19087,Low,logistic_regression
205,2025-12-31,0.78241,High,logistic_regression
206,2025-12-31,0.464,Medium,logistic_regression
207,2025-12-31,0.48457,Medium,logistic_regression
208,2025-12-31,0.04141,Low,logistic_regression
211,2025-12-31,0.21637,Low,logistic_regression
214,2025-12-31,0.75185,High,logistic_regression
215,2025-12-31,0.14035,Low,logistic_regression
216,2025-12-31,0.42373,Low,logistic_regression
217,2025-12-31,0.1527,Low,logistic_regression
218,2025-12-31,0.16637,Low,logistic_regression
221,2025-12-31,0.33917,Low,logistic_regression
223,2025-12-31,0.26671,Low,logistic_regression
224,2025-12-31,0.50436,Medium,logistic_regression
226,2025-12-31,0.08018,Low,logistic_regression
227,2025-12-31,0.24007,Low,logistic_regression
228,2025-12-31,0.20012,Low,logistic_regression
230,2025-12-31,0.18766,Low,logistic_regression
231,2025-12-31,0.29585,Low,logistic_regression
233,2025-12-31,0.75515,High,logistic_regression
238,2025-12-31,0.5972,Medium,logistic_regression
239,2025-12-31,0.21779,Low,logistic_regression
240,2025-12-31,0.41983,Low,logistic_regression
241,2025-12-31,0.5135,Medium,logistic_regression
242,2025-12-31,0.17818,Low,logistic_regression
244,2025-12-31,0.23883,Low,logistic_regression
245,2025-12-31,0.32543,Low,logistic_regression
246,2025-12-31,0.35602,Low,logistic_regression
247,2025-12-31,0.34176,Low,logistic_regression
249,2025-12-31,0.26992,Low,logistic_regression
250,2025-12-31,0.07267,Low,logistic_regression
252,2025-12-31,0.14455,Low,logistic_regression
253,2025-12-31,0.03833,Low,logistic_regression
254,2025-12-31,0.26029,Low,logistic_regression
256,2025-12-31,0.14191,Low,logistic_regression
258,2025-12-31,0.05847,Low,logistic_regression
259,2025-12-31,0.14985,Low,logistic_regression
260,2025-12-31,0.28316,Low,logistic_regression
262,2025-12-31,0.01371,Low,logistic_regression
264,2025-12-31,0.0294,Low,logistic_regression
267,2025-12-31,0.87321,High,logistic_regression
269,2025-12-31,0.61949,Medium,logistic_regression
270,2025-12-31,0.04885,Low,logistic_regression
271,2025-12-31,0.1675,Low,logistic_regression
273,2025-12-31,0.15159,Low,logistic_regression
274,2025-12-31,0.3639,Low,logistic_regression
275,2025-12-31,0.09757,Low,logistic_regression
277,2025-12-31,0.37316,Low,logistic_regression
281,2025-12-31,0.47087,Medium,logistic_regression
284,2025-12-31,0.48737,Medium,logistic_regression
286,2025-12-31,0.58097,Medium,logistic_regression
287,2025-12-31,0.04528,Low,logistic_regression
288,2025-12-31,0.04849,Low,logistic_regression
292,2025-12-31,0.07299,Low,logistic_regression
293,2025-12-31,0.47683,Medium,logistic_regression
296,2025-12-31,0.11846,Low,logistic_regression
298,2025-12-31,0.29072,Low,logistic_regression
302,2025-12-31,0.17231,Low,logistic_regression
303,2025-12-31,0.15519,Low,logistic_regression
304,2025-12-31,0.2379,Low,logistic_regression
305,2025-12-31,0.16584,Low,logistic_regression
306,2025-12-31,0.22677,Low,logistic_regression
307,2025-12-31,0.27589,Low,logistic_regression
308,2025-12-31,0.06762,Low,logistic_regression
309,2025-12-31,0.1071,Low,logistic_regression
311,2025-12-31,0.53663,Medium,logistic_regression
312,2025-12-31,0.29954,Low,logistic_regression
314,2025-12-31,0.30617,Low,logistic_regression
316,2025-12-31,0.3324,Low,logistic_regression
319,2025-12-31,0.08211,Low,logistic_regression
321,2025-12-31,0.46328,Medium,logistic_regression
323,2025-12-31,0.0103,Low,logistic_regression
327,2025-12-31,0.09241,Low,logistic_regression
329,2025-12-31,0.54598,Medium,logistic_regression
330,2025-12-31,0.44308,Low,logistic_regression
332,2025-12-31,0.09267,Low,logistic_regression
333,2025-12-31,0.17468,Low,logistic_regression
334,2025-12-31,0.39328,Low,logistic_regression
335,2025-12-31,0.15117,Low,logistic_regression
336,2025-12-31,0.06305,Low,logistic_regression
337,2025-12-31,0.12599,Low,logistic_regression
338,2025-12-31,0.17147,Low,logistic_regression
339,2025-12-31,0.13389,Low,logistic_regression
340,2025-12-31,0.28932,Low,logistic_regression
341,2025-12-31,0.34787,Low,logistic_regression
343,2025-12-31,0.13889,Low,logistic_regression
346,2025-12-31,0.21276,Low,logistic_regression
347,2025-12-31,0.63268,Medium,logistic_regression
349,2025-12-31,0.20575,Low,logistic_regression
350,2025-12-31,0.17445,Low,logistic_regression
351,2025-12-31,0.49739,Medium,logistic_regression
352,2025-12-31,0.07919,Low,logistic_regression
353,2025-12-31,0.28326,Low,logistic_regression
359,2025-12-31,0.79464,High,logistic_regression
361,2025-12-31,0.03818,Low,logistic_regression
362,2025-12-31,0.47328,Medium,logistic_regression
363,2025-12-31,0.18833,Low,logistic_regression
366,2025-12-31,0.6516,Medium,logistic_regression
367,2025-12-31,0.15932,Low,logistic_regression
369,2025-12-31,0.1044,Low,logistic_regression
372,2025-12-31,0.39766,Low,logistic_regression
373,2025-12-31,0.22154,Low,logistic_regression
374,2025-12-31,0.81139,High,logistic_regression
377,2025-12-31,0.09393,Low,logistic_regression
378,2025-12-31,0.13169,Low,logistic_regression
379,2025-12-31,0.24785,Low,logistic_regression
380,2025-12-31,0.05767,Low,logistic_regression
381,2025-12-31,0.11735,Low,logistic_regression
382,2025-12-31,0.72037,High,logistic_regression
384,2025-12-31,0.22117,Low,logistic_regression
385,2025-12-31,0.07479,Low,logistic_regression
386,2025-12-31,0.12866,Low,logistic_regression
387,2025-12-31,0.27953,Low,logistic_regression
388,2025-12-31,0.56185,Medium,logistic_regression
389,2025-12-31,0.47436,Medium,logistic_regression
390,2025-12-31,0.85747,High,logistic_regression
391,2025-12-31,0.16036,Low,logistic_regression
393,2025-12-31,0.08191,Low,logistic_regression
395,2025-12-31,0.10738,Low,logistic_regression
396,2025-12-31,0.61367,Medium,logistic_regression
397,2025-12-31,0.32119,Low,logistic_regression
399,2025-12-31,0.62639,Medium,logistic_regression
403,2025-12-31,0.71324,High,logistic_regression
404,2025-12-31,0.42185,Low,logistic_regression
406,2025-12-31,0.35345,Low,logistic_regression
407,2025-12-31,0.45548,Medium,logistic_regression
408,2025-12-31,0.05601,Low,logistic_regression
410,2025-12-31,0.12004,Low,logistic_regression
411,2025-12-31,0.76497,High,logistic_regression
412,2025-12-31,0.40808,Low,logistic_regression
416,2025-12-31,0.34759,Low,logistic_regression
417,2025-12-31,0.03447,Low,logistic_regression
419,2025-12-31,0.22807,Low,logistic_regression
420,2025-12-31,0.2396,Low,logistic_regression
421,2025-12-31,0.12558,Low,logistic_regression
422,2025-12-31,0.06003,Low,logistic_regression
423,2025-12-31,0.42687,Low,logistic_regression
424,2025-12-31,0.70177,High,logistic_regression
425,2025-12-31,0.74446,High,logistic_regression
426,2025-12-31,0.51645,Medium,logistic_regression
428,2025-12-31,0.08007,Low,logistic_regression
429,2025-12-31,0.577,Medium,logistic_regression
430,2025-12-31,0.29775,Low,logistic_regression
431,2025-12-31,0.25827,Low,logistic_regression
434,2025-12-31,0.79706,High,logistic_regression
436,2025-12-31,0.67191,Medium,logistic_regression
437,2025-12-31,0.73233,High,logistic_regression
438,2025-12-31,0.07792,Low,logistic_regression
439,2025-12-31,0.30217,Low,logistic_regression
441,2025-12-31,0.07069,Low,logistic_regression
442,2025-12-31,0.08129,Low,logistic_regression
444,2025-12-31,0.11152,Low,logistic_regression
446,2025-12-31,0.61959,Medium,logistic_regression
447,2025-12-31,0.03045,Low,logistic_regression
448,2025-12-31,0.16225,Low,logistic_regression
449,2025-12-31,0.55846,Medium,logistic_regression
450,2025-12-31,0.32453,Low,logistic_regression
451,2025-12-31,0.19975,Low,logistic_regression
452,2025-12-31,0.05839,Low,logistic_regression
453,2025-12-31,0.46258,Medium,logistic_regression
455,2025-12-31,0.50276,Medium,logistic_regression
456,2025-12-31,0.07582,Low,logistic_regression
458,2025-12-31,0.28515,Low,logistic_regression
460,2025-12-31,0.03605,Low,logistic_regression
461,2025-12-31,0.12831,Low,logistic_regression
462,2025-12-31,0.44895,Medium,logistic_regression
463,2025-12-31,0.43791,Low,logistic_regression
464,2025-12-31,0.27229,Low,logistic_regression
465,2025-12-31,0.22289,Low,logistic_regression
466,2025-12-31,0.53559,Medium,logistic_regression
467,2025-12-31,0.90362,High,logistic_regression
468,2025-12-31,0.22724,Low,logistic_regression
469,2025-12-31,0.15241,Low,logistic_regression
470,2025-12-31,0.61876,Medium,logistic_regression
471,2025-12-31,0.28747,Low,logistic_regression
473,2025-12-31,0.43777,Low,logistic_regression
474,2025-12-31,0.43281,Low,logistic_regression
475,2025-12-31,0.48722,Medium,logistic_regression
476,2025-12-31,0.199,Low,logistic_regression
477,2025-12-31,0.34832,Low,logistic_regression
479,2025-12-31,0.13918,Low,logistic_regression
481,2025-12-31,0.35294,Low,logistic_regression
482,2025-12-31,0.06046,Low,logistic_regression
483,2025-12-31,0.49954,Medium,logistic_regression
484,2025-12-31,0.64442,Medium,logistic_regression
486,2025-12-31,0.35747,Low,logistic_regression
487,2025-12-31,0.08913,Low,logistic_regression
491,2025-12-31,0.06821,Low,logistic_regression
493,2025-12-31,0.81567,High,logistic_regression
495,2025-12-31,0.32809,Low,logistic_regression
496,2025-12-31,0.29401,Low,logistic_regression
497,2025-12-31,0.20429,Low,logistic_regression
498,2025-12-31,0.41429,Low,logistic_regression
499,2025-12-31,0.12432,Low,logistic_regression
500,2025-12-31,0.16066,Low,logistic_regression
501,2025-12-31,0.13951,Low,logistic_regression
505,2025-12-31,0.15598,Low,logistic_regression
507,2025-12-31,0.38077,Low,logistic_regression
508,2025-12-31,0.65164,Medium,logistic_regression
511,2025-12-31,0.41924,Low,logistic_regression
513,2025-12-31,0.16713,Low,logistic_regression
515,2025-12-31,0.44151,Low,logistic_regression
516,2025-12-31,0.08388,Low,logistic_regression
517,2025-12-31,0.2334,Low,logistic_regression
518,2025-12-31,0.8358,High,logistic_regression
520,2025-12-31,0.28991,Low,logistic_regression
521,2025-12-31,0.29271,Low,logistic_regression
522,2025-12-31,0.17364,Low,logistic_regression
523,2025-12-31,0.11228,Low,logistic_regression
524,2025-12-31,0.38136,Low,logistic_regression
525,2025-12-31,0.28817,Low,logistic_regression
526,2025-12-31,0.26872,Low,logistic_regression
527,2025-12-31,0.77136,High,logistic_regression
529,2025-12-31,0.38167,Low,logistic_regression
530,2025-12-31,0.31008,Low,logistic_regression
531,2025-12-31,0.45139,Medium,logistic_regression
532,2025-12-31,0.26811,Low,logistic_regression
533,2025-12-31,0.50894,Medium,logistic_regression
534,2025-12-31,0.27225,Low,logistic_regression
536,2025-12-31,0.3729,Low,logistic_regression
543,2025-12-31,0.2619,Low,logistic_regression
544,2025-12-31,0.26711,Low,logistic_regression
546,2025-12-31,0.02468,Low,logistic_regression
547,2025-12-31,0.38484,Low,logistic_regression
548,2025-12-31,0.11188,Low,logistic_regression
550,2025-12-31,0.111,Low,logistic_regression
551,2025-12-31,0.08291,Low,logistic_regression
556,2025-12-31,0.6229,Medium,logistic_regression
558,2025-12-31,0.055,Low,logistic_regression
560,2025-12-31,0.35546,Low,logistic_regression
562,2025-12-31,0.17369,Low,logistic_regression
564,2025-12-31,0.05753,Low,logistic_regression
567,2025-12-31,0.35608,Low,logistic_regression
568,2025-12-31,0.24935,Low,logistic_regression
569,2025-12-31,0.22888,Low,logistic_regression
571,2025-12-31,0.19853,Low,logistic_regression
573,2025-12-31,0.49048,Medium,logistic_regression
574,2025-12-31,0.05077,Low,logistic_regression
575,2025-12-31,0.20902,Low,logistic_regression
577,2025-12-31,0.46151,Medium,logistic_regression
578,2025-12-31,0.47738,Medium,logistic_regression
579,2025-12-31,0.07316,Low,logistic_regression
580,2025-12-31,0.43248,Low,logistic_regression
581,2025-12-31,0.04898,Low,logistic_regression
585,2025-12-31,0.67,Medium,logistic_regression
586,2025-12-31,0.31808,Low,logistic_regression
591,2025-12-31,0.42929,Low,logistic_regression
592,2025-12-31,0.22124,Low,logistic_regression
595,2025-12-31,0.10221,Low,logistic_regression
597,2025-12-31,0.12299,Low,logistic_regression
599,2025-12-31,0.13431,Low,logistic_regression
600,2025-12-31,0.37354,Low,logistic_regression
601,2025-12-31,0.23044,Low,logistic_regression
602,2025-12-31,0.30708,Low,logistic_regression
604,2025-12-31,0.69417,High,logistic_regression
605,2025-12-31,0.6339,Medium,logistic_regression
606,2025-12-31,0.08522,Low,logistic_regression
611,2025-12-31,0.05695,Low,logistic_regression
612,2025-12-31,0.03139,Low,logistic_regression
613,2025-12-31,0.04781,Low,logistic_regression
615,2025-12-31,0.30034,Low,logistic_regression
616,2025-12-31,0.43409,Low,logistic_regression
618,2025-12-31,0.70507,High,logistic_regression
620,2025-12-31,0.46243,Medium,logistic_regression
621,2025-12-31,0.33591,Low,logistic_regression
623,2025-12-31,0.07732,Low,logistic_regression
624,2025-12-31,0.4328,Low,logistic_regression
625,2025-12-31,0.09384,Low,logistic_regression
626,2025-12-31,0.1716,Low,logistic_regression
630,2025-12-31,0.26621,Low,logistic_regression
632,2025-12-31,0.66405,Medium,logistic_regression
634,2025-12-31,0.11229,Low,logistic_regression
635,2025-12-31,0.17443,Low,logistic_regression
638,2025-12-31,0.37014,Low,logistic_regression
639,2025-12-31,0.65733,Medium,logistic_regression
641,2025-12-31,0.50746,Medium,logistic_regression
643,2025-12-31,0.47268,Medium,logistic_regression
644,2025-12-31,0.52042,Medium,logistic_regression
645,2025-12-31,0.59514,Medium,logistic_regression
649,2025-12-31,0.49402,Medium,logistic_regression
652,2025-12-31,0.63629,Medium,logistic_regression
653,2025-12-31,0.12928,Low,logistic_regression
655,2025-12-31,0.21325,Low,logistic_regression
656,2025-12-31,0.6137,Medium,logistic_regression
657,2025-12-31,0.36769,Low,logistic_regression
659,2025-12-31,0.04519,Low,logistic_regression
661,2025-12-31,0.319,Low,logistic_regression
662,2025-12-31,0.68229,High,logistic_regression
663,2025-12-31,0.4779,Medium,logistic_regression
664,2025-12-31,0.06393,Low,logistic_regression
665,2025-12-31,0.49131,Medium,logistic_regression
666,2025-12-31,0.60878,Medium,logistic_regression
669,2025-12-31,0.81949,High,logistic_regression
671,2025-12-31,0.09012,Low,logistic_regression
675,2025-12-31,0.41703,Low,logistic_regression
677,2025-12-31,0.20483,Low,logistic_regression
679,2025-12-31,0.56499,Medium,logistic_regression
680,2025-12-31,0.22809,Low,logistic_regression
682,2025-12-31,0.20269,Low,logistic_regression
683,2025-12-31,0.20308,Low,logistic_regression
686,2025-12-31,0.62512,Medium,logistic_regression
689,2025-12-31,0.06818,Low,logistic_regression
690,2025-12-31,0.31258,Low,logistic_regression
691,2025-12-31,0.24291,Low,logistic_regression
692,2025-12-31,0.16323,Low,logistic_regression
699,2025-12-31,0.53964,Medium,logistic_regression
700,2025-12-31,0.39589,Low,logistic_regression
704,2025-12-31,0.21131,Low,logistic_regression
705,2025-12-31,0.40035,Low,logistic_regression
707,2025-12-31,0.32974,Low,logistic_regression
709,2025-12-31,0.17855,Low,logistic_regression
710,2025-12-31,0.18265,Low,logistic_regression
712,2025-12-31,0.41259,Low,logistic_regression
714,2025-12-31,0.33372,Low,logistic_regression
715,2025-12-31,0.23943,Low,logistic_regression
716,2025-12-31,0.71692,High,logistic_regression
717,2025-12-31,0.0775,Low,logistic_regression
721,2025-12-31,0.14339,Low,logistic_regression
722,2025-12-31,0.33238,Low,logistic_regression
724,2025-12-31,0.1404,Low,logistic_regression
725,2025-12-31,0.16598,Low,logistic_regression
727,2025-12-31,0.03862,Low,logistic_regression
728,2025-12-31,0.44887,Medium,logistic_regression
729,2025-12-31,0.68891,High,logistic_regression
730,2025-12-31,0.03755,Low,logistic_regression
731,2025-12-31,0.06331,Low,logistic_regression
732,2025-12-31,0.80661,High,logistic_regression
733,2025-12-31,0.17133,Low,logistic_regression
734,2025-12-31,0.06738,Low,logistic_regression
738,2025-12-31,0.44031,Low,logistic_regression
742,2025-12-31,0.07645,Low,logistic_regression
743,2025-12-31,0.50442,Medium,logistic_regression
744,2025-12-31,0.53041,Medium,logistic_regression
746,2025-12-31,0.54011,Medium,logistic_regression
747,2025-12-31,0.19681,Low,logistic_regression
749,2025-12-31,0.81853,High,logistic_regression
754,2025-12-31,0.24205,Low,logistic_regression
757,2025-12-31,0.26974,Low,logistic_regression
758,2025-12-31,0.48176,Medium,logistic_regression
760,2025-12-31,0.31015,Low,logistic_regression
763,2025-12-31,0.47645,Medium,logistic_regression
764,2025-12-31,0.28516,Low,logistic_regression
766,2025-12-31,0.3644,Low,logistic_regression
769,2025-12-31,0.21202,Low,logistic_regression
771,2025-12-31,0.0857,Low,logistic_regression
772,2025-12-31,0.55306,Medium,logistic_regression
773,2025-12-31,0.61202,Medium,logistic_regression
775,2025-12-31,0.44702,Low,logistic_regression
776,2025-12-31,0.30555,Low,logistic_regression
781,2025-12-31,0.47241,Medium,logistic_regression
783,2025-12-31,0.30987,Low,logistic_regression
784,2025-12-31,0.59071,Medium,logistic_regression
786,2025-12-31,0.18704,Low,logistic_regression
789,2025-12-31,0.45504,Medium,logistic_regression
791,2025-12-31,0.04078,Low,logistic_regression
792,2025-12-31,0.43748,Low,logistic_regression
793,2025-12-31,0.27008,Low,logistic_regression
797,2025-12-31,0.2232,Low,logistic_regression
799,2025-12-31,0.32723,Low,logistic_regression
800,2025-12-31,0.2723,Low,logistic_regression
802,2025-12-31,0.49441,Medium,logistic_regression
803,2025-12-31,0.89059,High,logistic_regression
804,2025-12-31,0.37196,Low,logistic_regression
805,2025-12-31,0.57049,Medium,logistic_regression
806,2025-12-31,0.18478,Low,logistic_regression
807,2025-12-31,0.08323,Low,logistic_regression
808,2025-12-31,0.29654,Low,logistic_regression
809,2025-12-31,0.19792,Low,logistic_regression
812,2025-12-31,0.27269,Low,logistic_regression
813,2025-12-31,0.09624,Low,logistic_regression
815,2025-12-31,0.04137,Low,logistic_regression
817,2025-12-31,0.05322,Low,logistic_regression
820,2025-12-31,0.25454,Low,logistic_regression
823,2025-12-31,0.09075,Low,logistic_regression
824,2025-12-31,0.20776,Low,logistic_regression
826,2025-12-31,0.20731,Low,logistic_regression
827,2025-12-31,0.19091,Low,logistic_regression
829,2025-12-31,0.42366,Low,logistic_regression
830,2025-12-31,0.11958,Low,logistic_regression
832,2025-12-31,0.81695,High,logistic_regression
833,2025-12-31,0.7588,High,logistic_regression
834,2025-12-31,0.34621,Low,logistic_regression
836,2025-12-31,0.37883,Low,logistic_regression
837,2025-12-31,0.44908,Medium,logistic_regression
838,2025-12-31,0.35395,Low,logistic_regression
843,2025-12-31,0.1133,Low,logistic_regression
844,2025-12-31,0.09781,Low,logistic_regression
845,2025-12-31,0.09912,Low,logistic_regression
846,2025-12-31,0.68089,High,logistic_regression
847,2025-12-31,0.32364,Low,logistic_regression
850,2025-12-31,0.19029,Low,logistic_regression
851,2025-12-31,0.19355,Low,logistic_regression
852,2025-12-31,0.26228,Low,logistic_regression
854,2025-12-31,0.71375,High,logistic_regression
855,2025-12-31,0.3257,Low,logistic_regression
856,2025-12-31,0.59701,Medium,logistic_regression
857,2025-12-31,0.71987,High,logistic_regression
859,2025-12-31,0.26641,Low,logistic_regression
861,2025-12-31,0.27225,Low,logistic_regression
862,2025-12-31,0.45438,Medium,logistic_regression
864,2025-12-31,0.456,Medium,logistic_regression
865,2025-12-31,0.17148,Low,logistic_regression
867,2025-12-31,0.07809,Low,logistic_regression
868,2025-12-31,0.17105,Low,logistic_regression
869,2025-12-31,0.26267,Low,logistic_regression
872,2025-12-31,0.14819,Low,logistic_regression
874,2025-12-31,0.72233,High,logistic_regression
875,2025-12-31,0.81026,High,logistic_regression
878,2025-12-31,0.66194,Medium,logistic_regression
879,2025-12-31,0.78955,High,logistic_regression
880,2025-12-31,0.23356,Low,logistic_regression
882,2025-12-31,0.0943,Low,logistic_regression
885,2025-12-31,0.41846,Low,logistic_regression
887,2025-12-31,0.15508,Low,logistic_regression
888,2025-12-31,0.29207,Low,logistic_regression
889,2025-12-31,0.56709,Medium,logistic_regression
893,2025-12-31,0.64606,Medium,logistic_regression
894,2025-12-31,0.45062,Medium,logistic_regression
895,2025-12-31,0.29417,Low,logistic_regression
897,2025-12-31,0.30002,Low,logistic_regression
899,2025-12-31,0.14998,Low,logistic_regression
900,2025-12-31,0.5225,Medium,logistic_regression
901,2025-12-31,0.03948,Low,logistic_regression
902,2025-12-31,0.09611,Low,logistic_regression
903,2025-12-31,0.22646,Low,logistic_regression
904,2025-12-31,0.81719,High,logistic_regression
905,2025-12-31,0.21897,Low,logistic_regression
909,2025-12-31,0.09861,Low,logistic_regression
910,2025-12-31,0.58957,Medium,logistic_regression
912,2025-12-31,0.22102,Low,logistic_regression
913,2025-12-31,0.70114,High,logistic_regression
916,2025-12-31,0.53464,Medium,logistic_regression
920,2025-12-31,0.23689,Low,logistic_regression
924,2025-12-31,0.3997,Low,logistic_regression
925,2025-12-31,0.73201,High,logistic_regression
930,2025-12-31,0.11683,Low,logistic_regression
933,2025-12-31,0.43771,Low,logistic_regression
934,2025-12-31,0.52606,Medium,logistic_regression
936,2025-12-31,0.24972,Low,logistic_regression
939,2025-12-31,0.81873,High,logistic_regression
940,2025-12-31,0.15783,Low,logistic_regression
941,2025-12-31,0.44959,Medium,logistic_regression
942,2025-12-31,0.32973,Low,logistic_regression
944,2025-12-31,0.59337,Medium,logistic_regression
945,2025-12-31,0.38323,Low,logistic_regression
947,2025-12-31,0.14018,Low,logistic_regression
949,2025-12-31,0.23745,Low,logistic_regression
950,2025-12-31,0.05164,Low,logistic_regression
951,2025-12-31,0.20444,Low,logistic_regression
954,2025-12-31,0.57502,Medium,logistic_regression
956,2025-12-31,0.69775,High,logistic_regression
957,2025-12-31,0.86672,High,logistic_regression
958,2025-12-31,0.3534,Low,logistic_regression
961,2025-12-31,0.34028,Low,logistic_regression
964,2025-12-31,0.79643,High,logistic_regression
966,2025-12-31,0.1231,Low,logistic_regression
969,2025-12-31,0.15629,Low,logistic_regression
972,2025-12-31,0.21886,Low,logistic_regression
974,2025-12-31,0.52582,Medium,logistic_regression
975,2025-12-31,0.27036,Low,logistic_regression
976,2025-12-31,0.01832,Low,logistic_regression
981,2025-12-31,0.02267,Low,logistic_regression
982,2025-12-31,0.17403,Low,logistic_regression
983,2025-12-31,0.5967,Medium,logistic_regression
984,2025-12-31,0.07572,Low,logistic_regression
985,2025-12-31,0.31796,Low,logistic_regression
987,2025-12-31,0.51566,Medium,logistic_regression
990,2025-12-31,0.1202,Low,logistic_regression
992,2025-12-31,0.07212,Low,logistic_regression
995,2025-12-31,0.2841,Low,logistic_regression
996,2025-12-31,0.04181,Low,logistic_regression
997,2025-12-31,0.01201,Low,logistic_regression
998,2025-12-31,0.49357,Medium,logistic_regression
999,2025-12-31,0.11601,Low,logistic_regression
1001,2025-12-31,0.46236,Medium,logistic_regression
1002,2025-12-31,0.5681,Medium,logistic_regression
1003,2025-12-31,0.32655,Low,logistic_regression
1005,2025-12-31,0.23754,Low,logistic_regression
1006,2025-12-31,0.3566,Low,logistic_regression
1007,2025-12-31,0.03782,Low,logistic_regression
1009,2025-12-31,0.08508,Low,logistic_regression
1011,2025-12-31,0.26738,Low,logistic_regression
1012,2025-12-31,0.51821,Medium,logistic_regression
1013,2025-12-31,0.08183,Low,logistic_regression
1014,2025-12-31,0.38145,Low,logistic_regression
1015,2025-12-31,0.33449,Low,logistic_regression
1018,2025-12-31,0.07017,Low,logistic_regression
1019,2025-12-31,0.68748,High,logistic_regression
1022,2025-12-31,0.46819,Medium,logistic_regression
1024,2025-12-31,0.13056,Low,logistic_regression
1025,2025-12-31,0.13741,Low,logistic_regression
1026,2025-12-31,0.0429,Low,logistic_regression
1027,2025-12-31,0.12339,Low,logistic_regression
1028,2025-12-31,0.29663,Low,logistic_regression
1029,2025-12-31,0.04968,Low,logistic_regression
1030,2025-12-31,0.42922,Low,logistic_regression
1034,2025-12-31,0.46605,Medium,logistic_regression
1035,2025-12-31,0.02478,Low,logistic_regression
1036,2025-12-31,0.91331,High,logistic_regression
1039,2025-12-31,0.31285,Low,logistic_regression
1040,2025-12-31,0.08505,Low,logistic_regression
1043,2025-12-31,0.84071,High,logistic_regression
1044,2025-12-31,0.52499,Medium,logistic_regression
1045,2025-12-31,0.01037,Low,logistic_regression
1046,2025-12-31,0.32096,Low,logistic_regression
1047,2025-12-31,0.23196,Low,logistic_regression
1048,2025-12-31,0.2651,Low,logistic_regression
1049,2025-12-31,0.68008,High,logistic_regression
1050,2025-12-31,0.35461,Low,logistic_regression
1055,2025-12-31,0.77624,High,logistic_regression
1056,2025-12-31,0.62182,Medium,logistic_regression
1060,2025-12-31,0.27443,Low,logistic_regression
1061,2025-12-31,0.26458,Low,logistic_regression
1062,2025-12-31,0.15819,Low,logistic_regression
1066,2025-12-31,0.51147,Medium,logistic_regression
1068,2025-12-31,0.2405,Low,logistic_regression
1069,2025-12-31,0.01541,Low,logistic_regression
1070,2025-12-31,0.11508,Low,logistic_regression
1071,2025-12-31,0.30162,Low,logistic_regression
1073,2025-12-31,0.11398,Low,logistic_regression
1074,2025-12-31,0.04162,Low,logistic_regression
1076,2025-12-31,0.19957,Low,logistic_regression
1080,2025-12-31,0.24785,Low,logistic_regression
1083,2025-12-31,0.52173,Medium,logistic_regression
1084,2025-12-31,0.30532,Low,logistic_regression
1085,2025-12-31,0.16281,Low,logistic_regression
1088,2025-12-31,0.11159,Low,logistic_regression
1092,2025-12-31,0.10686,Low,logistic_regression
1094,2025-12-31,0.20492,Low,logistic_regression
1096,2025-12-31,0.10042,Low,logistic_regression
1097,2025-12-31,0.1957,Low,logistic_regression
1099,2025-12-31,0.03374,Low,logistic_regression
1102,2025-12-31,0.42633,Low,logistic_regression
1103,2025-12-31,0.44093,Low,logistic_regression
1105,2025-12-31,0.34761,Low,logistic_regression
1109,2025-12-31,0.09475,Low,logistic_regression
1114,2025-12-31,0.2659,Low,logistic_regression
1115,2025-12-31,0.15741,Low,logistic_regression
1116,2025-12-31,0.05011,Low,logistic_regression
1117,2025-12-31,0.13939,Low,logistic_regression
1118,2025-12-31,0.14945,Low,logistic_regression
1119,2025-12-31,0.34909,Low,logistic_regression
1120,2025-12-31,0.10746,Low,logistic_regression
1121,2025-12-31,0.04656,Low,logistic_regression
1124,2025-12-31,0.07367,Low,logistic_regression
1125,2025-12-31,0.34824,Low,logistic_regression
1126,2025-12-31,0.37176,Low,logistic_regression
1128,2025-12-31,0.14201,Low,logistic_regression
1131,2025-12-31,0.60196,Medium,logistic_regression
1132,2025-12-31,0.2952,Low,logistic_regression
1133,2025-12-31,0.20003,Low,logistic_regression
1135,2025-12-31,0.73025,High,logistic_regression
1136,2025-12-31,0.50716,Medium,logistic_regression
1137,2025-12-31,0.21136,Low,logistic_regression
1138,2025-12-31,0.10435,Low,logistic_regression
1140,2025-12-31,0.36454,Low,logistic_regression
1143,2025-12-31,0.22729,Low,logistic_regression
1148,2025-12-31,0.62233,Medium,logistic_regression
1150,2025-12-31,0.49085,Medium,logistic_regression
1152,2025-12-31,0.21963,Low,logistic_regression
1154,2025-12-31,0.60977,Medium,logistic_regression
1158,2025-12-31,0.82011,High,logistic_regression
1161,2025-12-31,0.04486,Low,logistic_regression
1162,2025-12-31,0.15101,Low,logistic_regression
1163,2025-12-31,0.32482,Low,logistic_regression
1164,2025-12-31,0.59923,Medium,logistic_regression
1166,2025-12-31,0.2718,Low,logistic_regression
1171,2025-12-31,0.45462,Medium,logistic_regression
1172,2025-12-31,0.15008,Low,logistic_regression
1173,2025-12-31,0.55705,Medium,logistic_regression
1177,2025-12-31,0.33405,Low,logistic_regression
1179,2025-12-31,0.2631,Low,logistic_regression
1180,2025-12-31,0.8303,High,logistic_regression
1182,2025-12-31,0.04134,Low,logistic_regression
1184,2025-12-31,0.35102,Low,logistic_regression
1185,2025-12-31,0.24524,Low,logistic_regression
1190,2025-12-31,0.40321,Low,logistic_regression
1191,2025-12-31,0.02695,Low,logistic_regression
1192,2025-12-31,0.25714,Low,logistic_regression
1193,2025-12-31,0.60071,Medium,logistic_regression
1195,2025-12-31,0.58717,Medium,logistic_regression
1196,2025-12-31,0.06109,Low,logistic_regression
1198,2025-12-31,0.79603,High,logistic_regression
1201,2025-12-31,0.00717,Low,logistic_regression
1202,2025-12-31,0.5502,Medium,logistic_regression
1204,2025-12-31,0.11549,Low,logistic_regression
1206,2025-12-31,0.40027,Low,logistic_regression
1207,2025-12-31,0.44675,Low,logistic_regression
1211,2025-12-31,0.35597,Low,logistic_regression
1212,2025-12-31,0.6626,Medium,logistic_regression
1215,2025-12-31,0.05978,Low,logistic_regression
1216,2025-12-31,0.34375,Low,logistic_regression
1217,2025-12-31,0.05711,Low,logistic_regression
1218,2025-12-31,0.72147,High,logistic_regression
1220,2025-12-31,0.57515,Medium,logistic_regression
1221,2025-12-31,0.19286,Low,logistic_regression
1224,2025-12-31,0.18753,Low,logistic_regression
1225,2025-12-31,0.25906,Low,logistic_regression
1226,2025-12-31,0.76405,High,logistic_regression
1228,2025-12-31,0.05371,Low,logistic_regression
1231,2025-12-31,0.09662,Low,logistic_regression
1233,2025-12-31,0.41545,Low,logistic_regression
1234,2025-12-31,0.5942,Medium,logistic_regression
1235,2025-12-31,0.60108,Medium,logistic_regression
1237,2025-12-31,0.22512,Low,logistic_regression
1238,2025-12-31,0.28404,Low,logistic_regression
1239,2025-12-31,0.19569,Low,logistic_regression
1240,2025-12-31,0.43874,Low,logistic_regression
1241,2025-12-31,0.41232,Low,logistic_regression
1242,2025-12-31,0.77462,High,logistic_regression
1243,2025-12-31,0.35265,Low,logistic_regression
1244,2025-12-31,0.87825,High,logistic_regression
1245,2025-12-31,0.06056,Low,logistic_regression
1246,2025-12-31,0.10997,Low,logistic_regression
1249,2025-12-31,0.12517,Low,logistic_regression
1250,2025-12-31,0.01981,Low,logistic_regression
1251,2025-12-31,0.70137,High,logistic_regression
1252,2025-12-31,0.33143,Low,logistic_regression
1254,2025-12-31,0.17296,Low,logistic_regression
1255,2025-12-31,0.0292,Low,logistic_regression
1256,2025-12-31,0.07224,Low,logistic_regression
1257,2025-12-31,0.47742,Medium,logistic_regression
1258,2025-12-31,0.54164,Medium,logistic_regression
1259,2025-12-31,0.2153,Low,logistic_regression
1260,2025-12-31,0.25244,Low,logistic_regression
1263,2025-12-31,0.06287,Low,logistic_regression
1264,2025-12-31,0.01413,Low,logistic_regression
1265,2025-12-31,0.41987,Low,logistic_regression
1267,2025-12-31,0.1485,Low,logistic_regression
1268,2025-12-31,0.32926,Low,logistic_regression
1269,2025-12-31,0.88396,High,logistic_regression
1270,2025-12-31,0.16981,Low,logistic_regression
1275,2025-12-31,0.68547,High,logistic_regression
1278,2025-12-31,0.37802,Low,logistic_regression
1280,2025-12-31,0.01921,Low,logistic_regression
1281,2025-12-31,0.84849,High,logistic_regression
1282,2025-12-31,0.49946,Medium,logistic_regression
1283,2025-12-31,0.14063,Low,logistic_regression
1285,2025-12-31,0.26712,Low,logistic_regression
1286,2025-12-31,0.86719,High,logistic_regression
1288,2025-12-31,0.12479,Low,logistic_regression
1289,2025-12-31,0.45603,Medium,logistic_regression
1291,2025-12-31,0.57773,Medium,logistic_regression
1292,2025-12-31,0.64707,Medium,logistic_regression
1293,2025-12-31,0.12636,Low,logistic_regression
1294,2025-12-31,0.63328,Medium,logistic_regression
1296,2025-12-31,0.73683,High,logistic_regression
1297,2025-12-31,0.54984,Medium,logistic_regression
1298,2025-12-31,0.29621,Low,logistic_regression
1301,2025-12-31,0.44616,Low,logistic_regression
1303,2025-12-31,0.29476,Low,logistic_regression
1304,2025-12-31,0.15477,Low,logistic_regression
1306,2025-12-31,0.50781,Medium,logistic_regression
1307,2025-12-31,0.25702,Low,logistic_regression
1308,2025-12-31,0.32019,Low,logistic_regression
1311,2025-12-31,0.26594,Low,logistic_regression
1312,2025-12-31,0.04938,Low,logistic_regression
1314,2025-12-31,0.30847,Low,logistic_regression
1315,2025-12-31,0.04153,Low,logistic_regression
1317,2025-12-31,0.41568,Low,logistic_regression
1321,2025-12-31,0.39925,Low,logistic_regression
1322,2025-12-31,0.41742,Low,logistic_regression
1324,2025-12-31,0.19386,Low,logistic_regression
1329,2025-12-31,0.40211,Low,logistic_regression
1334,2025-12-31,0.2817,Low,logistic_regression
1336,2025-12-31,0.02435,Low,logistic_regression
1338,2025-12-31,0.0746,Low,logistic_regression
1340,2025-12-31,0.09796,Low,logistic_regression
1344,2025-12-31,0.0423,Low,logistic_regression
1346,2025-12-31,0.1576,Low,logistic_regression
1349,2025-12-31,0.21809,Low,logistic_regression
1350,2025-12-31,0.744,High,logistic_regression
1352,2025-12-31,0.52951,Medium,logistic_regression
1355,2025-12-31,0.28789,Low,logistic_regression
1356,2025-12-31,0.45814,Medium,logistic_regression
1358,2025-12-31,0.30069,Low,logistic_regression
1361,2025-12-31,0.28941,Low,logistic_regression
1362,2025-12-31,0.70732,High,logistic_regression
1363,2025-12-31,0.10116,Low,logistic_regression
1364,2025-12-31,0.51075,Medium,logistic_regression
1367,2025-12-31,0.10907,Low,logistic_regression
1368,2025-12-31,0.32926,Low,logistic_regression
1369,2025-12-31,0.07382,Low,logistic_regression
1371,2025-12-31,0.32549,Low,logistic_regression
1373,2025-12-31,0.48637,Medium,logistic_regression
1374,2025-12-31,0.11491,Low,logistic_regression
1375,2025-12-31,0.03537,Low,logistic_regression
1377,2025-12-31,0.3772,Low,logistic_regression
1382,2025-12-31,0.11906,Low,logistic_regression
1383,2025-12-31,0.10484,Low,logistic_regression
1387,2025-12-31,0.60206,Medium,logistic_regression
1390,2025-12-31,0.65668,Medium,logistic_regression
1391,2025-12-31,0.55728,Medium,logistic_regression
1392,2025-12-31,0.34134,Low,logistic_regression
1394,2025-12-31,0.51735,Medium,logistic_regression
1395,2025-12-31,0.29269,Low,logistic_regression
1396,2025-12-31,0.75083,High,logistic_regression
1397,2025-12-31,0.04227,Low,logistic_regression
1399,2025-12-31,0.75898,High,logistic_regression
1401,2025-12-31,0.45819,Medium,logistic_regression
1402,2025-12-31,0.893,High,logistic_regression
1403,2025-12-31,0.49881,Medium,logistic_regression
1407,2025-12-31,0.49365,Medium,logistic_regression
1408,2025-12-31,0.12584,Low,logistic_regression
1409,2025-12-31,0.44867,Medium,logistic_regression
1411,2025-12-31,0.57553,Medium,logistic_regression
1412,2025-12-31,0.3472,Low,logistic_regression
1415,2025-12-31,0.53536,Medium,logistic_regression
1417,2025-12-31,0.70672,High,logistic_regression
1419,2025-12-31,0.73443,High,logistic_regression
1422,2025-12-31,0.04438,Low,logistic_regression
1423,2025-12-31,0.10324,Low,logistic_regression
1424,2025-12-31,0.01438,Low,logistic_regression
1425,2025-12-31,0.82063,High,logistic_regression
1428,2025-12-31,0.19962,Low,logistic_regression
1430,2025-12-31,0.20199,Low,logistic_regression
1431,2025-12-31,0.23799,Low,logistic_regression
1434,2025-12-31,0.5607,Medium,logistic_regression
1435,2025-12-31,0.46433,Medium,logistic_regression
1436,2025-12-31,0.46139,Medium,logistic_regression
1438,2025-12-31,0.22372,Low,logistic_regression
1440,2025-12-31,0.39717,Low,logistic_regression
1441,2025-12-31,0.1967,Low,logistic_regression
1443,2025-12-31,0.04387,Low,logistic_regression
1445,2025-12-31,0.44964,Medium,logistic_regression
1446,2025-12-31,0.20454,Low,logistic_regression
1447,2025-12-31,0.23012,Low,logistic_regression
1448,2025-12-31,0.697,High,logistic_regression
1449,2025-12-31,0.06778,Low,logistic_regression
1453,2025-12-31,0.20504,Low,logistic_regression
1460,2025-12-31,0.44085,Low,logistic_regression
1461,2025-12-31,0.4206,Low,logistic_regression
1465,2025-12-31,0.39829,Low,logistic_regression
1466,2025-12-31,0.28466,Low,logistic_regression
1468,2025-12-31,0.02042,Low,logistic_regression
1469,2025-12-31,0.44978,Medium,logistic_regression
1471,2025-12-31,0.23588,Low,logistic_regression
1472,2025-12-31,0.08965,Low,logistic_regression
1473,2025-12-31,0.28234,Low,logistic_regression
1474,2025-12-31,0.07315,Low,logistic_regression
1475,2025-12-31,0.40444,Low,logistic_regression
1477,2025-12-31,0.40089,Low,logistic_regression
1478,2025-12-31,0.40725,Low,logistic_regression
1479,2025-12-31,0.34894,Low,logistic_regression
1480,2025-12-31,0.5769,Medium,logistic_regression
1481,2025-12-31,0.54673,Medium,logistic_regression
1482,2025-12-31,0.18492,Low,logistic_regression
1483,2025-12-31,0.09912,Low,logistic_regression
1484,2025-12-31,0.04465,Low,logistic_regression
1485,2025-12-31,0.27544,Low,logistic_regression
1492,2025-12-31,0.53638,Medium,logistic_regression
1495,2025-12-31,0.45519,Medium,logistic_regression
1496,2025-12-31,0.82855,High,logistic_regression
1497,2025-12-31,0.22497,Low,logistic_regression
1499,2025-12-31,0.17163,Low,logistic_regression
1501,2025-12-31,0.21033,Low,logistic_regression
1502,2025-12-31,0.48251,Medium,logistic_regression
1503,2025-12-31,0.51196,Medium,logistic_regression
1506,2025-12-31,0.57882,Medium,logistic_regression
1507,2025-12-31,0.75493,High,logistic_regression
1509,2025-12-31,0.18777,Low,logistic_regression
1513,2025-12-31,0.33047,Low,logistic_regression
1514,2025-12-31,0.30734,Low,logistic_regression
1515,2025-12-31,0.74768,High,logistic_regression
1516,2025-12-31,0.06568,Low,logistic_regression
1520,2025-12-31,0.03621,Low,logistic_regression
1523,2025-12-31,0.13457,Low,logistic_regression
1525,2025-12-31,0.2753,Low,logistic_regression
1527,2025-12-31,0.02753,Low,logistic_regression
1529,2025-12-31,0.17471,Low,logistic_regression
1533,2025-12-31,0.71036,High,logistic_regression
1535,2025-12-31,0.49911,Medium,logistic_regression
1539,2025-12-31,0.82664,High,logistic_regression
1541,2025-12-31,0.75825,High,logistic_regression
1542,2025-12-31,0.45865,Medium,logistic_regression
1543,2025-12-31,0.23934,Low,logistic_regression
1544,2025-12-31,0.1412,Low,logistic_regression
1545,2025-12-31,0.35004,Low,logistic_regression
1546,2025-12-31,0.10157,Low,logistic_regression
1547,2025-12-31,0.46453,Medium,logistic_regression
1548,2025-12-31,0.46838,Medium,logistic_regression
1549,2025-12-31,0.86134,High,logistic_regression
1550,2025-12-31,0.36302,Low,logistic_regression
1551,2025-12-31,0.53869,Medium,logistic_regression
1552,2025-12-31,0.11798,Low,logistic_regression
1553,2025-12-31,0.08899,Low,logistic_regression
1554,2025-12-31,0.4926,Medium,logistic_regression
1555,2025-12-31,0.09994,Low,logistic_regression
1556,2025-12-31,0.87187,High,logistic_regression
1557,2025-12-31,0.12526,Low,logistic_regression
1558,2025-12-31,0.31269,Low,logistic_regression
1560,2025-12-31,0.79914,High,logistic_regression
1563,2025-12-31,0.44143,Low,logistic_regression
1564,2025-12-31,0.44862,Low,logistic_regression
1568,2025-12-31,0.52418,Medium,logistic_regression
1574,2025-12-31,0.14709,Low,logistic_regression
1576,2025-12-31,0.24761,Low,logistic_regression
1577,2025-12-31,0.74989,High,logistic_regression
1578,2025-12-31,0.25718,Low,logistic_regression
1580,2025-12-31,0.1694,Low,logistic_regression
1581,2025-12-31,0.32106,Low,logistic_regression
1582,2025-12-31,0.32496,Low,logistic_regression
1583,2025-12-31,0.51188,Medium,logistic_regression
1585,2025-12-31,0.51683,Medium,logistic_regression
1586,2025-12-31,0.89941,High,logistic_regression
1587,2025-12-31,0.69063,High,logistic_regression
1588,2025-12-31,0.12226,Low,logistic_regression
1590,2025-12-31,0.10279,Low,logistic_regression
1591,2025-12-31,0.24185,Low,logistic_regression
1592,2025-12-31,0.16838,Low,logistic_regression
1594,2025-12-31,0.92248,High,logistic_regression
1595,2025-12-31,0.07066,Low,logistic_regression
1596,2025-12-31,0.4463,Low,logistic_regression
1597,2025-12-31,0.17968,Low,logistic_regression
1598,2025-12-31,0.19708,Low,logistic_regression
1599,2025-12-31,0.26197,Low,logistic_regression
1601,2025-12-31,0.31408,Low,logistic_regression
1602,2025-12-31,0.31387,Low,logistic_regression
1605,2025-12-31,0.71985,High,logistic_regression
1606,2025-12-31,0.85205,High,logistic_regression
1607,2025-12-31,0.13755,Low,logistic_regression
1608,2025-12-31,0.25403,Low,logistic_regression
1609,2025-12-31,0.34771,Low,logistic_regression
1611,2025-12-31,0.71223,High,logistic_regression
1612,2025-12-31,0.42449,Low,logistic_regression
1613,2025-12-31,0.58923,Medium,logistic_regression
1614,2025-12-31,0.36596,Low,logistic_regression
1615,2025-12-31,0.12206,Low,logistic_regression
1617,2025-12-31,0.44265,Low,logistic_regression
1618,2025-12-31,0.18336,Low,logistic_regression
1619,2025-12-31,0.40037,Low,logistic_regression
1621,2025-12-31,0.46006,Medium,logistic_regression
1622,2025-12-31,0.31218,Low,logistic_regression
1623,2025-12-31,0.30857,Low,logistic_regression
1625,2025-12-31,0.0356,Low,logistic_regression
1627,2025-12-31,0.13395,Low,logistic_regression
1628,2025-12-31,0.24785,Low,logistic_regression
1630,2025-12-31,0.06867,Low,logistic_regression
1631,2025-12-31,0.1471,Low,logistic_regression
1633,2025-12-31,0.55128,Medium,logistic_regression
1635,2025-12-31,0.0165,Low,logistic_regression
1638,2025-12-31,0.09889,Low,logistic_regression
1640,2025-12-31,0.40848,Low,logistic_regression
1641,2025-12-31,0.60141,Medium,logistic_regression
1642,2025-12-31,0.79077,High,logistic_regression
1644,2025-12-31,0.03164,Low,logistic_regression
1646,2025-12-31,0.80022,High,logistic_regression
1647,2025-12-31,0.27762,Low,logistic_regression
1648,2025-12-31,0.42539,Low,logistic_regression
1650,2025-12-31,0.51079,Medium,logistic_regression
1651,2025-12-31,0.14052,Low,logistic_regression
1653,2025-12-31,0.07654,Low,logistic_regression
1654,2025-12-31,0.12283,Low,logistic_regression
1655,2025-12-31,0.09548,Low,logistic_regression
1656,2025-12-31,0.02995,Low,logistic_regression
1657,2025-12-31,0.6282,Medium,logistic_regression
1658,2025-12-31,0.06093,Low,logistic_regression
1659,2025-12-31,0.7297,High,logistic_regression
1661,2025-12-31,0.16197,Low,logistic_regression
1662,2025-12-31,0.03504,Low,logistic_regression
1664,2025-12-31,0.06384,Low,logistic_regression
1665,2025-12-31,0.03473,Low,logistic_regression
1666,2025-12-31,0.04442,Low,logistic_regression
1668,2025-12-31,0.0753,Low,logistic_regression
1669,2025-12-31,0.82572,High,logistic_regression
1670,2025-12-31,0.064,Low,logistic_regression
1671,2025-12-31,0.11803,Low,logistic_regression
1673,2025-12-31,0.23756,Low,logistic_regression
1674,2025-12-31,0.67785,High,logistic_regression
1675,2025-12-31,0.38764,Low,logistic_regression
1676,2025-12-31,0.02608,Low,logistic_regression
1677,2025-12-31,0.05239,Low,logistic_regression
1678,2025-12-31,0.72571,High,logistic_regression
1680,2025-12-31,0.8237,High,logistic_regression
1681,2025-12-31,0.20101,Low,logistic_regression
1682,2025-12-31,0.32852,Low,logistic_regression
1683,2025-12-31,0.36828,Low,logistic_regression
1687,2025-12-31,0.28329,Low,logistic_regression
1689,2025-12-31,0.12893,Low,logistic_regression
1693,2025-12-31,0.20653,Low,logistic_regression
1694,2025-12-31,0.41665,Low,logistic_regression
1696,2025-12-31,0.19322,Low,logistic_regression
1697,2025-12-31,0.04395,Low,logistic_regression
1698,2025-12-31,0.40768,Low,logistic_regression
1700,2025-12-31,0.17414,Low,logistic_regression
1701,2025-12-31,0.27671,Low,logistic_regression
1703,2025-12-31,0.11864,Low,logistic_regression
1704,2025-12-31,0.75477,High,logistic_regression
1706,2025-12-31,0.28285,Low,logistic_regression
1707,2025-12-31,0.16335,Low,logistic_regression
1708,2025-12-31,0.20797,Low,logistic_regression
1709,2025-12-31,0.17099,Low,logistic_regression
1710,2025-12-31,0.3705,Low,logistic_regression
1712,2025-12-31,0.06544,Low,logistic_regression
1718,2025-12-31,0.15977,Low,logistic_regression
1719,2025-12-31,0.19947,Low,logistic_regression
1720,2025-12-31,0.62133,Medium,logistic_regression
1721,2025-12-31,0.26826,Low,logistic_regression
1722,2025-12-31,0.16575,Low,logistic_regression
1724,2025-12-31,0.64738,Medium,logistic_regression
1725,2025-12-31,0.43496,Low,logistic_regression
1727,2025-12-31,0.27039,Low,logistic_regression
1728,2025-12-31,0.12137,Low,logistic_regression
1729,2025-12-31,0.2823,Low,logistic_regression
1731,2025-12-31,0.37138,Low,logistic_regression
1732,2025-12-31,0.45813,Medium,logistic_regression
1735,2025-12-31,0.662,Medium,logistic_regression
1736,2025-12-31,0.30413,Low,logistic_regression
1737,2025-12-31,0.21164,Low,logistic_regression
1739,2025-12-31,0.41311,Low,logistic_regression
1740,2025-12-31,0.39283,Low,logistic_regression
1744,2025-12-31,0.05751,Low,logistic_regression
1745,2025-12-31,0.31218,Low,logistic_regression
1746,2025-12-31,0.73149,High,logistic_regression
1749,2025-12-31,0.32122,Low,logistic_regression
1751,2025-12-31,0.34291,Low,logistic_regression
1753,2025-12-31,0.59498,Medium,logistic_regression
1754,2025-12-31,0.41103,Low,logistic_regression
1755,2025-12-31,0.29399,Low,logistic_regression
1756,2025-12-31,0.19748,Low,logistic_regression
1757,2025-12-31,0.12792,Low,logistic_regression
1760,2025-12-31,0.41556,Low,logistic_regression
1762,2025-12-31,0.27553,Low,logistic_regression
1763,2025-12-31,0.12711,Low,logistic_regression
1764,2025-12-31,0.31446,Low,logistic_regression
1766,2025-12-31,0.61529,Medium,logistic_regression
1768,2025-12-31,0.28483,Low,logistic_regression
1770,2025-12-31,0.09006,Low,logistic_regression
1771,2025-12-31,0.07628,Low,logistic_regression
1772,2025-12-31,0.2881,Low,logistic_regression
1774,2025-12-31,0.34048,Low,logistic_regression
1775,2025-12-31,0.19285,Low,logistic_regression
1778,2025-12-31,0.43825,Low,logistic_regression
1779,2025-12-31,0.23197,Low,logistic_regression
1782,2025-12-31,0.16434,Low,logistic_regression
1784,2025-12-31,0.36964,Low,logistic_regression
1786,2025-12-31,0.12308,Low,logistic_regression
1787,2025-12-31,0.31019,Low,logistic_regression
1789,2025-12-31,0.1048,Low,logistic_regression
1790,2025-12-31,0.38282,Low,logistic_regression
1794,2025-12-31,0.37316,Low,logistic_regression
1798,2025-12-31,0.16605,Low,logistic_regression
1799,2025-12-31,0.12379,Low,logistic_regression
1800,2025-12-31,0.09132,Low,logistic_regression
1801,2025-12-31,0.49844,Medium,logistic_regression
1802,2025-12-31,0.2827,Low,logistic_regression
1803,2025-12-31,0.66997,Medium,logistic_regression
1804,2025-12-31,0.03678,Low,logistic_regression
1805,2025-12-31,0.24057,Low,logistic_regression
1812,2025-12-31,0.29687,Low,logistic_regression
1813,2025-12-31,0.41694,Low,logistic_regression
1814,2025-12-31,0.48956,Medium,logistic_regression
1815,2025-12-31,0.37797,Low,logistic_regression
1816,2025-12-31,0.28275,Low,logistic_regression
1822,2025-12-31,0.0241,Low,logistic_regression
1823,2025-12-31,0.22919,Low,logistic_regression
1824,2025-12-31,0.03417,Low,logistic_regression
1826,2025-12-31,0.34296,Low,logistic_regression
1827,2025-12-31,0.41567,Low,logistic_regression
1829,2025-12-31,0.13861,Low,logistic_regression
1830,2025-12-31,0.02876,Low,logistic_regression
1833,2025-12-31,0.63962,Medium,logistic_regression
1834,2025-12-31,0.22725,Low,logistic_regression
1835,2025-12-31,0.55451,Medium,logistic_regression
1836,2025-12-31,0.39676,Low,logistic_regression
1837,2025-12-31,0.61844,Medium,logistic_regression
1839,2025-12-31,0.82257,High,logistic_regression
1845,2025-12-31,0.02933,Low,logistic_regression
1847,2025-12-31,0.31212,Low,logistic_regression
1849,2025-12-31,0.30428,Low,logistic_regression
1850,2025-12-31,0.80308,High,logistic_regression
1852,2025-12-31,0.36643,Low,logistic_regression
1853,2025-12-31,0.6232,Medium,logistic_regression
1854,2025-12-31,0.07726,Low,logistic_regression
1856,2025-12-31,0.48748,Medium,logistic_regression
1857,2025-12-31,0.03432,Low,logistic_regression
1858,2025-12-31,0.11086,Low,logistic_regression
1859,2025-12-31,0.07626,Low,logistic_regression
1860,2025-12-31,0.62734,Medium,logistic_regression
1863,2025-12-31,0.34229,Low,logistic_regression
1864,2025-12-31,0.47432,Medium,logistic_regression
1865,2025-12-31,0.58858,Medium,logistic_regression
1866,2025-12-31,0.11274,Low,logistic_regression
1867,2025-12-31,0.1195,Low,logistic_regression
1870,2025-12-31,0.34399,Low,logistic_regression
1871,2025-12-31,0.10403,Low,logistic_regression
1873,2025-12-31,0.06651,Low,logistic_regression
1875,2025-12-31,0.62766,Medium,logistic_regression
1880,2025-12-31,0.70261,High,logistic_regression
1881,2025-12-31,0.36483,Low,logistic_regression
1882,2025-12-31,0.38977,Low,logistic_regression
1883,2025-12-31,0.55018,Medium,logistic_regression
1885,2025-12-31,0.4678,Medium,logistic_regression
1886,2025-12-31,0.48143,Medium,logistic_regression
1888,2025-12-31,0.15456,Low,logistic_regression
1890,2025-12-31,0.60987,Medium,logistic_regression
1892,2025-12-31,0.18598,Low,logistic_regression
1893,2025-12-31,0.74587,High,logistic_regression
1898,2025-12-31,0.53668,Medium,logistic_regression
1900,2025-12-31,0.06129,Low,logistic_regression
1903,2025-12-31,0.26374,Low,logistic_regression
1908,2025-12-31,0.52129,Medium,logistic_regression
1909,2025-12-31,0.16521,Low,logistic_regression
1911,2025-12-31,0.07273,Low,logistic_regression
1912,2025-12-31,0.41661,Low,logistic_regression
1915,2025-12-31,0.48076,Medium,logistic_regression
1916,2025-12-31,0.46884,Medium,logistic_regression
1918,2025-12-31,0.28437,Low,logistic_regression
1922,2025-12-31,0.39563,Low,logistic_regression
1924,2025-12-31,0.5499,Medium,logistic_regression
1927,2025-12-31,0.67478,Medium,logistic_regression
1929,2025-12-31,0.22688,Low,logistic_regression
1931,2025-12-31,0.38307,Low,logistic_regression
1932,2025-12-31,0.64916,Medium,logistic_regression
1934,2025-12-31,0.05539,Low,logistic_regression
1935,2025-12-31,0.33734,Low,logistic_regression
1936,2025-12-31,0.23735,Low,logistic_regression
1937,2025-12-31,0.5592,Medium,logistic_regression
1938,2025-12-31,0.2987,Low,logistic_regression
1940,2025-12-31,0.06186,Low,logistic_regression
1941,2025-12-31,0.06821,Low,logistic_regression
1943,2025-12-31,0.70947,High,logistic_regression
1945,2025-12-31,0.7022,High,logistic_regression
1947,2025-12-31,0.3655,Low,logistic_regression
1948,2025-12-31,0.41662,Low,logistic_regression
1949,2025-12-31,0.37729,Low,logistic_regression
1950,2025-12-31,0.46455,Medium,logistic_regression
1951,2025-12-31,0.13188,Low,logistic_regression
1952,2025-12-31,0.65631,Medium,logistic_regression
1954,2025-12-31,0.41295,Low,logistic_regression
1955,2025-12-31,0.026,Low,logistic_regression
1956,2025-12-31,0.24693,Low,logistic_regression
1961,2025-12-31,0.94043,High,logistic_regression
1962,2025-12-31,0.53515,Medium,logistic_regression
1965,2025-12-31,0.26056,Low,logistic_regression
1966,2025-12-31,0.13634,Low,logistic_regression
1969,2025-12-31,0.2075,Low,logistic_regression
1970,2025-12-31,0.06093,Low,logistic_regression
1971,2025-12-31,0.12325,Low,logistic_regression
1972,2025-12-31,0.78824,High,logistic_regression
1973,2025-12-31,0.29155,Low,logistic_regression
1974,2025-12-31,0.46462,Medium,logistic_regression
1975,2025-12-31,0.71206,High,logistic_regression
1976,2025-12-31,0.24193,Low,logistic_regression
1979,2025-12-31,0.01444,Low,logistic_regression
1980,2025-12-31,0.56228,Medium,logistic_regression
1981,2025-12-31,0.35275,Low,logistic_regression
1982,2025-12-31,0.25351,Low,logistic_regression
1985,2025-12-31,0.14984,Low,logistic_regression
1986,2025-12-31,0.22016,Low,logistic_regression
1987,2025-12-31,0.47027,Medium,logistic_regression
1989,2025-12-31,0.3187,Low,logistic_regression
1992,2025-12-31,0.54897,Medium,logistic_regression
1993,2025-12-31,0.37835,Low,logistic_regression
1994,2025-12-31,0.23304,Low,logistic_regression
1995,2025-12-31,0.17148,Low,logistic_regression
1996,2025-12-31,0.66813,Medium,logistic_regression
1997,2025-12-31,0.33075,Low,logistic_regression
1998,2025-12-31,0.49093,Medium,logistic_regression
1999,2025-12-31,0.07223,Low,logistic_regression
2000,2025-12-31,0.03267,Low,logistic_regression
2003,2025-12-31,0.67427,Medium,logistic_regression
2007,2025-12-31,0.27625,Low,logistic_regression
2008,2025-12-31,0.24397,Low,logistic_regression
2009,2025-12-31,0.36323,Low,logistic_regression
2010,2025-12-31,0.64383,Medium,logistic_regression
2012,2025-12-31,0.42551,Low,logistic_regression
2013,2025-12-31,0.60605,Medium,logistic_regression
2014,2025-12-31,0.51489,Medium,logistic_regression
2015,2025-12-31,0.0872,Low,logistic_regression
2016,2025-12-31,0.08215,Low,logistic_regression
2017,2025-12-31,0.12665,Low,logistic_regression
2018,2025-12-31,0.69639,High,logistic_regression
2019,2025-12-31,0.38335,Low,logistic_regression
2020,2025-12-31,0.63397,Medium,logistic_regression
2021,2025-12-31,0.96419,High,logistic_regression
2022,2025-12-31,0.04644,Low,logistic_regression
2024,2025-12-31,0.14327,Low,logistic_regression
2025,2025-12-31,0.07339,Low,logistic_regression
2026,2025-12-31,0.02228,Low,logistic_regression
2031,2025-12-31,0.26176,Low,logistic_regression
2034,2025-12-31,0.27889,Low,logistic_regression
2035,2025-12-31,0.17005,Low,logistic_regression
2036,2025-12-31,0.10275,Low,logistic_regression
2037,2025-12-31,0.18201,Low,logistic_regression
2038,2025-12-31,0.37177,Low,logistic_regression
2040,2025-12-31,0.64957,Medium,logistic_regression
2041,2025-12-31,0.26022,Low,logistic_regression
2045,2025-12-31,0.32451,Low,logistic_regression
2046,2025-12-31,0.23459,Low,logistic_regression
2048,2025-12-31,0.32212,Low,logistic_regression
2049,2025-12-31,0.52978,Medium,logistic_regression
2051,2025-12-31,0.05432,Low,logistic_regression
2052,2025-12-31,0.08975,Low,logistic_regression
2053,2025-12-31,0.67997,High,logistic_regression
2054,2025-12-31,0.57875,Medium,logistic_regression
2056,2025-12-31,0.40354,Low,logistic_regression
2057,2025-12-31,0.21019,Low,logistic_regression
2060,2025-12-31,0.41607,Low,logistic_regression
2061,2025-12-31,0.36192,Low,logistic_regression
2062,2025-12-31,0.06881,Low,logistic_regression
2064,2025-12-31,0.55803,Medium,logistic_regression
2065,2025-12-31,0.36138,Low,logistic_regression
2068,2025-12-31,0.31444,Low,logistic_regression
131,2025-12-31,0.74521,High,logistic_regression
549,2025-12-31,0.60506,Medium,logistic_regression
698,2025-12-31,0.14743,Low,logistic_regression
762,2025-12-31,0.10141,Low,logistic_regression
1032,2025-12-31,0.24013,Low,logistic_regression
2,2025-12-31,0.10685,Low,random_forest
5,2025-12-31,0.33211,High,random_forest
7,2025-12-31,0.24405,Medium,random_forest
8,2025-12-31,0.15632,Low,random_forest
10,2025-12-31,0.27351,Medium,random_forest
11,2025-12-31,0.26687,Medium,random_forest
12,2025-12-31,0.13117,Low,random_forest
13,2025-12-31,0.03525,Low,random_forest
14,2025-12-31,0.14711,Low,random_forest
15,2025-12-31,0.27192,Medium,random_forest
16,2025-12-31,0.04011,Low,random_forest
18,2025-12-31,0.20834,Medium,random_forest
20,2025-12-31,0.14299,Low,random_forest
21,2025-12-31,0.27913,Medium,random_forest
22,2025-12-31,0.38669,High,random_forest
23,2025-12-31,0.09329,Low,random_forest
24,2025-12-31,0.2651,Medium,random_forest
26,2025-12-31,0.12695,Low,random_forest
28,2025-12-31,0.06554,Low,random_forest
30,2025-12-31,0.415,High,random_forest
32,2025-12-31,0.02734,Low,random_forest
35,2025-12-31,0.05175,Low,random_forest
36,2025-12-31,0.17013,Low,random_forest
38,2025-12-31,0.06596,Low,random_forest
39,2025-12-31,0.33243,High,random_forest
40,2025-12-31,0.10413,Low,random_forest
41,2025-12-31,0.16786,Low,random_forest
46,2025-12-31,0.0683,Low,random_forest
49,2025-12-31,0.28573,Medium,random_forest
51,2025-12-31,0.27241,Medium,random_forest
52,2025-12-31,0.04875,Low,random_forest
53,2025-12-31,0.2073,Medium,random_forest
54,2025-12-31,0.28633,Medium,random_forest
56,2025-12-31,0.18933,Medium,random_forest
57,2025-12-31,0.17029,Low,random_forest
60,2025-12-31,0.16681,Low,random_forest
61,2025-12-31,0.19201,Medium,random_forest
62,2025-12-31,0.38794,High,random_forest
63,2025-12-31,0.20595,Medium,random_forest
68,2025-12-31,0.15356,Low,random_forest
70,2025-12-31,0.09103,Low,random_forest
72,2025-12-31,0.33702,High,random_forest
73,2025-12-31,0.24581,Medium,random_forest
74,2025-12-31,0.14739,Low,random_forest
75,2025-12-31,0.28104,Medium,random_forest
76,2025-12-31,0.14756,Low,random_forest
77,2025-12-31,0.0273,Low,random_forest
78,2025-12-31,0.07983,Low,random_forest
79,2025-12-31,0.14754,Low,random_forest
80,2025-12-31,0.08376,Low,random_forest
81,2025-12-31,0.23589,Medium,random_forest
83,2025-12-31,0.06249,Low,random_forest
84,2025-12-31,0.076,Low,random_forest
85,2025-12-31,0.07817,Low,random_forest
86,2025-12-31,0.16625,Low,random_forest
88,2025-12-31,0.16755,Low,random_forest
91,2025-12-31,0.29413,High,random_forest
94,2025-12-31,0.04591,Low,random_forest
95,2025-12-31,0.35899,High,random_forest
96,2025-12-31,0.1239,Low,random_forest
97,2025-12-31,0.13791,Low,random_forest
98,2025-12-31,0.06924,Low,random_forest
100,2025-12-31,0.11012,Low,random_forest
101,2025-12-31,0.18178,Medium,random_forest
102,2025-12-31,0.03231,Low,random_forest
103,2025-12-31,0.11842,Low,random_forest
104,2025-12-31,0.14588,Low,random_forest
105,2025-12-31,0.09497,Low,random_forest
106,2025-12-31,0.25135,Medium,random_forest
107,2025-12-31,0.08835,Low,random_forest
110,2025-12-31,0.09482,Low,random_forest
112,2025-12-31,0.08145,Low,random_forest
113,2025-12-31,0.35582,High,random_forest
116,2025-12-31,0.09401,Low,random_forest
117,2025-12-31,0.03061,Low,random_forest
119,2025-12-31,0.13513,Low,random_forest
120,2025-12-31,0.45223,High,random_forest
121,2025-12-31,0.08251,Low,random_forest
124,2025-12-31,0.07201,Low,random_forest
125,2025-12-31,0.09408,Low,random_forest
126,2025-12-31,0.05476,Low,random_forest
128,2025-12-31,0.10899,Low,random_forest
129,2025-12-31,0.07613,Low,random_forest
132,2025-12-31,0.14451,Low,random_forest
134,2025-12-31,0.32314,High,random_forest
138,2025-12-31,0.14785,Low,random_forest
139,2025-12-31,0.12686,Low,random_forest
140,2025-12-31,0.0575,Low,random_forest
141,2025-12-31,0.1654,Low,random_forest
143,2025-12-31,0.10079,Low,random_forest
144,2025-12-31,0.3903,High,random_forest
145,2025-12-31,0.13178,Low,random_forest
148,2025-12-31,0.14177,Low,random_forest
150,2025-12-31,0.08585,Low,random_forest
151,2025-12-31,0.11985,Low,random_forest
152,2025-12-31,0.07499,Low,random_forest
153,2025-12-31,0.07736,Low,random_forest
154,2025-12-31,0.09244,Low,random_forest
155,2025-12-31,0.19558,Medium,random_forest
158,2025-12-31,0.08104,Low,random_forest
159,2025-12-31,0.14064,Low,random_forest
160,2025-12-31,0.06833,Low,random_forest
162,2025-12-31,0.14658,Low,random_forest
164,2025-12-31,0.15318,Low,random_forest
169,2025-12-31,0.1149,Low,random_forest
170,2025-12-31,0.1157,Low,random_forest
171,2025-12-31,0.24071,Medium,random_forest
174,2025-12-31,0.21734,Medium,random_forest
176,2025-12-31,0.09562,Low,random_forest
177,2025-12-31,0.12932,Low,random_forest
178,2025-12-31,0.04562,Low,random_forest
182,2025-12-31,0.02174,Low,random_forest
183,2025-12-31,0.39572,High,random_forest
184,2025-12-31,0.14688,Low,random_forest
192,2025-12-31,0.10728,Low,random_forest
193,2025-12-31,0.12665,Low,random_forest
194,2025-12-31,0.25978,Medium,random_forest
195,2025-12-31,0.0462,Low,random_forest
197,2025-12-31,0.06286,Low,random_forest
198,2025-12-31,0.20251,Medium,random_forest
199,2025-12-31,0.02596,Low,random_forest
200,2025-12-31,0.09999,Low,random_forest
201,2025-12-31,0.59314,High,random_forest
202,2025-12-31,0.08711,Low,random_forest
204,2025-12-31,0.07827,Low,random_forest
205,2025-12-31,0.25802,Medium,random_forest
206,2025-12-31,0.17954,Medium,random_forest
207,2025-12-31,0.15386,Low,random_forest
208,2025-12-31,0.05112,Low,random_forest
211,2025-12-31,0.09775,Low,random_forest
214,2025-12-31,0.26301,Medium,random_forest
215,2025-12-31,0.18173,Medium,random_forest
216,2025-12-31,0.20179,Medium,random_forest
217,2025-12-31,0.15284,Low,random_forest
218,2025-12-31,0.25465,Medium,random_forest
221,2025-12-31,0.11202,Low,random_forest
223,2025-12-31,0.12979,Low,random_forest
224,2025-12-31,0.4643,High,random_forest
226,2025-12-31,0.11934,Low,random_forest
227,2025-12-31,0.1224,Low,random_forest
228,2025-12-31,0.18043,Medium,random_forest
230,2025-12-31,0.15076,Low,random_forest
231,2025-12-31,0.14552,Low,random_forest
233,2025-12-31,0.19475,Medium,random_forest
238,2025-12-31,0.1962,Medium,random_forest
239,2025-12-31,0.06626,Low,random_forest
240,2025-12-31,0.10732,Low,random_forest
241,2025-12-31,0.18432,Medium,random_forest
242,2025-12-31,0.13037,Low,random_forest
244,2025-12-31,0.2378,Medium,random_forest
245,2025-12-31,0.19498,Medium,random_forest
246,2025-12-31,0.19139,Medium,random_forest
247,2025-12-31,0.20721,Medium,random_forest
249,2025-12-31,0.06133,Low,random_forest
250,2025-12-31,0.11254,Low,random_forest
252,2025-12-31,0.05072,Low,random_forest
253,2025-12-31,0.02271,Low,random_forest
254,2025-12-31,0.15852,Low,random_forest
256,2025-12-31,0.07987,Low,random_forest
258,2025-12-31,0.0704,Low,random_forest
259,2025-12-31,0.329,High,random_forest
260,2025-12-31,0.19823,Medium,random_forest
262,2025-12-31,0.08552,Low,random_forest
264,2025-12-31,0.02757,Low,random_forest
267,2025-12-31,0.19698,Medium,random_forest
269,2025-12-31,0.16131,Low,random_forest
270,2025-12-31,0.03175,Low,random_forest
271,2025-12-31,0.06755,Low,random_forest
273,2025-12-31,0.07196,Low,random_forest
274,2025-12-31,0.15734,Low,random_forest
275,2025-12-31,0.0933,Low,random_forest
277,2025-12-31,0.22964,Medium,random_forest
281,2025-12-31,0.1445,Low,random_forest
284,2025-12-31,0.41014,High,random_forest
286,2025-12-31,0.12301,Low,random_forest
287,2025-12-31,0.09129,Low,random_forest
288,2025-12-31,0.03131,Low,random_forest
292,2025-12-31,0.14906,Low,random_forest
293,2025-12-31,0.2066,Medium,random_forest
296,2025-12-31,0.07989,Low,random_forest
298,2025-12-31,0.15928,Low,random_forest
302,2025-12-31,0.18042,Medium,random_forest
303,2025-12-31,0.04463,Low,random_forest
304,2025-12-31,0.0872,Low,random_forest
305,2025-12-31,0.17068,Low,random_forest
306,2025-12-31,0.07652,Low,random_forest
307,2025-12-31,0.23759,Medium,random_forest
308,2025-12-31,0.05558,Low,random_forest
309,2025-12-31,0.20169,Medium,random_forest
311,2025-12-31,0.16497,Low,random_forest
312,2025-12-31,0.18145,Medium,random_forest
314,2025-12-31,0.11192,Low,random_forest
316,2025-12-31,0.13013,Low,random_forest
319,2025-12-31,0.06817,Low,random_forest
321,2025-12-31,0.24482,Medium,random_forest
323,2025-12-31,0.0449,Low,random_forest
327,2025-12-31,0.031,Low,random_forest
329,2025-12-31,0.33807,High,random_forest
330,2025-12-31,0.17753,Medium,random_forest
332,2025-12-31,0.06665,Low,random_forest
333,2025-12-31,0.24607,Medium,random_forest
334,2025-12-31,0.14955,Low,random_forest
335,2025-12-31,0.04439,Low,random_forest
336,2025-12-31,0.06218,Low,random_forest
337,2025-12-31,0.16445,Low,random_forest
338,2025-12-31,0.08613,Low,random_forest
339,2025-12-31,0.04209,Low,random_forest
340,2025-12-31,0.04666,Low,random_forest
341,2025-12-31,0.06112,Low,random_forest
343,2025-12-31,0.12482,Low,random_forest
346,2025-12-31,0.17535,Medium,random_forest
347,2025-12-31,0.17953,Medium,random_forest
349,2025-12-31,0.10675,Low,random_forest
350,2025-12-31,0.10294,Low,random_forest
351,2025-12-31,0.29023,High,random_forest
352,2025-12-31,0.09443,Low,random_forest
353,2025-12-31,0.13701,Low,random_forest
359,2025-12-31,0.191,Medium,random_forest
361,2025-12-31,0.03893,Low,random_forest
362,2025-12-31,0.13494,Low,random_forest
363,2025-12-31,0.08058,Low,random_forest
366,2025-12-31,0.22827,Medium,random_forest
367,2025-12-31,0.05191,Low,random_forest
369,2025-12-31,0.07117,Low,random_forest
372,2025-12-31,0.11845,Low,random_forest
373,2025-12-31,0.07525,Low,random_forest
374,2025-12-31,0.27415,Medium,random_forest
377,2025-12-31,0.08448,Low,random_forest
378,2025-12-31,0.04118,Low,random_forest
379,2025-12-31,0.14575,Low,random_forest
380,2025-12-31,0.0648,Low,random_forest
381,2025-12-31,0.06187,Low,random_forest
382,2025-12-31,0.11496,Low,random_forest
384,2025-12-31,0.05055,Low,random_forest
385,2025-12-31,0.11023,Low,random_forest
386,2025-12-31,0.08576,Low,random_forest
387,2025-12-31,0.09729,Low,random_forest
388,2025-12-31,0.15688,Low,random_forest
389,2025-12-31,0.09644,Low,random_forest
390,2025-12-31,0.20849,Medium,random_forest
391,2025-12-31,0.1349,Low,random_forest
393,2025-12-31,0.09012,Low,random_forest
395,2025-12-31,0.11662,Low,random_forest
396,2025-12-31,0.19943,Medium,random_forest
397,2025-12-31,0.09346,Low,random_forest
399,2025-12-31,0.32817,High,random_forest
403,2025-12-31,0.42955,High,random_forest
404,2025-12-31,0.13466,Low,random_forest
406,2025-12-31,0.10878,Low,random_forest
407,2025-12-31,0.19042,Medium,random_forest
408,2025-12-31,0.0333,Low,random_forest
410,2025-12-31,0.02208,Low,random_forest
411,2025-12-31,0.62357,High,random_forest
412,2025-12-31,0.16048,Low,random_forest
416,2025-12-31,0.07871,Low,random_forest
417,2025-12-31,0.04678,Low,random_forest
419,2025-12-31,0.06655,Low,random_forest
420,2025-12-31,0.0361,Low,random_forest
421,2025-12-31,0.05735,Low,random_forest
422,2025-12-31,0.07797,Low,random_forest
423,2025-12-31,0.14208,Low,random_forest
424,2025-12-31,0.27332,Medium,random_forest
425,2025-12-31,0.22171,Medium,random_forest
426,2025-12-31,0.32547,High,random_forest
428,2025-12-31,0.0814,Low,random_forest
429,2025-12-31,0.0867,Low,random_forest
430,2025-12-31,0.12685,Low,random_forest
431,2025-12-31,0.14453,Low,random_forest
434,2025-12-31,0.4763,High,random_forest
436,2025-12-31,0.17196,Low,random_forest
437,2025-12-31,0.21003,Medium,random_forest
438,2025-12-31,0.08845,Low,random_forest
439,2025-12-31,0.13119,Low,random_forest
441,2025-12-31,0.07501,Low,random_forest
442,2025-12-31,0.07873,Low,random_forest
444,2025-12-31,0.03899,Low,random_forest
446,2025-12-31,0.13951,Low,random_forest
447,2025-12-31,0.03324,Low,random_forest
448,2025-12-31,0.0855,Low,random_forest
449,2025-12-31,0.11835,Low,random_forest
450,2025-12-31,0.20085,Medium,random_forest
451,2025-12-31,0.0827,Low,random_forest
452,2025-12-31,0.03924,Low,random_forest
453,2025-12-31,0.16387,Low,random_forest
455,2025-12-31,0.19418,Medium,random_forest
456,2025-12-31,0.0419,Low,random_forest
458,2025-12-31,0.04167,Low,random_forest
460,2025-12-31,0.02087,Low,random_forest
461,2025-12-31,0.06467,Low,random_forest
462,2025-12-31,0.16533,Low,random_forest
463,2025-12-31,0.13221,Low,random_forest
464,2025-12-31,0.04987,Low,random_forest
465,2025-12-31,0.09703,Low,random_forest
466,2025-12-31,0.11343,Low,random_forest
467,2025-12-31,0.2873,High,random_forest
468,2025-12-31,0.10115,Low,random_forest
469,2025-12-31,0.07968,Low,random_forest
470,2025-12-31,0.23503,Medium,random_forest
471,2025-12-31,0.11809,Low,random_forest
473,2025-12-31,0.15508,Low,random_forest
474,2025-12-31,0.07051,Low,random_forest
475,2025-12-31,0.42295,High,random_forest
476,2025-12-31,0.05054,Low,random_forest
477,2025-12-31,0.12947,Low,random_forest
479,2025-12-31,0.13896,Low,random_forest
481,2025-12-31,0.20322,Medium,random_forest
482,2025-12-31,0.06231,Low,random_forest
483,2025-12-31,0.30487,High,random_forest
484,2025-12-31,0.31233,High,random_forest
486,2025-12-31,0.09578,Low,random_forest
487,2025-12-31,0.11765,Low,random_forest
491,2025-12-31,0.13235,Low,random_forest
493,2025-12-31,0.55641,High,random_forest
495,2025-12-31,0.21149,Medium,random_forest
496,2025-12-31,0.13992,Low,random_forest
497,2025-12-31,0.08871,Low,random_forest
498,2025-12-31,0.11548,Low,random_forest
499,2025-12-31,0.09066,Low,random_forest
500,2025-12-31,0.09427,Low,random_forest
501,2025-12-31,0.09169,Low,random_forest
505,2025-12-31,0.07375,Low,random_forest
507,2025-12-31,0.14709,Low,random_forest
508,2025-12-31,0.23614,Medium,random_forest
511,2025-12-31,0.18393,Medium,random_forest
513,2025-12-31,0.07411,Low,random_forest
515,2025-12-31,0.10883,Low,random_forest
516,2025-12-31,0.04782,Low,random_forest
517,2025-12-31,0.09347,Low,random_forest
518,2025-12-31,0.2695,Medium,random_forest
520,2025-12-31,0.05304,Low,random_forest
521,2025-12-31,0.10125,Low,random_forest
522,2025-12-31,0.10958,Low,random_forest
523,2025-12-31,0.03257,Low,random_forest
524,2025-12-31,0.09385,Low,random_forest
525,2025-12-31,0.11183,Low,random_forest
526,2025-12-31,0.06659,Low,random_forest
527,2025-12-31,0.22655,Medium,random_forest
529,2025-12-31,0.08515,Low,random_forest
530,2025-12-31,0.12137,Low,random_forest
531,2025-12-31,0.07491,Low,random_forest
532,2025-12-31,0.19671,Medium,random_forest
533,2025-12-31,0.15949,Low,random_forest
534,2025-12-31,0.07411,Low,random_forest
536,2025-12-31,0.10779,Low,random_forest
543,2025-12-31,0.11519,Low,random_forest
544,2025-12-31,0.16377,Low,random_forest
546,2025-12-31,0.03485,Low,random_forest
547,2025-12-31,0.15779,Low,random_forest
548,2025-12-31,0.03108,Low,random_forest
550,2025-12-31,0.06549,Low,random_forest
551,2025-12-31,0.09378,Low,random_forest
556,2025-12-31,0.46883,High,random_forest
558,2025-12-31,0.02467,Low,random_forest
560,2025-12-31,0.14257,Low,random_forest
562,2025-12-31,0.18452,Medium,random_forest
564,2025-12-31,0.05323,Low,random_forest
567,2025-12-31,0.26897,Medium,random_forest
568,2025-12-31,0.12761,Low,random_forest
569,2025-12-31,0.05877,Low,random_forest
571,2025-12-31,0.16915,Low,random_forest
573,2025-12-31,0.31713,High,random_forest
574,2025-12-31,0.08851,Low,random_forest
575,2025-12-31,0.05791,Low,random_forest
577,2025-12-31,0.12973,Low,random_forest
578,2025-12-31,0.13487,Low,random_forest
579,2025-12-31,0.04398,Low,random_forest
580,2025-12-31,0.17736,Medium,random_forest
581,2025-12-31,0.09806,Low,random_forest
585,2025-12-31,0.35147,High,random_forest
586,2025-12-31,0.16599,Low,random_forest
591,2025-12-31,0.14781,Low,random_forest
592,2025-12-31,0.23414,Medium,random_forest
595,2025-12-31,0.04748,Low,random_forest
597,2025-12-31,0.07362,Low,random_forest
599,2025-12-31,0.07971,Low,random_forest
600,2025-12-31,0.0955,Low,random_forest
601,2025-12-31,0.10125,Low,random_forest
602,2025-12-31,0.08876,Low,random_forest
604,2025-12-31,0.4027,High,random_forest
605,2025-12-31,0.1918,Medium,random_forest
606,2025-12-31,0.04123,Low,random_forest
611,2025-12-31,0.09834,Low,random_forest
612,2025-12-31,0.02782,Low,random_forest
613,2025-12-31,0.0522,Low,random_forest
615,2025-12-31,0.19788,Medium,random_forest
616,2025-12-31,0.15012,Low,random_forest
618,2025-12-31,0.35296,High,random_forest
620,2025-12-31,0.11843,Low,random_forest
621,2025-12-31,0.13031,Low,random_forest
623,2025-12-31,0.04384,Low,random_forest
624,2025-12-31,0.26048,Medium,random_forest
625,2025-12-31,0.02038,Low,random_forest
626,2025-12-31,0.08272,Low,random_forest
630,2025-12-31,0.07574,Low,random_forest
632,2025-12-31,0.21915,Medium,random_forest
634,2025-12-31,0.10054,Low,random_forest
635,2025-12-31,0.04628,Low,random_forest
638,2025-12-31,0.13807,Low,random_forest
639,2025-12-31,0.31979,High,random_forest
641,2025-12-31,0.10828,Low,random_forest
643,2025-12-31,0.36222,High,random_forest
644,2025-12-31,0.15103,Low,random_forest
645,2025-12-31,0.19631,Medium,random_forest
649,2025-12-31,0.17037,Low,random_forest
652,2025-12-31,0.20039,Medium,random_forest
653,2025-12-31,0.05274,Low,random_forest
655,2025-12-31,0.10909,Low,random_forest
656,2025-12-31,0.18132,Medium,random_forest
657,2025-12-31,0.32089,High,random_forest
659,2025-12-31,0.05206,Low,random_forest
661,2025-12-31,0.08304,Low,random_forest
662,2025-12-31,0.24138,Medium,random_forest
663,2025-12-31,0.08983,Low,random_forest
664,2025-12-31,0.0433,Low,random_forest
665,2025-12-31,0.14699,Low,random_forest
666,2025-12-31,0.33369,High,random_forest
669,2025-12-31,0.32845,High,random_forest
671,2025-12-31,0.08079,Low,random_forest
675,2025-12-31,0.21426,Medium,random_forest
677,2025-12-31,0.09538,Low,random_forest
679,2025-12-31,0.1362,Low,random_forest
680,2025-12-31,0.2997,High,random_forest
682,2025-12-31,0.14977,Low,random_forest
683,2025-12-31,0.05682,Low,random_forest
686,2025-12-31,0.35881,High,random_forest
689,2025-12-31,0.02912,Low,random_forest
690,2025-12-31,0.03816,Low,random_forest
691,2025-12-31,0.06762,Low,random_forest
692,2025-12-31,0.07308,Low,random_forest
699,2025-12-31,0.13186,Low,random_forest
700,2025-12-31,0.28094,Medium,random_forest
704,2025-12-31,0.22177,Medium,random_forest
705,2025-12-31,0.14937,Low,random_forest
707,2025-12-31,0.08392,Low,random_forest
709,2025-12-31,0.09419,Low,random_forest
710,2025-12-31,0.08731,Low,random_forest
712,2025-12-31,0.1368,Low,random_forest
714,2025-12-31,0.11005,Low,random_forest
715,2025-12-31,0.15366,Low,random_forest
716,2025-12-31,0.25892,Medium,random_forest
717,2025-12-31,0.06642,Low,random_forest
721,2025-12-31,0.0622,Low,random_forest
722,2025-12-31,0.14801,Low,random_forest
724,2025-12-31,0.05888,Low,random_forest
725,2025-12-31,0.13014,Low,random_forest
727,2025-12-31,0.05645,Low,random_forest
728,2025-12-31,0.14107,Low,random_forest
729,2025-12-31,0.13849,Low,random_forest
730,2025-12-31,0.02274,Low,random_forest
731,2025-12-31,0.04837,Low,random_forest
732,2025-12-31,0.33493,High,random_forest
733,2025-12-31,0.08991,Low,random_forest
734,2025-12-31,0.0231,Low,random_forest
738,2025-12-31,0.16168,Low,random_forest
742,2025-12-31,0.04331,Low,random_forest
743,2025-12-31,0.16618,Low,random_forest
744,2025-12-31,0.18966,Medium,random_forest
746,2025-12-31,0.19148,Medium,random_forest
747,2025-12-31,0.07631,Low,random_forest
749,2025-12-31,0.47215,High,random_forest
754,2025-12-31,0.09175,Low,random_forest
757,2025-12-31,0.04649,Low,random_forest
758,2025-12-31,0.14927,Low,random_forest
760,2025-12-31,0.08734,Low,random_forest
763,2025-12-31,0.33286,High,random_forest
764,2025-12-31,0.12991,Low,random_forest
766,2025-12-31,0.20424,Medium,random_forest
769,2025-12-31,0.14434,Low,random_forest
771,2025-12-31,0.11197,Low,random_forest
772,2025-12-31,0.15099,Low,random_forest
773,2025-12-31,0.30974,High,random_forest
775,2025-12-31,0.11761,Low,random_forest
776,2025-12-31,0.10878,Low,random_forest
781,2025-12-31,0.21896,Medium,random_forest
783,2025-12-31,0.15568,Low,random_forest
784,2025-12-31,0.3186,High,random_forest
786,2025-12-31,0.08249,Low,random_forest
789,2025-12-31,0.17865,Medium,random_forest
791,2025-12-31,0.06815,Low,random_forest
792,2025-12-31,0.3229,High,random_forest
793,2025-12-31,0.07212,Low,random_forest
797,2025-12-31,0.0752,Low,random_forest
799,2025-12-31,0.11233,Low,random_forest
800,2025-12-31,0.07235,Low,random_forest
802,2025-12-31,0.17875,Medium,random_forest
803,2025-12-31,0.15044,Low,random_forest
804,2025-12-31,0.19869,Medium,random_forest
805,2025-12-31,0.1211,Low,random_forest
806,2025-12-31,0.12215,Low,random_forest
807,2025-12-31,0.0514,Low,random_forest
808,2025-12-31,0.06176,Low,random_forest
809,2025-12-31,0.04243,Low,random_forest
812,2025-12-31,0.35205,High,random_forest
813,2025-12-31,0.07309,Low,random_forest
815,2025-12-31,0.02957,Low,random_forest
817,2025-12-31,0.06617,Low,random_forest
820,2025-12-31,0.06077,Low,random_forest
823,2025-12-31,0.01615,Low,random_forest
824,2025-12-31,0.08263,Low,random_forest
826,2025-12-31,0.11863,Low,random_forest
827,2025-12-31,0.05234,Low,random_forest
829,2025-12-31,0.13662,Low,random_forest
830,2025-12-31,0.02518,Low,random_forest
832,2025-12-31,0.33224,High,random_forest
833,2025-12-31,0.22618,Medium,random_forest
834,2025-12-31,0.23814,Medium,random_forest
836,2025-12-31,0.08468,Low,random_forest
837,2025-12-31,0.11261,Low,random_forest
838,2025-12-31,0.17594,Medium,random_forest
843,2025-12-31,0.06031,Low,random_forest
844,2025-12-31,0.0805,Low,random_forest
845,2025-12-31,0.08918,Low,random_forest
846,2025-12-31,0.21811,Medium,random_forest
847,2025-12-31,0.08383,Low,random_forest
850,2025-12-31,0.22072,Medium,random_forest
851,2025-12-31,0.04177,Low,random_forest
852,2025-12-31,0.0331,Low,random_forest
854,2025-12-31,0.30803,High,random_forest
855,2025-12-31,0.07964,Low,random_forest
856,2025-12-31,0.26688,Medium,random_forest
857,2025-12-31,0.12632,Low,random_forest
859,2025-12-31,0.09904,Low,random_forest
861,2025-12-31,0.11734,Low,random_forest
862,2025-12-31,0.19253,Medium,random_forest
864,2025-12-31,0.21835,Medium,random_forest
865,2025-12-31,0.0838,Low,random_forest
867,2025-12-31,0.12197,Low,random_forest
868,2025-12-31,0.1205,Low,random_forest
869,2025-12-31,0.09379,Low,random_forest
872,2025-12-31,0.18672,Medium,random_forest
874,2025-12-31,0.28694,High,random_forest
875,2025-12-31,0.41074,High,random_forest
878,2025-12-31,0.25147,Medium,random_forest
879,2025-12-31,0.19812,Medium,random_forest
880,2025-12-31,0.0671,Low,random_forest
882,2025-12-31,0.14677,Low,random_forest
885,2025-12-31,0.09238,Low,random_forest
887,2025-12-31,0.05594,Low,random_forest
888,2025-12-31,0.12348,Low,random_forest
889,2025-12-31,0.06972,Low,random_forest
893,2025-12-31,0.15391,Low,random_forest
894,2025-12-31,0.07337,Low,random_forest
895,2025-12-31,0.35662,High,random_forest
897,2025-12-31,0.17328,Low,random_forest
899,2025-12-31,0.14935,Low,random_forest
900,2025-12-31,0.15691,Low,random_forest
901,2025-12-31,0.04039,Low,random_forest
902,2025-12-31,0.03561,Low,random_forest
903,2025-12-31,0.08139,Low,random_forest
904,2025-12-31,0.38393,High,random_forest
905,2025-12-31,0.08853,Low,random_forest
909,2025-12-31,0.08262,Low,random_forest
910,2025-12-31,0.36041,High,random_forest
912,2025-12-31,0.21621,Medium,random_forest
913,2025-12-31,0.37998,High,random_forest
916,2025-12-31,0.22033,Medium,random_forest
920,2025-12-31,0.1515,Low,random_forest
924,2025-12-31,0.06591,Low,random_forest
925,2025-12-31,0.37618,High,random_forest
930,2025-12-31,0.1824,Medium,random_forest
933,2025-12-31,0.36835,High,random_forest
934,2025-12-31,0.21726,Medium,random_forest
936,2025-12-31,0.11379,Low,random_forest
939,2025-12-31,0.39999,High,random_forest
940,2025-12-31,0.084,Low,random_forest
941,2025-12-31,0.17552,Medium,random_forest
942,2025-12-31,0.20123,Medium,random_forest
944,2025-12-31,0.24619,Medium,random_forest
945,2025-12-31,0.1817,Medium,random_forest
947,2025-12-31,0.10749,Low,random_forest
949,2025-12-31,0.08324,Low,random_forest
950,2025-12-31,0.00955,Low,random_forest
951,2025-12-31,0.22652,Medium,random_forest
954,2025-12-31,0.27077,Medium,random_forest
956,2025-12-31,0.13606,Low,random_forest
957,2025-12-31,0.28079,Medium,random_forest
958,2025-12-31,0.17269,Low,random_forest
961,2025-12-31,0.12417,Low,random_forest
964,2025-12-31,0.2865,Medium,random_forest
966,2025-12-31,0.0303,Low,random_forest
969,2025-12-31,0.01623,Low,random_forest
972,2025-12-31,0.12343,Low,random_forest
974,2025-12-31,0.31648,High,random_forest
975,2025-12-31,0.08888,Low,random_forest
976,2025-12-31,0.01569,Low,random_forest
981,2025-12-31,0.01334,Low,random_forest
982,2025-12-31,0.1305,Low,random_forest
983,2025-12-31,0.3356,High,random_forest
984,2025-12-31,0.04196,Low,random_forest
985,2025-12-31,0.15651,Low,random_forest
987,2025-12-31,0.12956,Low,random_forest
990,2025-12-31,0.05524,Low,random_forest
992,2025-12-31,0.06375,Low,random_forest
995,2025-12-31,0.12288,Low,random_forest
996,2025-12-31,0.0714,Low,random_forest
997,2025-12-31,0.04001,Low,random_forest
998,2025-12-31,0.08063,Low,random_forest
999,2025-12-31,0.07991,Low,random_forest
1001,2025-12-31,0.18662,Medium,random_forest
1002,2025-12-31,0.13616,Low,random_forest
1003,2025-12-31,0.20574,Medium,random_forest
1005,2025-12-31,0.0756,Low,random_forest
1006,2025-12-31,0.1079,Low,random_forest
1007,2025-12-31,0.07761,Low,random_forest
1009,2025-12-31,0.15423,Low,random_forest
1011,2025-12-31,0.1198,Low,random_forest
1012,2025-12-31,0.43264,High,random_forest
1013,2025-12-31,0.13129,Low,random_forest
1014,2025-12-31,0.11529,Low,random_forest
1015,2025-12-31,0.11488,Low,random_forest
1018,2025-12-31,0.08928,Low,random_forest
1019,2025-12-31,0.15047,Low,random_forest
1022,2025-12-31,0.15763,Low,random_forest
1024,2025-12-31,0.06083,Low,random_forest
1025,2025-12-31,0.079,Low,random_forest
1026,2025-12-31,0.14373,Low,random_forest
1027,2025-12-31,0.07944,Low,random_forest
1028,2025-12-31,0.09415,Low,random_forest
1029,2025-12-31,0.05091,Low,random_forest
1030,2025-12-31,0.30188,High,random_forest
1034,2025-12-31,0.11869,Low,random_forest
1035,2025-12-31,0.12309,Low,random_forest
1036,2025-12-31,0.3479,High,random_forest
1039,2025-12-31,0.17424,Low,random_forest
1040,2025-12-31,0.0782,Low,random_forest
1043,2025-12-31,0.20027,Medium,random_forest
1044,2025-12-31,0.37277,High,random_forest
1045,2025-12-31,0.02937,Low,random_forest
1046,2025-12-31,0.18255,Medium,random_forest
1047,2025-12-31,0.18868,Medium,random_forest
1048,2025-12-31,0.14671,Low,random_forest
1049,2025-12-31,0.20295,Medium,random_forest
1050,2025-12-31,0.1811,Medium,random_forest
1055,2025-12-31,0.43033,High,random_forest
1056,2025-12-31,0.46772,High,random_forest
1060,2025-12-31,0.10338,Low,random_forest
1061,2025-12-31,0.15284,Low,random_forest
1062,2025-12-31,0.14302,Low,random_forest
1066,2025-12-31,0.10205,Low,random_forest
1068,2025-12-31,0.20969,Medium,random_forest
1069,2025-12-31,0.0603,Low,random_forest
1070,2025-12-31,0.16944,Low,random_forest
1071,2025-12-31,0.10609,Low,random_forest
1073,2025-12-31,0.09139,Low,random_forest
1074,2025-12-31,0.07366,Low,random_forest
1076,2025-12-31,0.16081,Low,random_forest
1080,2025-12-31,0.10989,Low,random_forest
1083,2025-12-31,0.12697,Low,random_forest
1084,2025-12-31,0.06643,Low,random_forest
1085,2025-12-31,0.06814,Low,random_forest
1088,2025-12-31,0.08529,Low,random_forest
1092,2025-12-31,0.10946,Low,random_forest
1094,2025-12-31,0.20873,Medium,random_forest
1096,2025-12-31,0.11831,Low,random_forest
1097,2025-12-31,0.08908,Low,random_forest
1099,2025-12-31,0.02774,Low,random_forest
1102,2025-12-31,0.26464,Medium,random_forest
1103,2025-12-31,0.11175,Low,random_forest
1105,2025-12-31,0.22509,Medium,random_forest
1109,2025-12-31,0.02507,Low,random_forest
1114,2025-12-31,0.0841,Low,random_forest
1115,2025-12-31,0.10564,Low,random_forest
1116,2025-12-31,0.06208,Low,random_forest
1117,2025-12-31,0.02134,Low,random_forest
1118,2025-12-31,0.12188,Low,random_forest
1119,2025-12-31,0.0976,Low,random_forest
1120,2025-12-31,0.07875,Low,random_forest
1121,2025-12-31,0.05431,Low,random_forest
1124,2025-12-31,0.04718,Low,random_forest
1125,2025-12-31,0.18388,Medium,random_forest
1126,2025-12-31,0.12593,Low,random_forest
1128,2025-12-31,0.12094,Low,random_forest
1131,2025-12-31,0.48918,High,random_forest
1132,2025-12-31,0.11819,Low,random_forest
1133,2025-12-31,0.06531,Low,random_forest
1135,2025-12-31,0.19657,Medium,random_forest
1136,2025-12-31,0.19731,Medium,random_forest
1137,2025-12-31,0.06772,Low,random_forest
1138,2025-12-31,0.14623,Low,random_forest
1140,2025-12-31,0.15151,Low,random_forest
1143,2025-12-31,0.09763,Low,random_forest
1148,2025-12-31,0.16286,Low,random_forest
1150,2025-12-31,0.1232,Low,random_forest
1152,2025-12-31,0.06856,Low,random_forest
1154,2025-12-31,0.38201,High,random_forest
1158,2025-12-31,0.22881,Medium,random_forest
1161,2025-12-31,0.02443,Low,random_forest
1162,2025-12-31,0.0621,Low,random_forest
1163,2025-12-31,0.11095,Low,random_forest
1164,2025-12-31,0.13877,Low,random_forest
1166,2025-12-31,0.06254,Low,random_forest
1171,2025-12-31,0.13542,Low,random_forest
1172,2025-12-31,0.07017,Low,random_forest
1173,2025-12-31,0.26953,Medium,random_forest
1177,2025-12-31,0.16307,Low,random_forest
1179,2025-12-31,0.06127,Low,random_forest
1180,2025-12-31,0.2104,Medium,random_forest
1182,2025-12-31,0.06139,Low,random_forest
1184,2025-12-31,0.08156,Low,random_forest
1185,2025-12-31,0.2299,Medium,random_forest
1190,2025-12-31,0.23707,Medium,random_forest
1191,2025-12-31,0.19124,Medium,random_forest
1192,2025-12-31,0.09038,Low,random_forest
1193,2025-12-31,0.50674,High,random_forest
1195,2025-12-31,0.19415,Medium,random_forest
1196,2025-12-31,0.01679,Low,random_forest
1198,2025-12-31,0.35636,High,random_forest
1201,2025-12-31,0.03208,Low,random_forest
1202,2025-12-31,0.3657,High,random_forest
1204,2025-12-31,0.06976,Low,random_forest
1206,2025-12-31,0.2686,Medium,random_forest
1207,2025-12-31,0.057,Low,random_forest
1211,2025-12-31,0.17579,Medium,random_forest
1212,2025-12-31,0.25196,Medium,random_forest
1215,2025-12-31,0.03592,Low,random_forest
1216,2025-12-31,0.08762,Low,random_forest
1217,2025-12-31,0.05969,Low,random_forest
1218,2025-12-31,0.21763,Medium,random_forest
1220,2025-12-31,0.0747,Low,random_forest
1221,2025-12-31,0.06578,Low,random_forest
1224,2025-12-31,0.07945,Low,random_forest
1225,2025-12-31,0.16534,Low,random_forest
1226,2025-12-31,0.41199,High,random_forest
1228,2025-12-31,0.0547,Low,random_forest
1231,2025-12-31,0.08,Low,random_forest
1233,2025-12-31,0.15433,Low,random_forest
1234,2025-12-31,0.2972,High,random_forest
1235,2025-12-31,0.15524,Low,random_forest
1237,2025-12-31,0.07628,Low,random_forest
1238,2025-12-31,0.0767,Low,random_forest
1239,2025-12-31,0.10206,Low,random_forest
1240,2025-12-31,0.20676,Medium,random_forest
1241,2025-12-31,0.18995,Medium,random_forest
1242,2025-12-31,0.2906,High,random_forest
1243,2025-12-31,0.20014,Medium,random_forest
1244,2025-12-31,0.41321,High,random_forest
1245,2025-12-31,0.11263,Low,random_forest
1246,2025-12-31,0.1412,Low,random_forest
1249,2025-12-31,0.1401,Low,random_forest
1250,2025-12-31,0.02169,Low,random_forest
1251,2025-12-31,0.18074,Medium,random_forest
1252,2025-12-31,0.16586,Low,random_forest
1254,2025-12-31,0.16634,Low,random_forest
1255,2025-12-31,0.101,Low,random_forest
1256,2025-12-31,0.08661,Low,random_forest
1257,2025-12-31,0.10503,Low,random_forest
1258,2025-12-31,0.23406,Medium,random_forest
1259,2025-12-31,0.11633,Low,random_forest
1260,2025-12-31,0.0766,Low,random_forest
1263,2025-12-31,0.06059,Low,random_forest
1264,2025-12-31,0.03009,Low,random_forest
1265,2025-12-31,0.31589,High,random_forest
1267,2025-12-31,0.04166,Low,random_forest
1268,2025-12-31,0.1054,Low,random_forest
1269,2025-12-31,0.53829,High,random_forest
1270,2025-12-31,0.23874,Medium,random_forest
1275,2025-12-31,0.35059,High,random_forest
1278,2025-12-31,0.2181,Medium,random_forest
1280,2025-12-31,0.02211,Low,random_forest
1281,2025-12-31,0.28689,High,random_forest
1282,2025-12-31,0.13623,Low,random_forest
1283,2025-12-31,0.17778,Medium,random_forest
1285,2025-12-31,0.07501,Low,random_forest
1286,2025-12-31,0.58379,High,random_forest
1288,2025-12-31,0.03606,Low,random_forest
1289,2025-12-31,0.09956,Low,random_forest
1291,2025-12-31,0.25838,Medium,random_forest
1292,2025-12-31,0.29379,High,random_forest
1293,2025-12-31,0.17738,Medium,random_forest
1294,2025-12-31,0.10408,Low,random_forest
1296,2025-12-31,0.45674,High,random_forest
1297,2025-12-31,0.14154,Low,random_forest
1298,2025-12-31,0.1308,Low,random_forest
1301,2025-12-31,0.27224,Medium,random_forest
1303,2025-12-31,0.27426,Medium,random_forest
1304,2025-12-31,0.06848,Low,random_forest
1306,2025-12-31,0.1396,Low,random_forest
1307,2025-12-31,0.05222,Low,random_forest
1308,2025-12-31,0.19291,Medium,random_forest
1311,2025-12-31,0.07881,Low,random_forest
1312,2025-12-31,0.05781,Low,random_forest
1314,2025-12-31,0.11364,Low,random_forest
1315,2025-12-31,0.08308,Low,random_forest
1317,2025-12-31,0.13332,Low,random_forest
1321,2025-12-31,0.19237,Medium,random_forest
1322,2025-12-31,0.1064,Low,random_forest
1324,2025-12-31,0.16272,Low,random_forest
1329,2025-12-31,0.09601,Low,random_forest
1334,2025-12-31,0.09375,Low,random_forest
1336,2025-12-31,0.04457,Low,random_forest
1338,2025-12-31,0.07329,Low,random_forest
1340,2025-12-31,0.0666,Low,random_forest
1344,2025-12-31,0.0801,Low,random_forest
1346,2025-12-31,0.07152,Low,random_forest
1349,2025-12-31,0.06345,Low,random_forest
1350,2025-12-31,0.20861,Medium,random_forest
1352,2025-12-31,0.10473,Low,random_forest
1355,2025-12-31,0.09702,Low,random_forest
1356,2025-12-31,0.14799,Low,random_forest
1358,2025-12-31,0.16599,Low,random_forest
1361,2025-12-31,0.098,Low,random_forest
1362,2025-12-31,0.06249,Low,random_forest
1363,2025-12-31,0.08003,Low,random_forest
1364,2025-12-31,0.23021,Medium,random_forest
1367,2025-12-31,0.11525,Low,random_forest
1368,2025-12-31,0.46869,High,random_forest
1369,2025-12-31,0.05947,Low,random_forest
1371,2025-12-31,0.11031,Low,random_forest
1373,2025-12-31,0.17611,Medium,random_forest
1374,2025-12-31,0.13694,Low,random_forest
1375,2025-12-31,0.02545,Low,random_forest
1377,2025-12-31,0.08176,Low,random_forest
1382,2025-12-31,0.12542,Low,random_forest
1383,2025-12-31,0.04086,Low,random_forest
1387,2025-12-31,0.08639,Low,random_forest
1390,2025-12-31,0.2757,Medium,random_forest
1391,2025-12-31,0.28043,Medium,random_forest
1392,2025-12-31,0.07067,Low,random_forest
1394,2025-12-31,0.21436,Medium,random_forest
1395,2025-12-31,0.17078,Low,random_forest
1396,2025-12-31,0.17975,Medium,random_forest
1397,2025-12-31,0.07016,Low,random_forest
1399,2025-12-31,0.25911,Medium,random_forest
1401,2025-12-31,0.12377,Low,random_forest
1402,2025-12-31,0.21802,Medium,random_forest
1403,2025-12-31,0.29051,High,random_forest
1407,2025-12-31,0.19561,Medium,random_forest
1408,2025-12-31,0.00905,Low,random_forest
1409,2025-12-31,0.212,Medium,random_forest
1411,2025-12-31,0.21058,Medium,random_forest
1412,2025-12-31,0.13174,Low,random_forest
1415,2025-12-31,0.18656,Medium,random_forest
1417,2025-12-31,0.21866,Medium,random_forest
1419,2025-12-31,0.24624,Medium,random_forest
1422,2025-12-31,0.02911,Low,random_forest
1423,2025-12-31,0.1969,Medium,random_forest
1424,2025-12-31,0.03217,Low,random_forest
1425,2025-12-31,0.45393,High,random_forest
1428,2025-12-31,0.06694,Low,random_forest
1430,2025-12-31,0.14611,Low,random_forest
1431,2025-12-31,0.08945,Low,random_forest
1434,2025-12-31,0.20369,Medium,random_forest
1435,2025-12-31,0.13421,Low,random_forest
1436,2025-12-31,0.08431,Low,random_forest
1438,2025-12-31,0.08758,Low,random_forest
1440,2025-12-31,0.13377,Low,random_forest
1441,2025-12-31,0.19969,Medium,random_forest
1443,2025-12-31,0.03506,Low,random_forest
1445,2025-12-31,0.12969,Low,random_forest
1446,2025-12-31,0.0987,Low,random_forest
1447,2025-12-31,0.05051,Low,random_forest
1448,2025-12-31,0.36927,High,random_forest
1449,2025-12-31,0.05095,Low,random_forest
1453,2025-12-31,0.16981,Low,random_forest
1460,2025-12-31,0.11551,Low,random_forest
1461,2025-12-31,0.24706,Medium,random_forest
1465,2025-12-31,0.16161,Low,random_forest
1466,2025-12-31,0.08305,Low,random_forest
1468,2025-12-31,0.03148,Low,random_forest
1469,2025-12-31,0.25667,Medium,random_forest
1471,2025-12-31,0.1068,Low,random_forest
1472,2025-12-31,0.03247,Low,random_forest
1473,2025-12-31,0.04207,Low,random_forest
1474,2025-12-31,0.09428,Low,random_forest
1475,2025-12-31,0.15187,Low,random_forest
1477,2025-12-31,0.08746,Low,random_forest
1478,2025-12-31,0.12086,Low,random_forest
1479,2025-12-31,0.16617,Low,random_forest
1480,2025-12-31,0.1449,Low,random_forest
1481,2025-12-31,0.30064,High,random_forest
1482,2025-12-31,0.23905,Medium,random_forest
1483,2025-12-31,0.15332,Low,random_forest
1484,2025-12-31,0.05327,Low,random_forest
1485,2025-12-31,0.05278,Low,random_forest
1492,2025-12-31,0.22226,Medium,random_forest
1495,2025-12-31,0.42439,High,random_forest
1496,2025-12-31,0.25315,Medium,random_forest
1497,2025-12-31,0.07834,Low,random_forest
1499,2025-12-31,0.17451,Medium,random_forest
1501,2025-12-31,0.13898,Low,random_forest
1502,2025-12-31,0.23407,Medium,random_forest
1503,2025-12-31,0.19133,Medium,random_forest
1506,2025-12-31,0.32724,High,random_forest
1507,2025-12-31,0.27829,Medium,random_forest
1509,2025-12-31,0.11203,Low,random_forest
1513,2025-12-31,0.13643,Low,random_forest
1514,2025-12-31,0.07415,Low,random_forest
1515,2025-12-31,0.29927,High,random_forest
1516,2025-12-31,0.08286,Low,random_forest
1520,2025-12-31,0.02716,Low,random_forest
1523,2025-12-31,0.04922,Low,random_forest
1525,2025-12-31,0.07048,Low,random_forest
1527,2025-12-31,0.01152,Low,random_forest
1529,2025-12-31,0.12251,Low,random_forest
1533,2025-12-31,0.2523,Medium,random_forest
1535,2025-12-31,0.16813,Low,random_forest
1539,2025-12-31,0.17921,Medium,random_forest
1541,2025-12-31,0.31574,High,random_forest
1542,2025-12-31,0.13799,Low,random_forest
1543,2025-12-31,0.10434,Low,random_forest
1544,2025-12-31,0.06599,Low,random_forest
1545,2025-12-31,0.09771,Low,random_forest
1546,2025-12-31,0.0525,Low,random_forest
1547,2025-12-31,0.06868,Low,random_forest
1548,2025-12-31,0.16464,Low,random_forest
1549,2025-12-31,0.15207,Low,random_forest
1550,2025-12-31,0.08378,Low,random_forest
1551,2025-12-31,0.31724,High,random_forest
1552,2025-12-31,0.18077,Medium,random_forest
1553,2025-12-31,0.11361,Low,random_forest
1554,2025-12-31,0.12305,Low,random_forest
1555,2025-12-31,0.08042,Low,random_forest
1556,2025-12-31,0.37847,High,random_forest
1557,2025-12-31,0.089,Low,random_forest
1558,2025-12-31,0.29088,High,random_forest
1560,2025-12-31,0.25259,Medium,random_forest
1563,2025-12-31,0.11905,Low,random_forest
1564,2025-12-31,0.23628,Medium,random_forest
1568,2025-12-31,0.19926,Medium,random_forest
1574,2025-12-31,0.11297,Low,random_forest
1576,2025-12-31,0.17332,Low,random_forest
1577,2025-12-31,0.26255,Medium,random_forest
1578,2025-12-31,0.23566,Medium,random_forest
1580,2025-12-31,0.11907,Low,random_forest
1581,2025-12-31,0.30586,High,random_forest
1582,2025-12-31,0.14148,Low,random_forest
1583,2025-12-31,0.24104,Medium,random_forest
1585,2025-12-31,0.1902,Medium,random_forest
1586,2025-12-31,0.35179,High,random_forest
1587,2025-12-31,0.15753,Low,random_forest
1588,2025-12-31,0.04386,Low,random_forest
1590,2025-12-31,0.10575,Low,random_forest
1591,2025-12-31,0.11591,Low,random_forest
1592,2025-12-31,0.13252,Low,random_forest
1594,2025-12-31,0.22425,Medium,random_forest
1595,2025-12-31,0.062,Low,random_forest
1596,2025-12-31,0.07182,Low,random_forest
1597,2025-12-31,0.05017,Low,random_forest
1598,2025-12-31,0.08962,Low,random_forest
1599,2025-12-31,0.11569,Low,random_forest
1601,2025-12-31,0.14363,Low,random_forest
1602,2025-12-31,0.06065,Low,random_forest
1605,2025-12-31,0.38127,High,random_forest
1606,2025-12-31,0.15702,Low,random_forest
1607,2025-12-31,0.04825,Low,random_forest
1608,2025-12-31,0.07894,Low,random_forest
1609,2025-12-31,0.10574,Low,random_forest
1611,2025-12-31,0.16964,Low,random_forest
1612,2025-12-31,0.12456,Low,random_forest
1613,2025-12-31,0.20629,Medium,random_forest
1614,2025-12-31,0.1329,Low,random_forest
1615,2025-12-31,0.04051,Low,random_forest
1617,2025-12-31,0.08792,Low,random_forest
1618,2025-12-31,0.0596,Low,random_forest
1619,2025-12-31,0.14218,Low,random_forest
1621,2025-12-31,0.2036,Medium,random_forest
1622,2025-12-31,0.06812,Low,random_forest
1623,2025-12-31,0.21123,Medium,random_forest
1625,2025-12-31,0.07539,Low,random_forest
1627,2025-12-31,0.03498,Low,random_forest
1628,2025-12-31,0.1624,Low,random_forest
1630,2025-12-31,0.03833,Low,random_forest
1631,2025-12-31,0.0598,Low,random_forest
1633,2025-12-31,0.15613,Low,random_forest
1635,2025-12-31,0.037,Low,random_forest
1638,2025-12-31,0.05156,Low,random_forest
1640,2025-12-31,0.13067,Low,random_forest
1641,2025-12-31,0.09832,Low,random_forest
1642,2025-12-31,0.21127,Medium,random_forest
1644,2025-12-31,0.02965,Low,random_forest
1646,2025-12-31,0.45494,High,random_forest
1647,2025-12-31,0.11623,Low,random_forest
1648,2025-12-31,0.21231,Medium,random_forest
1650,2025-12-31,0.13781,Low,random_forest
1651,2025-12-31,0.05408,Low,random_forest
1653,2025-12-31,0.04802,Low,random_forest
1654,2025-12-31,0.06105,Low,random_forest
1655,2025-12-31,0.05154,Low,random_forest
1656,2025-12-31,0.06023,Low,random_forest
1657,2025-12-31,0.48721,High,random_forest
1658,2025-12-31,0.05058,Low,random_forest
1659,2025-12-31,0.32061,High,random_forest
1661,2025-12-31,0.07737,Low,random_forest
1662,2025-12-31,0.05727,Low,random_forest
1664,2025-12-31,0.02277,Low,random_forest
1665,2025-12-31,0.05532,Low,random_forest
1666,2025-12-31,0.0516,Low,random_forest
1668,2025-12-31,0.06377,Low,random_forest
1669,2025-12-31,0.1198,Low,random_forest
1670,2025-12-31,0.02808,Low,random_forest
1671,2025-12-31,0.08668,Low,random_forest
1673,2025-12-31,0.06029,Low,random_forest
1674,2025-12-31,0.31976,High,random_forest
1675,2025-12-31,0.25424,Medium,random_forest
1676,2025-12-31,0.03396,Low,random_forest
1677,2025-12-31,0.02065,Low,random_forest
1678,2025-12-31,0.40153,High,random_forest
1680,2025-12-31,0.4946,High,random_forest
1681,2025-12-31,0.14304,Low,random_forest
1682,2025-12-31,0.0997,Low,random_forest
1683,2025-12-31,0.20222,Medium,random_forest
1687,2025-12-31,0.10429,Low,random_forest
1689,2025-12-31,0.08337,Low,random_forest
1693,2025-12-31,0.13773,Low,random_forest
1694,2025-12-31,0.13903,Low,random_forest
1696,2025-12-31,0.04831,Low,random_forest
1697,2025-12-31,0.14154,Low,random_forest
1698,2025-12-31,0.16356,Low,random_forest
1700,2025-12-31,0.13061,Low,random_forest
1701,2025-12-31,0.10074,Low,random_forest
1703,2025-12-31,0.04812,Low,random_forest
1704,2025-12-31,0.30958,High,random_forest
1706,2025-12-31,0.06157,Low,random_forest
1707,2025-12-31,0.09638,Low,random_forest
1708,2025-12-31,0.1325,Low,random_forest
1709,2025-12-31,0.05411,Low,random_forest
1710,2025-12-31,0.15682,Low,random_forest
1712,2025-12-31,0.0985,Low,random_forest
1718,2025-12-31,0.18597,Medium,random_forest
1719,2025-12-31,0.05906,Low,random_forest
1720,2025-12-31,0.12379,Low,random_forest
1721,2025-12-31,0.08969,Low,random_forest
1722,2025-12-31,0.0681,Low,random_forest
1724,2025-12-31,0.14496,Low,random_forest
1725,2025-12-31,0.1836,Medium,random_forest
1727,2025-12-31,0.0689,Low,random_forest
1728,2025-12-31,0.04671,Low,random_forest
1729,2025-12-31,0.05315,Low,random_forest
1731,2025-12-31,0.15036,Low,random_forest
1732,2025-12-31,0.29943,High,random_forest
1735,2025-12-31,0.27718,Medium,random_forest
1736,2025-12-31,0.12064,Low,random_forest
1737,2025-12-31,0.08698,Low,random_forest
1739,2025-12-31,0.18901,Medium,random_forest
1740,2025-12-31,0.10661,Low,random_forest
1744,2025-12-31,0.20925,Medium,random_forest
1745,2025-12-31,0.27669,Medium,random_forest
1746,2025-12-31,0.42503,High,random_forest
1749,2025-12-31,0.09061,Low,random_forest
1751,2025-12-31,0.13493,Low,random_forest
1753,2025-12-31,0.23246,Medium,random_forest
1754,2025-12-31,0.1527,Low,random_forest
1755,2025-12-31,0.13438,Low,random_forest
1756,2025-12-31,0.12033,Low,random_forest
1757,2025-12-31,0.11842,Low,random_forest
1760,2025-12-31,0.11643,Low,random_forest
1762,2025-12-31,0.20551,Medium,random_forest
1763,2025-12-31,0.01962,Low,random_forest
1764,2025-12-31,0.17557,Medium,random_forest
1766,2025-12-31,0.24259,Medium,random_forest
1768,2025-12-31,0.0846,Low,random_forest
1770,2025-12-31,0.09395,Low,random_forest
1771,2025-12-31,0.03146,Low,random_forest
1772,2025-12-31,0.13427,Low,random_forest
1774,2025-12-31,0.08493,Low,random_forest
1775,2025-12-31,0.19672,Medium,random_forest
1778,2025-12-31,0.06209,Low,random_forest
1779,2025-12-31,0.11341,Low,random_forest
1782,2025-12-31,0.04936,Low,random_forest
1784,2025-12-31,0.09977,Low,random_forest
1786,2025-12-31,0.07504,Low,random_forest
1787,2025-12-31,0.0549,Low,random_forest
1789,2025-12-31,0.07261,Low,random_forest
1790,2025-12-31,0.0445,Low,random_forest
1794,2025-12-31,0.06242,Low,random_forest
1798,2025-12-31,0.08844,Low,random_forest
1799,2025-12-31,0.13543,Low,random_forest
1800,2025-12-31,0.07831,Low,random_forest
1801,2025-12-31,0.2424,Medium,random_forest
1802,2025-12-31,0.06535,Low,random_forest
1803,2025-12-31,0.13015,Low,random_forest
1804,2025-12-31,0.00403,Low,random_forest
1805,2025-12-31,0.13219,Low,random_forest
1812,2025-12-31,0.17396,Low,random_forest
1813,2025-12-31,0.29601,High,random_forest
1814,2025-12-31,0.1042,Low,random_forest
1815,2025-12-31,0.1338,Low,random_forest
1816,2025-12-31,0.12222,Low,random_forest
1822,2025-12-31,0.00245,Low,random_forest
1823,2025-12-31,0.07224,Low,random_forest
1824,2025-12-31,0.03205,Low,random_forest
1826,2025-12-31,0.06989,Low,random_forest
1827,2025-12-31,0.09409,Low,random_forest
1829,2025-12-31,0.03688,Low,random_forest
1830,2025-12-31,0.11918,Low,random_forest
1833,2025-12-31,0.20529,Medium,random_forest
1834,2025-12-31,0.12183,Low,random_forest
1835,2025-12-31,0.13584,Low,random_forest
1836,2025-12-31,0.17137,Low,random_forest
1837,2025-12-31,0.19358,Medium,random_forest
1839,2025-12-31,0.43882,High,random_forest
1845,2025-12-31,0.04799,Low,random_forest
1847,2025-12-31,0.15197,Low,random_forest
1849,2025-12-31,0.06532,Low,random_forest
1850,2025-12-31,0.5,High,random_forest
1852,2025-12-31,0.14494,Low,random_forest
1853,2025-12-31,0.34237,High,random_forest
1854,2025-12-31,0.03204,Low,random_forest
1856,2025-12-31,0.16739,Low,random_forest
1857,2025-12-31,0.07925,Low,random_forest
1858,2025-12-31,0.18925,Medium,random_forest
1859,2025-12-31,0.06417,Low,random_forest
1860,2025-12-31,0.18432,Medium,random_forest
1863,2025-12-31,0.1833,Medium,random_forest
1864,2025-12-31,0.14134,Low,random_forest
1865,2025-12-31,0.42015,High,random_forest
1866,2025-12-31,0.08794,Low,random_forest
1867,2025-12-31,0.30782,High,random_forest
1870,2025-12-31,0.12542,Low,random_forest
1871,2025-12-31,0.10433,Low,random_forest
1873,2025-12-31,0.07922,Low,random_forest
1875,2025-12-31,0.27659,Medium,random_forest
1880,2025-12-31,0.14637,Low,random_forest
1881,2025-12-31,0.0619,Low,random_forest
1882,2025-12-31,0.11724,Low,random_forest
1883,2025-12-31,0.32853,High,random_forest
1885,2025-12-31,0.08793,Low,random_forest
1886,2025-12-31,0.20238,Medium,random_forest
1888,2025-12-31,0.04826,Low,random_forest
1890,2025-12-31,0.08338,Low,random_forest
1892,2025-12-31,0.04568,Low,random_forest
1893,2025-12-31,0.34775,High,random_forest
1898,2025-12-31,0.19015,Medium,random_forest
1900,2025-12-31,0.04469,Low,random_forest
1903,2025-12-31,0.05742,Low,random_forest
1908,2025-12-31,0.10905,Low,random_forest
1909,2025-12-31,0.02887,Low,random_forest
1911,2025-12-31,0.01526,Low,random_forest
1912,2025-12-31,0.11601,Low,random_forest
1915,2025-12-31,0.20545,Medium,random_forest
1916,2025-12-31,0.17125,Low,random_forest
1918,2025-12-31,0.14125,Low,random_forest
1922,2025-12-31,0.07498,Low,random_forest
1924,2025-12-31,0.12448,Low,random_forest
1927,2025-12-31,0.16869,Low,random_forest
1929,2025-12-31,0.10503,Low,random_forest
1931,2025-12-31,0.12781,Low,random_forest
1932,2025-12-31,0.1669,Low,random_forest
1934,2025-12-31,0.09118,Low,random_forest
1935,2025-12-31,0.13921,Low,random_forest
1936,2025-12-31,0.05357,Low,random_forest
1937,2025-12-31,0.21357,Medium,random_forest
1938,2025-12-31,0.10656,Low,random_forest
1940,2025-12-31,0.0704,Low,random_forest
1941,2025-12-31,0.07972,Low,random_forest
1943,2025-12-31,0.25005,Medium,random_forest
1945,2025-12-31,0.11289,Low,random_forest
1947,2025-12-31,0.1918,Medium,random_forest
1948,2025-12-31,0.18614,Medium,random_forest
1949,2025-12-31,0.15941,Low,random_forest
1950,2025-12-31,0.26401,Medium,random_forest
1951,2025-12-31,0.10244,Low,random_forest
1952,2025-12-31,0.21786,Medium,random_forest
1954,2025-12-31,0.03486,Low,random_forest
1955,2025-12-31,0.0311,Low,random_forest
1956,2025-12-31,0.20076,Medium,random_forest
1961,2025-12-31,0.43025,High,random_forest
1962,2025-12-31,0.20481,Medium,random_forest
1965,2025-12-31,0.07392,Low,random_forest
1966,2025-12-31,0.13613,Low,random_forest
1969,2025-12-31,0.12429,Low,random_forest
1970,2025-12-31,0.02033,Low,random_forest
1971,2025-12-31,0.12618,Low,random_forest
1972,2025-12-31,0.29063,High,random_forest
1973,2025-12-31,0.14108,Low,random_forest
1974,2025-12-31,0.4708,High,random_forest
1975,2025-12-31,0.2808,Medium,random_forest
1976,2025-12-31,0.08284,Low,random_forest
1979,2025-12-31,0.04769,Low,random_forest
1980,2025-12-31,0.11852,Low,random_forest
1981,2025-12-31,0.18002,Medium,random_forest
1982,2025-12-31,0.17905,Medium,random_forest
1985,2025-12-31,0.07598,Low,random_forest
1986,2025-12-31,0.01137,Low,random_forest
1987,2025-12-31,0.32103,High,random_forest
1989,2025-12-31,0.12654,Low,random_forest
1992,2025-12-31,0.34666,High,random_forest
1993,2025-12-31,0.15796,Low,random_forest
1994,2025-12-31,0.19632,Medium,random_forest
1995,2025-12-31,0.05031,Low,random_forest
1996,2025-12-31,0.26995,Medium,random_forest
1997,2025-12-31,0.07041,Low,random_forest
1998,2025-12-31,0.13374,Low,random_forest
1999,2025-12-31,0.04843,Low,random_forest
2000,2025-12-31,0.07963,Low,random_forest
2003,2025-12-31,0.23078,Medium,random_forest
2007,2025-12-31,0.16853,Low,random_forest
2008,2025-12-31,0.12042,Low,random_forest
2009,2025-12-31,0.0989,Low,random_forest
2010,2025-12-31,0.17814,Medium,random_forest
2012,2025-12-31,0.1979,Medium,random_forest
2013,2025-12-31,0.15472,Low,random_forest
2014,2025-12-31,0.11053,Low,random_forest
2015,2025-12-31,0.01922,Low,random_forest
2016,2025-12-31,0.1823,Medium,random_forest
2017,2025-12-31,0.02765,Low,random_forest
2018,2025-12-31,0.1529,Low,random_forest
2019,2025-12-31,0.18459,Medium,random_forest
2020,2025-12-31,0.4073,High,random_forest
2021,2025-12-31,0.59013,High,random_forest
2022,2025-12-31,0.04496,Low,random_forest
2024,2025-12-31,0.10139,Low,random_forest
2025,2025-12-31,0.07469,Low,random_forest
2026,2025-12-31,0.04151,Low,random_forest
2031,2025-12-31,0.09276,Low,random_forest
2034,2025-12-31,0.12194,Low,random_forest
2035,2025-12-31,0.11775,Low,random_forest
2036,2025-12-31,0.10747,Low,random_forest
2037,2025-12-31,0.06106,Low,random_forest
2038,2025-12-31,0.24199,Medium,random_forest
2040,2025-12-31,0.23875,Medium,random_forest
2041,2025-12-31,0.0922,Low,random_forest
2045,2025-12-31,0.08618,Low,random_forest
2046,2025-12-31,0.11685,Low,random_forest
2048,2025-12-31,0.13285,Low,random_forest
2049,2025-12-31,0.12494,Low,random_forest
2051,2025-12-31,0.09731,Low,random_forest
2052,2025-12-31,0.03947,Low,random_forest
2053,2025-12-31,0.13885,Low,random_forest
2054,2025-12-31,0.33727,High,random_forest
2056,2025-12-31,0.21975,Medium,random_forest
2057,2025-12-31,0.15035,Low,random_forest
2060,2025-12-31,0.27226,Medium,random_forest
2061,2025-12-31,0.08125,Low,random_forest
2062,2025-12-31,0.0404,Low,random_forest
2064,2025-12-31,0.09968,Low,random_forest
2065,2025-12-31,0.14578,Low,random_forest
2068,2025-12-31,0.12634,Low,random_forest
131,2025-12-31,0.36727,High,random_forest
549,2025-12-31,0.24665,Medium,random_forest
698,2025-12-31,0.24625,Medium,random_forest
762,2025-12-31,0.22675,Medium,random_forest
1032,2025-12-31,0.17267,Low,random_forest
